557052 22:34:51.743887 --- Starting bitbake server pid 557052 at 2025-04-29 22:34:51.743871 ---
557052 22:34:51.744531 Started bitbake server pid 557052
557052 22:34:51.744652 Entering server connection loop
557052 22:34:51.745081 Accepting [<socket.socket fd=6, family=AddressFamily.AF_UNIX, type=SocketKind.SOCK_STREAM, proto=0, laddr=bitbake.sock>] ([])
557052 22:34:51.746057 Processing Client
557052 22:34:51.746114 Connecting Client
557052 22:34:51.746280 Running command ['setFeatures', [2, 1]]
557052 22:34:51.746378 Command Completed
557052 22:34:51.746988 Running command ['updateConfig', {'halt': True, 'force': False, 'invalidate_stamp': None, 'dry_run': False, 'dump_signatures': [], 'extra_assume_provided': [], 'profile': False, 'prefile': [], 'postfile': [], 'server_timeout': None, 'nosetscene': False, 'setsceneonly': False, 'skipsetscene': False, 'runall': None, 'runonly': None, 'writeeventlog': None, 'build_verbose_shell': False, 'build_verbose_stdout': False, 'default_loglevel': 20, 'debug_domains': {}}, {'SHELL': '/bin/bash', 'BB_ENV_PASSTHROUGH_ADDITIONS': 'ALL_PROXY BBPATH_EXTRA BB_LOGCONFIG BB_NO_NETWORK BB_NUMBER_THREADS BB_SETSCENE_ENFORCE BB_SRCREV_POLICY DISTRO FTPS_PROXY FTP_PROXY GIT_PROXY_COMMAND HTTPS_PROXY HTTP_PROXY MACHINE NO_PROXY PARALLEL_MAKE SCREENDIR SDKMACHINE SOCKS5_PASSWD SOCKS5_USER SSH_AGENT_PID SSH_AUTH_SOCK STAMPS_DIR TCLIBC TCMODE all_proxy ftp_proxy ftps_proxy http_proxy https_proxy no_proxy ', 'SSH_AUTH_SOCK': '/run/user/1000/keyring/ssh', 'PWD': '/home/vbharath/aesd_final_project/build', 'LOGNAME': 'vbharath', 'HOME': '/home/vbharath', 'BBPATH': '/home/vbharath/aesd_final_project/build', 'USER': 'vbharath', 'PATH': '/home/vbharath/aesd_final_project/poky/scripts:/home/vbharath/aesd_final_project/poky/bitbake/bin:/usr/local/sbin:/usr/local/bin:/usr/sbin:/usr/bin:/sbin:/bin:/usr/games:/usr/local/games:/snap/bin:/snap/bin', 'LC_ALL': 'en_US.UTF-8', 'SESSION_MANAGER': 'local/ubuntu:@/tmp/.ICE-unix/1868,unix/ubuntu:/tmp/.ICE-unix/1868', 'QT_ACCESSIBILITY': '1', 'COLORTERM': 'truecolor', 'XDG_CONFIG_DIRS': '/etc/xdg/xdg-ubuntu:/etc/xdg', 'SSH_AGENT_LAUNCHER': 'gnome-keyring', 'XDG_MENU_PREFIX': 'gnome-', 'GNOME_DESKTOP_SESSION_ID': 'this-is-deprecated', 'GNOME_SHELL_SESSION_MODE': 'ubuntu', 'XMODIFIERS': '@im=ibus', 'DESKTOP_SESSION': 'ubuntu', 'GTK_MODULES': 'gail:atk-bridge', 'DBUS_STARTER_BUS_TYPE': 'session', 'XDG_SESSION_DESKTOP': 'ubuntu', 'XDG_SESSION_TYPE': 'wayland', 'SYSTEMD_EXEC_PID': '1868', 'XAUTHORITY': '/run/user/1000/.mutter-Xwaylandauth.XP1D52', 'USERNAME': 'vbharath', 'IM_CONFIG_PHASE': '1', 'LANG': 'en_US.UTF-8', 'LS_COLORS': 'rs=0:di=01;34:ln=01;36:mh=00:pi=40;33:so=01;35:do=01;35:bd=40;33;01:cd=40;33;01:or=40;31;01:mi=00:su=37;41:sg=30;43:ca=30;41:tw=30;42:ow=34;42:st=37;44:ex=01;32:*.tar=01;31:*.tgz=01;31:*.arc=01;31:*.arj=01;31:*.taz=01;31:*.lha=01;31:*.lz4=01;31:*.lzh=01;31:*.lzma=01;31:*.tlz=01;31:*.txz=01;31:*.tzo=01;31:*.t7z=01;31:*.zip=01;31:*.z=01;31:*.dz=01;31:*.gz=01;31:*.lrz=01;31:*.lz=01;31:*.lzo=01;31:*.xz=01;31:*.zst=01;31:*.tzst=01;31:*.bz2=01;31:*.bz=01;31:*.tbz=01;31:*.tbz2=01;31:*.tz=01;31:*.deb=01;31:*.rpm=01;31:*.jar=01;31:*.war=01;31:*.ear=01;31:*.sar=01;31:*.rar=01;31:*.alz=01;31:*.ace=01;31:*.zoo=01;31:*.cpio=01;31:*.7z=01;31:*.rz=01;31:*.cab=01;31:*.wim=01;31:*.swm=01;31:*.dwm=01;31:*.esd=01;31:*.jpg=01;35:*.jpeg=01;35:*.mjpg=01;35:*.mjpeg=01;35:*.gif=01;35:*.bmp=01;35:*.pbm=01;35:*.pgm=01;35:*.ppm=01;35:*.tga=01;35:*.xbm=01;35:*.xpm=01;35:*.tif=01;35:*.tiff=01;35:*.png=01;35:*.svg=01;35:*.svgz=01;35:*.mng=01;35:*.pcx=01;35:*.mov=01;35:*.mpg=01;35:*.mpeg=01;35:*.m2v=01;35:*.mkv=01;35:*.webm=01;35:*.webp=01;35:*.ogm=01;35:*.mp4=01;35:*.m4v=01;35:*.mp4v=01;35:*.vob=01;35:*.qt=01;35:*.nuv=01;35:*.wmv=01;35:*.asf=01;35:*.rm=01;35:*.rmvb=01;35:*.flc=01;35:*.avi=01;35:*.fli=01;35:*.flv=01;35:*.gl=01;35:*.dl=01;35:*.xcf=01;35:*.xwd=01;35:*.yuv=01;35:*.cgm=01;35:*.emf=01;35:*.ogv=01;35:*.ogx=01;35:*.aac=00;36:*.au=00;36:*.flac=00;36:*.m4a=00;36:*.mid=00;36:*.midi=00;36:*.mka=00;36:*.mp3=00;36:*.mpc=00;36:*.ogg=00;36:*.ra=00;36:*.wav=00;36:*.oga=00;36:*.opus=00;36:*.spx=00;36:*.xspf=00;36:', 'XDG_CURRENT_DESKTOP': 'ubuntu:GNOME', 'VTE_VERSION': '6800', 'WAYLAND_DISPLAY': 'wayland-0', 'GNOME_TERMINAL_SCREEN': '/org/gnome/Terminal/screen/b9f111c6_1614_4566_a43d_02029e2771b3', 'GNOME_SETUP_DISPLAY': ':1', 'LESSCLOSE': '/usr/bin/lesspipe %s %s', 'XDG_SESSION_CLASS': 'user', 'PYTHONPATH': '/home/vbharath/aesd_final_project/poky/bitbake/lib:', 'TERM': 'xterm-256color', 'LESSOPEN': '| /usr/bin/lesspipe %s', 'GNOME_TERMINAL_SERVICE': ':1.110', 'DISPLAY': ':0', 'SHLVL': '2', 'QT_IM_MODULE': 'ibus', 'DBUS_STARTER_ADDRESS': 'unix:path=/run/user/1000/bus,guid=93d3290e7b812fe3c4b33f80680d88c5', 'XDG_RUNTIME_DIR': '/run/user/1000', 'XDG_DATA_DIRS': '/usr/share/ubuntu:/usr/local/share/:/usr/share/:/var/lib/snapd/desktop', 'GDMSESSION': 'ubuntu', 'DBUS_SESSION_BUS_ADDRESS': 'unix:path=/run/user/1000/bus,guid=93d3290e7b812fe3c4b33f80680d88c5', 'BUILDDIR': '/home/vbharath/aesd_final_project/build', 'OLDPWD': '/home/vbharath/aesd_final_project', '_': '/home/vbharath/aesd_final_project/poky/bitbake/bin/bitbake-layers'}, ['/home/vbharath/aesd_final_project/poky/bitbake/bin/bitbake-layers', 'add-layer', '../poky/meta']]
557052 22:34:51.997966 Command Completed
557052 22:34:51.998443 Running command ['parseConfiguration']
557052 22:34:51.999205 Command Completed
557052 22:34:51.999497 Running command ['dataStoreConnectorCmd', 0, 'getVar', ('BBMULTICONFIG',), {}]
557052 22:34:51.999661 Command Completed
557052 22:34:51.999940 Running command ['dataStoreConnectorCmd', 0, 'getVar', ('BBPATH',), {}]
557052 22:34:52.000087 Command Completed
557052 22:34:52.013060 Running command ['dataStoreConnectorCmd', 0, 'getVar', ('BBLAYERS',), {}]
557052 22:34:52.013443 Command Completed
557052 22:34:52.013651 Running command ['dataStoreConnectorVarHistCmd', 0, 'get_variable_items_files', ('BBFILE_COLLECTIONS',), {}]
557052 22:34:52.013787 Command Completed
557052 22:34:52.014653 Running command ['dataStoreConnectorCmd', 0, 'getVar', ('BBLAYERS',), {}]
557052 22:34:52.014812 Command Completed
557052 22:34:52.014875 Running command ['dataStoreConnectorVarHistCmd', 0, 'get_variable_items_files', ('BBFILE_COLLECTIONS',), {}]
557052 22:34:52.016054 Command Completed
557052 22:34:52.016146 Running command ['dataStoreConnectorCmd', 0, 'getVar', ('BBLAYERS',), {}]
557052 22:34:52.016224 Command Completed
557052 22:34:52.016319 Running command ['dataStoreConnectorVarHistCmd', 0, 'get_variable_items_files', ('BBFILE_COLLECTIONS',), {}]
557052 22:34:52.016393 Command Completed
557052 22:34:52.016931 Running command ['dataStoreConnectorCmd', 0, 'getVar', ('BBLAYERS',), {}]
557052 22:34:52.016991 Command Completed
557052 22:34:52.017080 Running command ['dataStoreConnectorVarHistCmd', 0, 'get_variable_items_files', ('BBFILE_COLLECTIONS',), {}]
557052 22:34:52.017150 Command Completed
557052 22:34:52.018981 Running command ['clientComplete']
557052 22:34:52.021116 Command Completed
557052 22:34:52.021696 Processing Client
557052 22:34:52.021742 Disconnecting Client
557052 22:34:52.021945 No timeout, exiting.
557052 22:34:52.148784 Exiting
557052 22:34:52.150796 Original lockfile contents: ['557052\n']
557052 22:34:52.151509 Exiting as we could obtain the lock
sys:1: ResourceWarning: unclosed file <_io.TextIOWrapper name='/home/vbharath/aesd_final_project/build/bitbake-cookerdaemon.log' mode='a+' encoding='UTF-8'>
557063 22:34:52.318712 --- Starting bitbake server pid 557063 at 2025-04-29 22:34:52.318697 ---
557063 22:34:52.319276 Started bitbake server pid 557063
557063 22:34:52.319489 Entering server connection loop
557063 22:34:52.319674 Accepting [<socket.socket fd=6, family=AddressFamily.AF_UNIX, type=SocketKind.SOCK_STREAM, proto=0, laddr=bitbake.sock>] ([])
557063 22:34:52.320309 Processing Client
557063 22:34:52.320401 Connecting Client
557063 22:34:52.320552 Running command ['setFeatures', [2, 1]]
557063 22:34:52.320627 Command Completed
557063 22:34:52.321068 Running command ['updateConfig', {'halt': True, 'force': False, 'invalidate_stamp': None, 'dry_run': True, 'dump_signatures': [], 'extra_assume_provided': [], 'profile': False, 'prefile': [], 'postfile': [], 'server_timeout': None, 'nosetscene': False, 'setsceneonly': False, 'skipsetscene': False, 'runall': None, 'runonly': None, 'writeeventlog': None, 'build_verbose_shell': False, 'build_verbose_stdout': False, 'default_loglevel': 20, 'debug_domains': {}}, {'SHELL': '/bin/bash', 'BB_ENV_PASSTHROUGH_ADDITIONS': 'ALL_PROXY BBPATH_EXTRA BB_LOGCONFIG BB_NO_NETWORK BB_NUMBER_THREADS BB_SETSCENE_ENFORCE BB_SRCREV_POLICY DISTRO FTPS_PROXY FTP_PROXY GIT_PROXY_COMMAND HTTPS_PROXY HTTP_PROXY MACHINE NO_PROXY PARALLEL_MAKE SCREENDIR SDKMACHINE SOCKS5_PASSWD SOCKS5_USER SSH_AGENT_PID SSH_AUTH_SOCK STAMPS_DIR TCLIBC TCMODE all_proxy ftp_proxy ftps_proxy http_proxy https_proxy no_proxy ', 'SSH_AUTH_SOCK': '/run/user/1000/keyring/ssh', 'PWD': '/home/vbharath/aesd_final_project/build', 'LOGNAME': 'vbharath', 'HOME': '/home/vbharath', 'BBPATH': '/home/vbharath/aesd_final_project/build', 'USER': 'vbharath', 'PATH': '/home/vbharath/aesd_final_project/poky/scripts:/home/vbharath/aesd_final_project/poky/bitbake/bin:/usr/local/sbin:/usr/local/bin:/usr/sbin:/usr/bin:/sbin:/bin:/usr/games:/usr/local/games:/snap/bin:/snap/bin', 'LC_ALL': 'en_US.UTF-8', 'SESSION_MANAGER': 'local/ubuntu:@/tmp/.ICE-unix/1868,unix/ubuntu:/tmp/.ICE-unix/1868', 'QT_ACCESSIBILITY': '1', 'COLORTERM': 'truecolor', 'XDG_CONFIG_DIRS': '/etc/xdg/xdg-ubuntu:/etc/xdg', 'SSH_AGENT_LAUNCHER': 'gnome-keyring', 'XDG_MENU_PREFIX': 'gnome-', 'GNOME_DESKTOP_SESSION_ID': 'this-is-deprecated', 'GNOME_SHELL_SESSION_MODE': 'ubuntu', 'XMODIFIERS': '@im=ibus', 'DESKTOP_SESSION': 'ubuntu', 'GTK_MODULES': 'gail:atk-bridge', 'DBUS_STARTER_BUS_TYPE': 'session', 'XDG_SESSION_DESKTOP': 'ubuntu', 'XDG_SESSION_TYPE': 'wayland', 'SYSTEMD_EXEC_PID': '1868', 'XAUTHORITY': '/run/user/1000/.mutter-Xwaylandauth.XP1D52', 'USERNAME': 'vbharath', 'IM_CONFIG_PHASE': '1', 'LANG': 'en_US.UTF-8', 'LS_COLORS': 'rs=0:di=01;34:ln=01;36:mh=00:pi=40;33:so=01;35:do=01;35:bd=40;33;01:cd=40;33;01:or=40;31;01:mi=00:su=37;41:sg=30;43:ca=30;41:tw=30;42:ow=34;42:st=37;44:ex=01;32:*.tar=01;31:*.tgz=01;31:*.arc=01;31:*.arj=01;31:*.taz=01;31:*.lha=01;31:*.lz4=01;31:*.lzh=01;31:*.lzma=01;31:*.tlz=01;31:*.txz=01;31:*.tzo=01;31:*.t7z=01;31:*.zip=01;31:*.z=01;31:*.dz=01;31:*.gz=01;31:*.lrz=01;31:*.lz=01;31:*.lzo=01;31:*.xz=01;31:*.zst=01;31:*.tzst=01;31:*.bz2=01;31:*.bz=01;31:*.tbz=01;31:*.tbz2=01;31:*.tz=01;31:*.deb=01;31:*.rpm=01;31:*.jar=01;31:*.war=01;31:*.ear=01;31:*.sar=01;31:*.rar=01;31:*.alz=01;31:*.ace=01;31:*.zoo=01;31:*.cpio=01;31:*.7z=01;31:*.rz=01;31:*.cab=01;31:*.wim=01;31:*.swm=01;31:*.dwm=01;31:*.esd=01;31:*.jpg=01;35:*.jpeg=01;35:*.mjpg=01;35:*.mjpeg=01;35:*.gif=01;35:*.bmp=01;35:*.pbm=01;35:*.pgm=01;35:*.ppm=01;35:*.tga=01;35:*.xbm=01;35:*.xpm=01;35:*.tif=01;35:*.tiff=01;35:*.png=01;35:*.svg=01;35:*.svgz=01;35:*.mng=01;35:*.pcx=01;35:*.mov=01;35:*.mpg=01;35:*.mpeg=01;35:*.m2v=01;35:*.mkv=01;35:*.webm=01;35:*.webp=01;35:*.ogm=01;35:*.mp4=01;35:*.m4v=01;35:*.mp4v=01;35:*.vob=01;35:*.qt=01;35:*.nuv=01;35:*.wmv=01;35:*.asf=01;35:*.rm=01;35:*.rmvb=01;35:*.flc=01;35:*.avi=01;35:*.fli=01;35:*.flv=01;35:*.gl=01;35:*.dl=01;35:*.xcf=01;35:*.xwd=01;35:*.yuv=01;35:*.cgm=01;35:*.emf=01;35:*.ogv=01;35:*.ogx=01;35:*.aac=00;36:*.au=00;36:*.flac=00;36:*.m4a=00;36:*.mid=00;36:*.midi=00;36:*.mka=00;36:*.mp3=00;36:*.mpc=00;36:*.ogg=00;36:*.ra=00;36:*.wav=00;36:*.oga=00;36:*.opus=00;36:*.spx=00;36:*.xspf=00;36:', 'XDG_CURRENT_DESKTOP': 'ubuntu:GNOME', 'VTE_VERSION': '6800', 'WAYLAND_DISPLAY': 'wayland-0', 'GNOME_TERMINAL_SCREEN': '/org/gnome/Terminal/screen/b9f111c6_1614_4566_a43d_02029e2771b3', 'GNOME_SETUP_DISPLAY': ':1', 'LESSCLOSE': '/usr/bin/lesspipe %s %s', 'XDG_SESSION_CLASS': 'user', 'PYTHONPATH': '/home/vbharath/aesd_final_project/poky/bitbake/lib:', 'TERM': 'xterm-256color', 'LESSOPEN': '| /usr/bin/lesspipe %s', 'GNOME_TERMINAL_SERVICE': ':1.110', 'DISPLAY': ':0', 'SHLVL': '2', 'QT_IM_MODULE': 'ibus', 'DBUS_STARTER_ADDRESS': 'unix:path=/run/user/1000/bus,guid=93d3290e7b812fe3c4b33f80680d88c5', 'XDG_RUNTIME_DIR': '/run/user/1000', 'XDG_DATA_DIRS': '/usr/share/ubuntu:/usr/local/share/:/usr/share/:/var/lib/snapd/desktop', 'GDMSESSION': 'ubuntu', 'DBUS_SESSION_BUS_ADDRESS': 'unix:path=/run/user/1000/bus,guid=93d3290e7b812fe3c4b33f80680d88c5', 'BUILDDIR': '/home/vbharath/aesd_final_project/build', 'OLDPWD': '/home/vbharath/aesd_final_project', '_': '/home/vbharath/aesd_final_project/poky/bitbake/bin/bitbake'}, ['/home/vbharath/aesd_final_project/poky/bitbake/bin/bitbake', '-n']]
557063 22:34:52.503494 Command Completed
557063 22:34:52.503939 Running command ['getVariable', 'BBINCLUDELOGS']
557063 22:34:52.504113 Command Completed
557063 22:34:52.504271 Running command ['getVariable', 'BBINCLUDELOGS_LINES']
557063 22:34:52.504370 Command Completed
557063 22:34:52.504592 Running command ['getSetVariable', 'BB_CONSOLELOG']
557063 22:34:52.504798 Command Completed
557063 22:34:52.504956 Running command ['getSetVariable', 'BB_LOGCONFIG']
557063 22:34:52.505055 Command Completed
557063 22:34:52.506362 Running command ['getUIHandlerNum']
557063 22:34:52.506462 Command Completed
557063 22:34:52.506855 Running command ['setEventMask', 1, 20, {'BitBake.SigGen.HashEquiv': 19, 'BitBake.RunQueue.HashEquiv': 19}, ['bb.runqueue.runQueueExitWait', 'bb.event.LogExecTTY', 'logging.LogRecord', 'bb.build.TaskFailed', 'bb.build.TaskBase', 'bb.event.ParseStarted', 'bb.event.ParseProgress', 'bb.event.ParseCompleted', 'bb.event.CacheLoadStarted', 'bb.event.CacheLoadProgress', 'bb.event.CacheLoadCompleted', 'bb.command.CommandFailed', 'bb.command.CommandExit', 'bb.command.CommandCompleted', 'bb.cooker.CookerExit', 'bb.event.MultipleProviders', 'bb.event.NoProvider', 'bb.runqueue.sceneQueueTaskStarted', 'bb.runqueue.runQueueTaskStarted', 'bb.runqueue.runQueueTaskFailed', 'bb.runqueue.sceneQueueTaskFailed', 'bb.event.BuildBase', 'bb.build.TaskStarted', 'bb.build.TaskSucceeded', 'bb.build.TaskFailedSilent', 'bb.build.TaskProgress', 'bb.event.ProcessStarted', 'bb.event.ProcessProgress', 'bb.event.ProcessFinished']]
557063 22:34:52.507000 Command Completed
557063 22:34:52.507155 Running command ['getVariable', 'BB_DEFAULT_TASK']
557063 22:34:52.507248 Command Completed
557063 22:34:52.507385 Running command ['setConfig', 'cmd', 'build']
557063 22:34:52.507475 Command Completed
557063 22:34:52.507733 Running command ['getVariable', 'BBTARGETS']
557063 22:34:52.507821 Command Completed
557063 22:34:52.508012 Processing Client
557063 22:34:52.508043 Disconnecting Client
557063 22:34:52.508275 No timeout, exiting.
557063 22:34:52.615533 Exiting
557063 22:34:52.617684 Original lockfile contents: ['557063\n']
557063 22:34:52.617909 Exiting as we could obtain the lock
sys:1: ResourceWarning: unclosed file <_io.TextIOWrapper name='/home/vbharath/aesd_final_project/build/bitbake-cookerdaemon.log' mode='a+' encoding='UTF-8'>
557106 22:35:20.460820 --- Starting bitbake server pid 557106 at 2025-04-29 22:35:20.460805 ---
557106 22:35:20.461406 Started bitbake server pid 557106
557106 22:35:20.461529 Entering server connection loop
557106 22:35:20.461943 Accepting [<socket.socket fd=6, family=AddressFamily.AF_UNIX, type=SocketKind.SOCK_STREAM, proto=0, laddr=bitbake.sock>] ([])
557106 22:35:20.462956 Processing Client
557106 22:35:20.462994 Connecting Client
557106 22:35:20.463147 Running command ['setFeatures', [2, 1]]
557106 22:35:20.463235 Command Completed
557106 22:35:20.463877 Running command ['updateConfig', {'halt': True, 'force': False, 'invalidate_stamp': None, 'dry_run': False, 'dump_signatures': [], 'extra_assume_provided': [], 'profile': False, 'prefile': [], 'postfile': [], 'server_timeout': None, 'nosetscene': False, 'setsceneonly': False, 'skipsetscene': False, 'runall': None, 'runonly': None, 'writeeventlog': None, 'build_verbose_shell': False, 'build_verbose_stdout': False, 'default_loglevel': 20, 'debug_domains': {}}, {'SHELL': '/bin/bash', 'BB_ENV_PASSTHROUGH_ADDITIONS': 'ALL_PROXY BBPATH_EXTRA BB_LOGCONFIG BB_NO_NETWORK BB_NUMBER_THREADS BB_SETSCENE_ENFORCE BB_SRCREV_POLICY DISTRO FTPS_PROXY FTP_PROXY GIT_PROXY_COMMAND HTTPS_PROXY HTTP_PROXY MACHINE NO_PROXY PARALLEL_MAKE SCREENDIR SDKMACHINE SOCKS5_PASSWD SOCKS5_USER SSH_AGENT_PID SSH_AUTH_SOCK STAMPS_DIR TCLIBC TCMODE all_proxy ftp_proxy ftps_proxy http_proxy https_proxy no_proxy ', 'SSH_AUTH_SOCK': '/run/user/1000/keyring/ssh', 'PWD': '/home/vbharath/aesd_final_project/build', 'LOGNAME': 'vbharath', 'HOME': '/home/vbharath', 'BBPATH': '/home/vbharath/aesd_final_project/build', 'USER': 'vbharath', 'PATH': '/home/vbharath/aesd_final_project/poky/scripts:/home/vbharath/aesd_final_project/poky/bitbake/bin:/usr/local/sbin:/usr/local/bin:/usr/sbin:/usr/bin:/sbin:/bin:/usr/games:/usr/local/games:/snap/bin:/snap/bin', 'LC_ALL': 'en_US.UTF-8', 'SESSION_MANAGER': 'local/ubuntu:@/tmp/.ICE-unix/1868,unix/ubuntu:/tmp/.ICE-unix/1868', 'QT_ACCESSIBILITY': '1', 'COLORTERM': 'truecolor', 'XDG_CONFIG_DIRS': '/etc/xdg/xdg-ubuntu:/etc/xdg', 'SSH_AGENT_LAUNCHER': 'gnome-keyring', 'XDG_MENU_PREFIX': 'gnome-', 'GNOME_DESKTOP_SESSION_ID': 'this-is-deprecated', 'GNOME_SHELL_SESSION_MODE': 'ubuntu', 'XMODIFIERS': '@im=ibus', 'DESKTOP_SESSION': 'ubuntu', 'GTK_MODULES': 'gail:atk-bridge', 'DBUS_STARTER_BUS_TYPE': 'session', 'XDG_SESSION_DESKTOP': 'ubuntu', 'XDG_SESSION_TYPE': 'wayland', 'SYSTEMD_EXEC_PID': '1868', 'XAUTHORITY': '/run/user/1000/.mutter-Xwaylandauth.XP1D52', 'USERNAME': 'vbharath', 'IM_CONFIG_PHASE': '1', 'LANG': 'en_US.UTF-8', 'LS_COLORS': 'rs=0:di=01;34:ln=01;36:mh=00:pi=40;33:so=01;35:do=01;35:bd=40;33;01:cd=40;33;01:or=40;31;01:mi=00:su=37;41:sg=30;43:ca=30;41:tw=30;42:ow=34;42:st=37;44:ex=01;32:*.tar=01;31:*.tgz=01;31:*.arc=01;31:*.arj=01;31:*.taz=01;31:*.lha=01;31:*.lz4=01;31:*.lzh=01;31:*.lzma=01;31:*.tlz=01;31:*.txz=01;31:*.tzo=01;31:*.t7z=01;31:*.zip=01;31:*.z=01;31:*.dz=01;31:*.gz=01;31:*.lrz=01;31:*.lz=01;31:*.lzo=01;31:*.xz=01;31:*.zst=01;31:*.tzst=01;31:*.bz2=01;31:*.bz=01;31:*.tbz=01;31:*.tbz2=01;31:*.tz=01;31:*.deb=01;31:*.rpm=01;31:*.jar=01;31:*.war=01;31:*.ear=01;31:*.sar=01;31:*.rar=01;31:*.alz=01;31:*.ace=01;31:*.zoo=01;31:*.cpio=01;31:*.7z=01;31:*.rz=01;31:*.cab=01;31:*.wim=01;31:*.swm=01;31:*.dwm=01;31:*.esd=01;31:*.jpg=01;35:*.jpeg=01;35:*.mjpg=01;35:*.mjpeg=01;35:*.gif=01;35:*.bmp=01;35:*.pbm=01;35:*.pgm=01;35:*.ppm=01;35:*.tga=01;35:*.xbm=01;35:*.xpm=01;35:*.tif=01;35:*.tiff=01;35:*.png=01;35:*.svg=01;35:*.svgz=01;35:*.mng=01;35:*.pcx=01;35:*.mov=01;35:*.mpg=01;35:*.mpeg=01;35:*.m2v=01;35:*.mkv=01;35:*.webm=01;35:*.webp=01;35:*.ogm=01;35:*.mp4=01;35:*.m4v=01;35:*.mp4v=01;35:*.vob=01;35:*.qt=01;35:*.nuv=01;35:*.wmv=01;35:*.asf=01;35:*.rm=01;35:*.rmvb=01;35:*.flc=01;35:*.avi=01;35:*.fli=01;35:*.flv=01;35:*.gl=01;35:*.dl=01;35:*.xcf=01;35:*.xwd=01;35:*.yuv=01;35:*.cgm=01;35:*.emf=01;35:*.ogv=01;35:*.ogx=01;35:*.aac=00;36:*.au=00;36:*.flac=00;36:*.m4a=00;36:*.mid=00;36:*.midi=00;36:*.mka=00;36:*.mp3=00;36:*.mpc=00;36:*.ogg=00;36:*.ra=00;36:*.wav=00;36:*.oga=00;36:*.opus=00;36:*.spx=00;36:*.xspf=00;36:', 'XDG_CURRENT_DESKTOP': 'ubuntu:GNOME', 'VTE_VERSION': '6800', 'WAYLAND_DISPLAY': 'wayland-0', 'GNOME_TERMINAL_SCREEN': '/org/gnome/Terminal/screen/b9f111c6_1614_4566_a43d_02029e2771b3', 'GNOME_SETUP_DISPLAY': ':1', 'LESSCLOSE': '/usr/bin/lesspipe %s %s', 'XDG_SESSION_CLASS': 'user', 'PYTHONPATH': '/home/vbharath/aesd_final_project/poky/bitbake/lib:', 'TERM': 'xterm-256color', 'LESSOPEN': '| /usr/bin/lesspipe %s', 'GNOME_TERMINAL_SERVICE': ':1.110', 'DISPLAY': ':0', 'SHLVL': '2', 'QT_IM_MODULE': 'ibus', 'DBUS_STARTER_ADDRESS': 'unix:path=/run/user/1000/bus,guid=93d3290e7b812fe3c4b33f80680d88c5', 'XDG_RUNTIME_DIR': '/run/user/1000', 'XDG_DATA_DIRS': '/usr/share/ubuntu:/usr/local/share/:/usr/share/:/var/lib/snapd/desktop', 'GDMSESSION': 'ubuntu', 'DBUS_SESSION_BUS_ADDRESS': 'unix:path=/run/user/1000/bus,guid=93d3290e7b812fe3c4b33f80680d88c5', 'BUILDDIR': '/home/vbharath/aesd_final_project/build', 'OLDPWD': '/home/vbharath/aesd_final_project', '_': '/home/vbharath/aesd_final_project/poky/bitbake/bin/bitbake-layers'}, ['/home/vbharath/aesd_final_project/poky/bitbake/bin/bitbake-layers', 'add-layer', '../meta-openembedded/meta-oe']]
557106 22:35:20.673254 Command Completed
557106 22:35:20.673620 Running command ['parseConfiguration']
557106 22:35:20.674687 Command Completed
557106 22:35:20.674803 Running command ['dataStoreConnectorCmd', 0, 'getVar', ('BBMULTICONFIG',), {}]
557106 22:35:20.674964 Command Completed
557106 22:35:20.675234 Running command ['dataStoreConnectorCmd', 0, 'getVar', ('BBPATH',), {}]
557106 22:35:20.675404 Command Completed
557106 22:35:20.678816 Running command ['dataStoreConnectorCmd', 0, 'getVar', ('BBLAYERS',), {}]
557106 22:35:20.678974 Command Completed
557106 22:35:20.679265 Running command ['dataStoreConnectorVarHistCmd', 0, 'get_variable_items_files', ('BBFILE_COLLECTIONS',), {}]
557106 22:35:20.679535 Command Completed
557106 22:35:20.680722 Running command ['dataStoreConnectorCmd', 0, 'getVar', ('BBLAYERS',), {}]
557106 22:35:20.680861 Command Completed
557106 22:35:20.681099 Running command ['dataStoreConnectorVarHistCmd', 0, 'get_variable_items_files', ('BBFILE_COLLECTIONS',), {}]
557106 22:35:20.681286 Command Completed
557106 22:35:20.682109 Running command ['dataStoreConnectorCmd', 0, 'getVar', ('BBLAYERS',), {}]
557106 22:35:20.682253 Command Completed
557106 22:35:20.682502 Running command ['dataStoreConnectorVarHistCmd', 0, 'get_variable_items_files', ('BBFILE_COLLECTIONS',), {}]
557106 22:35:20.682621 Command Completed
557106 22:35:20.683385 Running command ['dataStoreConnectorCmd', 0, 'getVar', ('BBLAYERS',), {}]
557106 22:35:20.683519 Command Completed
557106 22:35:20.683771 Running command ['dataStoreConnectorVarHistCmd', 0, 'get_variable_items_files', ('BBFILE_COLLECTIONS',), {}]
557106 22:35:20.683895 Command Completed
557106 22:35:20.685518 Running command ['parseConfiguration']
557106 22:35:20.821528 Command Completed
557106 22:35:20.822347 Running command ['clientComplete']
557106 22:35:20.822448 Command Completed
557106 22:35:20.822677 Processing Client
557106 22:35:20.822711 Disconnecting Client
557106 22:35:20.822779 No timeout, exiting.
557106 22:35:20.981695 Exiting
557106 22:35:20.985678 Original lockfile contents: ['557106\n']
557106 22:35:20.985793 Exiting as we could obtain the lock
sys:1: ResourceWarning: unclosed file <_io.TextIOWrapper name='/home/vbharath/aesd_final_project/build/bitbake-cookerdaemon.log' mode='a+' encoding='UTF-8'>
557123 22:35:21.125636 --- Starting bitbake server pid 557123 at 2025-04-29 22:35:21.125623 ---
557123 22:35:21.126302 Started bitbake server pid 557123
557123 22:35:21.126419 Entering server connection loop
557123 22:35:21.126691 Accepting [<socket.socket fd=6, family=AddressFamily.AF_UNIX, type=SocketKind.SOCK_STREAM, proto=0, laddr=bitbake.sock>] ([])
557123 22:35:21.127399 Processing Client
557123 22:35:21.127423 Connecting Client
557123 22:35:21.127560 Running command ['setFeatures', [2, 1]]
557123 22:35:21.127638 Command Completed
557123 22:35:21.128068 Running command ['updateConfig', {'halt': True, 'force': False, 'invalidate_stamp': None, 'dry_run': True, 'dump_signatures': [], 'extra_assume_provided': [], 'profile': False, 'prefile': [], 'postfile': [], 'server_timeout': None, 'nosetscene': False, 'setsceneonly': False, 'skipsetscene': False, 'runall': None, 'runonly': None, 'writeeventlog': None, 'build_verbose_shell': False, 'build_verbose_stdout': False, 'default_loglevel': 20, 'debug_domains': {}}, {'SHELL': '/bin/bash', 'BB_ENV_PASSTHROUGH_ADDITIONS': 'ALL_PROXY BBPATH_EXTRA BB_LOGCONFIG BB_NO_NETWORK BB_NUMBER_THREADS BB_SETSCENE_ENFORCE BB_SRCREV_POLICY DISTRO FTPS_PROXY FTP_PROXY GIT_PROXY_COMMAND HTTPS_PROXY HTTP_PROXY MACHINE NO_PROXY PARALLEL_MAKE SCREENDIR SDKMACHINE SOCKS5_PASSWD SOCKS5_USER SSH_AGENT_PID SSH_AUTH_SOCK STAMPS_DIR TCLIBC TCMODE all_proxy ftp_proxy ftps_proxy http_proxy https_proxy no_proxy ', 'SSH_AUTH_SOCK': '/run/user/1000/keyring/ssh', 'PWD': '/home/vbharath/aesd_final_project/build', 'LOGNAME': 'vbharath', 'HOME': '/home/vbharath', 'BBPATH': '/home/vbharath/aesd_final_project/build', 'USER': 'vbharath', 'PATH': '/home/vbharath/aesd_final_project/poky/scripts:/home/vbharath/aesd_final_project/poky/bitbake/bin:/usr/local/sbin:/usr/local/bin:/usr/sbin:/usr/bin:/sbin:/bin:/usr/games:/usr/local/games:/snap/bin:/snap/bin', 'LC_ALL': 'en_US.UTF-8', 'SESSION_MANAGER': 'local/ubuntu:@/tmp/.ICE-unix/1868,unix/ubuntu:/tmp/.ICE-unix/1868', 'QT_ACCESSIBILITY': '1', 'COLORTERM': 'truecolor', 'XDG_CONFIG_DIRS': '/etc/xdg/xdg-ubuntu:/etc/xdg', 'SSH_AGENT_LAUNCHER': 'gnome-keyring', 'XDG_MENU_PREFIX': 'gnome-', 'GNOME_DESKTOP_SESSION_ID': 'this-is-deprecated', 'GNOME_SHELL_SESSION_MODE': 'ubuntu', 'XMODIFIERS': '@im=ibus', 'DESKTOP_SESSION': 'ubuntu', 'GTK_MODULES': 'gail:atk-bridge', 'DBUS_STARTER_BUS_TYPE': 'session', 'XDG_SESSION_DESKTOP': 'ubuntu', 'XDG_SESSION_TYPE': 'wayland', 'SYSTEMD_EXEC_PID': '1868', 'XAUTHORITY': '/run/user/1000/.mutter-Xwaylandauth.XP1D52', 'USERNAME': 'vbharath', 'IM_CONFIG_PHASE': '1', 'LANG': 'en_US.UTF-8', 'LS_COLORS': 'rs=0:di=01;34:ln=01;36:mh=00:pi=40;33:so=01;35:do=01;35:bd=40;33;01:cd=40;33;01:or=40;31;01:mi=00:su=37;41:sg=30;43:ca=30;41:tw=30;42:ow=34;42:st=37;44:ex=01;32:*.tar=01;31:*.tgz=01;31:*.arc=01;31:*.arj=01;31:*.taz=01;31:*.lha=01;31:*.lz4=01;31:*.lzh=01;31:*.lzma=01;31:*.tlz=01;31:*.txz=01;31:*.tzo=01;31:*.t7z=01;31:*.zip=01;31:*.z=01;31:*.dz=01;31:*.gz=01;31:*.lrz=01;31:*.lz=01;31:*.lzo=01;31:*.xz=01;31:*.zst=01;31:*.tzst=01;31:*.bz2=01;31:*.bz=01;31:*.tbz=01;31:*.tbz2=01;31:*.tz=01;31:*.deb=01;31:*.rpm=01;31:*.jar=01;31:*.war=01;31:*.ear=01;31:*.sar=01;31:*.rar=01;31:*.alz=01;31:*.ace=01;31:*.zoo=01;31:*.cpio=01;31:*.7z=01;31:*.rz=01;31:*.cab=01;31:*.wim=01;31:*.swm=01;31:*.dwm=01;31:*.esd=01;31:*.jpg=01;35:*.jpeg=01;35:*.mjpg=01;35:*.mjpeg=01;35:*.gif=01;35:*.bmp=01;35:*.pbm=01;35:*.pgm=01;35:*.ppm=01;35:*.tga=01;35:*.xbm=01;35:*.xpm=01;35:*.tif=01;35:*.tiff=01;35:*.png=01;35:*.svg=01;35:*.svgz=01;35:*.mng=01;35:*.pcx=01;35:*.mov=01;35:*.mpg=01;35:*.mpeg=01;35:*.m2v=01;35:*.mkv=01;35:*.webm=01;35:*.webp=01;35:*.ogm=01;35:*.mp4=01;35:*.m4v=01;35:*.mp4v=01;35:*.vob=01;35:*.qt=01;35:*.nuv=01;35:*.wmv=01;35:*.asf=01;35:*.rm=01;35:*.rmvb=01;35:*.flc=01;35:*.avi=01;35:*.fli=01;35:*.flv=01;35:*.gl=01;35:*.dl=01;35:*.xcf=01;35:*.xwd=01;35:*.yuv=01;35:*.cgm=01;35:*.emf=01;35:*.ogv=01;35:*.ogx=01;35:*.aac=00;36:*.au=00;36:*.flac=00;36:*.m4a=00;36:*.mid=00;36:*.midi=00;36:*.mka=00;36:*.mp3=00;36:*.mpc=00;36:*.ogg=00;36:*.ra=00;36:*.wav=00;36:*.oga=00;36:*.opus=00;36:*.spx=00;36:*.xspf=00;36:', 'XDG_CURRENT_DESKTOP': 'ubuntu:GNOME', 'VTE_VERSION': '6800', 'WAYLAND_DISPLAY': 'wayland-0', 'GNOME_TERMINAL_SCREEN': '/org/gnome/Terminal/screen/b9f111c6_1614_4566_a43d_02029e2771b3', 'GNOME_SETUP_DISPLAY': ':1', 'LESSCLOSE': '/usr/bin/lesspipe %s %s', 'XDG_SESSION_CLASS': 'user', 'PYTHONPATH': '/home/vbharath/aesd_final_project/poky/bitbake/lib:', 'TERM': 'xterm-256color', 'LESSOPEN': '| /usr/bin/lesspipe %s', 'GNOME_TERMINAL_SERVICE': ':1.110', 'DISPLAY': ':0', 'SHLVL': '2', 'QT_IM_MODULE': 'ibus', 'DBUS_STARTER_ADDRESS': 'unix:path=/run/user/1000/bus,guid=93d3290e7b812fe3c4b33f80680d88c5', 'XDG_RUNTIME_DIR': '/run/user/1000', 'XDG_DATA_DIRS': '/usr/share/ubuntu:/usr/local/share/:/usr/share/:/var/lib/snapd/desktop', 'GDMSESSION': 'ubuntu', 'DBUS_SESSION_BUS_ADDRESS': 'unix:path=/run/user/1000/bus,guid=93d3290e7b812fe3c4b33f80680d88c5', 'BUILDDIR': '/home/vbharath/aesd_final_project/build', 'OLDPWD': '/home/vbharath/aesd_final_project', '_': '/home/vbharath/aesd_final_project/poky/bitbake/bin/bitbake'}, ['/home/vbharath/aesd_final_project/poky/bitbake/bin/bitbake', '-n']]
557123 22:35:21.307064 Command Completed
557123 22:35:21.307436 Running command ['getVariable', 'BBINCLUDELOGS']
557123 22:35:21.307598 Command Completed
557123 22:35:21.308180 Running command ['getVariable', 'BBINCLUDELOGS_LINES']
557123 22:35:21.308265 Command Completed
557123 22:35:21.308510 Running command ['getSetVariable', 'BB_CONSOLELOG']
557123 22:35:21.308664 Command Completed
557123 22:35:21.308947 Running command ['getSetVariable', 'BB_LOGCONFIG']
557123 22:35:21.309051 Command Completed
557123 22:35:21.310895 Running command ['getUIHandlerNum']
557123 22:35:21.311043 Command Completed
557123 22:35:21.311385 Running command ['setEventMask', 1, 20, {'BitBake.SigGen.HashEquiv': 19, 'BitBake.RunQueue.HashEquiv': 19}, ['bb.runqueue.runQueueExitWait', 'bb.event.LogExecTTY', 'logging.LogRecord', 'bb.build.TaskFailed', 'bb.build.TaskBase', 'bb.event.ParseStarted', 'bb.event.ParseProgress', 'bb.event.ParseCompleted', 'bb.event.CacheLoadStarted', 'bb.event.CacheLoadProgress', 'bb.event.CacheLoadCompleted', 'bb.command.CommandFailed', 'bb.command.CommandExit', 'bb.command.CommandCompleted', 'bb.cooker.CookerExit', 'bb.event.MultipleProviders', 'bb.event.NoProvider', 'bb.runqueue.sceneQueueTaskStarted', 'bb.runqueue.runQueueTaskStarted', 'bb.runqueue.runQueueTaskFailed', 'bb.runqueue.sceneQueueTaskFailed', 'bb.event.BuildBase', 'bb.build.TaskStarted', 'bb.build.TaskSucceeded', 'bb.build.TaskFailedSilent', 'bb.build.TaskProgress', 'bb.event.ProcessStarted', 'bb.event.ProcessProgress', 'bb.event.ProcessFinished']]
557123 22:35:21.311494 Command Completed
557123 22:35:21.311952 Running command ['getVariable', 'BB_DEFAULT_TASK']
557123 22:35:21.312096 Command Completed
557123 22:35:21.312222 Running command ['setConfig', 'cmd', 'build']
557123 22:35:21.312318 Command Completed
557123 22:35:21.312375 Running command ['getVariable', 'BBTARGETS']
557123 22:35:21.312458 Command Completed
557123 22:35:21.312655 Processing Client
557123 22:35:21.312685 Disconnecting Client
557123 22:35:21.312971 No timeout, exiting.
557123 22:35:21.422446 Exiting
557123 22:35:21.424515 Original lockfile contents: ['557123\n']
557123 22:35:21.424944 Exiting as we could obtain the lock
sys:1: ResourceWarning: unclosed file <_io.TextIOWrapper name='/home/vbharath/aesd_final_project/build/bitbake-cookerdaemon.log' mode='a+' encoding='UTF-8'>
557172 22:36:12.300773 --- Starting bitbake server pid 557172 at 2025-04-29 22:36:12.300754 ---
557172 22:36:12.301513 Started bitbake server pid 557172
557172 22:36:12.301754 Entering server connection loop
557172 22:36:12.301854 Accepting [<socket.socket fd=6, family=AddressFamily.AF_UNIX, type=SocketKind.SOCK_STREAM, proto=0, laddr=bitbake.sock>] ([])
557172 22:36:12.302542 Processing Client
557172 22:36:12.302567 Connecting Client
557172 22:36:12.302708 Running command ['setFeatures', [2, 1]]
557172 22:36:12.302789 Command Completed
557172 22:36:12.303252 Running command ['updateConfig', {'halt': True, 'force': False, 'invalidate_stamp': None, 'dry_run': False, 'dump_signatures': [], 'extra_assume_provided': [], 'profile': False, 'prefile': [], 'postfile': [], 'server_timeout': None, 'nosetscene': False, 'setsceneonly': False, 'skipsetscene': False, 'runall': None, 'runonly': None, 'writeeventlog': None, 'build_verbose_shell': False, 'build_verbose_stdout': False, 'default_loglevel': 20, 'debug_domains': {}}, {'SHELL': '/bin/bash', 'BB_ENV_PASSTHROUGH_ADDITIONS': 'ALL_PROXY BBPATH_EXTRA BB_LOGCONFIG BB_NO_NETWORK BB_NUMBER_THREADS BB_SETSCENE_ENFORCE BB_SRCREV_POLICY DISTRO FTPS_PROXY FTP_PROXY GIT_PROXY_COMMAND HTTPS_PROXY HTTP_PROXY MACHINE NO_PROXY PARALLEL_MAKE SCREENDIR SDKMACHINE SOCKS5_PASSWD SOCKS5_USER SSH_AGENT_PID SSH_AUTH_SOCK STAMPS_DIR TCLIBC TCMODE all_proxy ftp_proxy ftps_proxy http_proxy https_proxy no_proxy ', 'SSH_AUTH_SOCK': '/run/user/1000/keyring/ssh', 'PWD': '/home/vbharath/aesd_final_project/build', 'LOGNAME': 'vbharath', 'HOME': '/home/vbharath', 'BBPATH': '/home/vbharath/aesd_final_project/build', 'USER': 'vbharath', 'PATH': '/home/vbharath/aesd_final_project/poky/scripts:/home/vbharath/aesd_final_project/poky/bitbake/bin:/usr/local/sbin:/usr/local/bin:/usr/sbin:/usr/bin:/sbin:/bin:/usr/games:/usr/local/games:/snap/bin:/snap/bin', 'LC_ALL': 'en_US.UTF-8', 'SESSION_MANAGER': 'local/ubuntu:@/tmp/.ICE-unix/1868,unix/ubuntu:/tmp/.ICE-unix/1868', 'QT_ACCESSIBILITY': '1', 'COLORTERM': 'truecolor', 'XDG_CONFIG_DIRS': '/etc/xdg/xdg-ubuntu:/etc/xdg', 'SSH_AGENT_LAUNCHER': 'gnome-keyring', 'XDG_MENU_PREFIX': 'gnome-', 'GNOME_DESKTOP_SESSION_ID': 'this-is-deprecated', 'GNOME_SHELL_SESSION_MODE': 'ubuntu', 'XMODIFIERS': '@im=ibus', 'DESKTOP_SESSION': 'ubuntu', 'GTK_MODULES': 'gail:atk-bridge', 'DBUS_STARTER_BUS_TYPE': 'session', 'XDG_SESSION_DESKTOP': 'ubuntu', 'XDG_SESSION_TYPE': 'wayland', 'SYSTEMD_EXEC_PID': '1868', 'XAUTHORITY': '/run/user/1000/.mutter-Xwaylandauth.XP1D52', 'USERNAME': 'vbharath', 'IM_CONFIG_PHASE': '1', 'LANG': 'en_US.UTF-8', 'LS_COLORS': 'rs=0:di=01;34:ln=01;36:mh=00:pi=40;33:so=01;35:do=01;35:bd=40;33;01:cd=40;33;01:or=40;31;01:mi=00:su=37;41:sg=30;43:ca=30;41:tw=30;42:ow=34;42:st=37;44:ex=01;32:*.tar=01;31:*.tgz=01;31:*.arc=01;31:*.arj=01;31:*.taz=01;31:*.lha=01;31:*.lz4=01;31:*.lzh=01;31:*.lzma=01;31:*.tlz=01;31:*.txz=01;31:*.tzo=01;31:*.t7z=01;31:*.zip=01;31:*.z=01;31:*.dz=01;31:*.gz=01;31:*.lrz=01;31:*.lz=01;31:*.lzo=01;31:*.xz=01;31:*.zst=01;31:*.tzst=01;31:*.bz2=01;31:*.bz=01;31:*.tbz=01;31:*.tbz2=01;31:*.tz=01;31:*.deb=01;31:*.rpm=01;31:*.jar=01;31:*.war=01;31:*.ear=01;31:*.sar=01;31:*.rar=01;31:*.alz=01;31:*.ace=01;31:*.zoo=01;31:*.cpio=01;31:*.7z=01;31:*.rz=01;31:*.cab=01;31:*.wim=01;31:*.swm=01;31:*.dwm=01;31:*.esd=01;31:*.jpg=01;35:*.jpeg=01;35:*.mjpg=01;35:*.mjpeg=01;35:*.gif=01;35:*.bmp=01;35:*.pbm=01;35:*.pgm=01;35:*.ppm=01;35:*.tga=01;35:*.xbm=01;35:*.xpm=01;35:*.tif=01;35:*.tiff=01;35:*.png=01;35:*.svg=01;35:*.svgz=01;35:*.mng=01;35:*.pcx=01;35:*.mov=01;35:*.mpg=01;35:*.mpeg=01;35:*.m2v=01;35:*.mkv=01;35:*.webm=01;35:*.webp=01;35:*.ogm=01;35:*.mp4=01;35:*.m4v=01;35:*.mp4v=01;35:*.vob=01;35:*.qt=01;35:*.nuv=01;35:*.wmv=01;35:*.asf=01;35:*.rm=01;35:*.rmvb=01;35:*.flc=01;35:*.avi=01;35:*.fli=01;35:*.flv=01;35:*.gl=01;35:*.dl=01;35:*.xcf=01;35:*.xwd=01;35:*.yuv=01;35:*.cgm=01;35:*.emf=01;35:*.ogv=01;35:*.ogx=01;35:*.aac=00;36:*.au=00;36:*.flac=00;36:*.m4a=00;36:*.mid=00;36:*.midi=00;36:*.mka=00;36:*.mp3=00;36:*.mpc=00;36:*.ogg=00;36:*.ra=00;36:*.wav=00;36:*.oga=00;36:*.opus=00;36:*.spx=00;36:*.xspf=00;36:', 'XDG_CURRENT_DESKTOP': 'ubuntu:GNOME', 'VTE_VERSION': '6800', 'WAYLAND_DISPLAY': 'wayland-0', 'GNOME_TERMINAL_SCREEN': '/org/gnome/Terminal/screen/b9f111c6_1614_4566_a43d_02029e2771b3', 'GNOME_SETUP_DISPLAY': ':1', 'LESSCLOSE': '/usr/bin/lesspipe %s %s', 'XDG_SESSION_CLASS': 'user', 'PYTHONPATH': '/home/vbharath/aesd_final_project/poky/bitbake/lib:', 'TERM': 'xterm-256color', 'LESSOPEN': '| /usr/bin/lesspipe %s', 'GNOME_TERMINAL_SERVICE': ':1.110', 'DISPLAY': ':0', 'SHLVL': '2', 'QT_IM_MODULE': 'ibus', 'DBUS_STARTER_ADDRESS': 'unix:path=/run/user/1000/bus,guid=93d3290e7b812fe3c4b33f80680d88c5', 'XDG_RUNTIME_DIR': '/run/user/1000', 'XDG_DATA_DIRS': '/usr/share/ubuntu:/usr/local/share/:/usr/share/:/var/lib/snapd/desktop', 'GDMSESSION': 'ubuntu', 'DBUS_SESSION_BUS_ADDRESS': 'unix:path=/run/user/1000/bus,guid=93d3290e7b812fe3c4b33f80680d88c5', 'BUILDDIR': '/home/vbharath/aesd_final_project/build', 'OLDPWD': '/home/vbharath/aesd_final_project', '_': '/home/vbharath/aesd_final_project/poky/bitbake/bin/bitbake-layers'}, ['/home/vbharath/aesd_final_project/poky/bitbake/bin/bitbake-layers', 'add-layer', '../meta-openembedded/meta-oe']]
557172 22:36:12.503658 Command Completed
557172 22:36:12.504241 Running command ['parseConfiguration']
557172 22:36:12.505181 Command Completed
557172 22:36:12.505570 Running command ['dataStoreConnectorCmd', 0, 'getVar', ('BBMULTICONFIG',), {}]
557172 22:36:12.506044 Command Completed
557172 22:36:12.506260 Running command ['dataStoreConnectorCmd', 0, 'getVar', ('BBPATH',), {}]
557172 22:36:12.506384 Command Completed
557172 22:36:12.509918 Running command ['dataStoreConnectorCmd', 0, 'getVar', ('BBLAYERS',), {}]
557172 22:36:12.510162 Command Completed
557172 22:36:12.510320 Running command ['dataStoreConnectorVarHistCmd', 0, 'get_variable_items_files', ('BBFILE_COLLECTIONS',), {}]
557172 22:36:12.510467 Command Completed
557172 22:36:12.511373 Running command ['dataStoreConnectorCmd', 0, 'getVar', ('BBLAYERS',), {}]
557172 22:36:12.511480 Command Completed
557172 22:36:12.511615 Running command ['dataStoreConnectorVarHistCmd', 0, 'get_variable_items_files', ('BBFILE_COLLECTIONS',), {}]
557172 22:36:12.511719 Command Completed
557172 22:36:12.512969 Running command ['dataStoreConnectorCmd', 0, 'getVar', ('BBLAYERS',), {}]
557172 22:36:12.513208 Command Completed
557172 22:36:12.513396 Running command ['dataStoreConnectorVarHistCmd', 0, 'get_variable_items_files', ('BBFILE_COLLECTIONS',), {}]
557172 22:36:12.513543 Command Completed
557172 22:36:12.514029 Running command ['dataStoreConnectorCmd', 0, 'getVar', ('BBLAYERS',), {}]
557172 22:36:12.514127 Command Completed
557172 22:36:12.514279 Running command ['dataStoreConnectorVarHistCmd', 0, 'get_variable_items_files', ('BBFILE_COLLECTIONS',), {}]
557172 22:36:12.514376 Command Completed
557172 22:36:12.516040 Running command ['clientComplete']
557172 22:36:12.516130 Command Completed
557172 22:36:12.516646 Processing Client
557172 22:36:12.516688 Disconnecting Client
557172 22:36:12.516782 No timeout, exiting.
557172 22:36:12.617869 Exiting
557172 22:36:12.620416 Original lockfile contents: ['557172\n']
557172 22:36:12.630322 Exiting as we could obtain the lock
sys:1: ResourceWarning: unclosed file <_io.TextIOWrapper name='/home/vbharath/aesd_final_project/build/bitbake-cookerdaemon.log' mode='a+' encoding='UTF-8'>
557183 22:36:12.862705 --- Starting bitbake server pid 557183 at 2025-04-29 22:36:12.862691 ---
557183 22:36:12.863433 Started bitbake server pid 557183
557183 22:36:12.863598 Entering server connection loop
557183 22:36:12.864301 Accepting [<socket.socket fd=6, family=AddressFamily.AF_UNIX, type=SocketKind.SOCK_STREAM, proto=0, laddr=bitbake.sock>] ([])
557183 22:36:12.865274 Processing Client
557183 22:36:12.865344 Connecting Client
557183 22:36:12.865498 Running command ['setFeatures', [2, 1]]
557183 22:36:12.865584 Command Completed
557183 22:36:12.866035 Running command ['updateConfig', {'halt': True, 'force': False, 'invalidate_stamp': None, 'dry_run': False, 'dump_signatures': [], 'extra_assume_provided': [], 'profile': False, 'prefile': [], 'postfile': [], 'server_timeout': None, 'nosetscene': False, 'setsceneonly': False, 'skipsetscene': False, 'runall': None, 'runonly': None, 'writeeventlog': None, 'build_verbose_shell': False, 'build_verbose_stdout': False, 'default_loglevel': 20, 'debug_domains': {}}, {'SHELL': '/bin/bash', 'BB_ENV_PASSTHROUGH_ADDITIONS': 'ALL_PROXY BBPATH_EXTRA BB_LOGCONFIG BB_NO_NETWORK BB_NUMBER_THREADS BB_SETSCENE_ENFORCE BB_SRCREV_POLICY DISTRO FTPS_PROXY FTP_PROXY GIT_PROXY_COMMAND HTTPS_PROXY HTTP_PROXY MACHINE NO_PROXY PARALLEL_MAKE SCREENDIR SDKMACHINE SOCKS5_PASSWD SOCKS5_USER SSH_AGENT_PID SSH_AUTH_SOCK STAMPS_DIR TCLIBC TCMODE all_proxy ftp_proxy ftps_proxy http_proxy https_proxy no_proxy ', 'SSH_AUTH_SOCK': '/run/user/1000/keyring/ssh', 'PWD': '/home/vbharath/aesd_final_project/build', 'LOGNAME': 'vbharath', 'HOME': '/home/vbharath', 'BBPATH': '/home/vbharath/aesd_final_project/build', 'USER': 'vbharath', 'PATH': '/home/vbharath/aesd_final_project/poky/scripts:/home/vbharath/aesd_final_project/poky/bitbake/bin:/usr/local/sbin:/usr/local/bin:/usr/sbin:/usr/bin:/sbin:/bin:/usr/games:/usr/local/games:/snap/bin:/snap/bin', 'LC_ALL': 'en_US.UTF-8', 'SESSION_MANAGER': 'local/ubuntu:@/tmp/.ICE-unix/1868,unix/ubuntu:/tmp/.ICE-unix/1868', 'QT_ACCESSIBILITY': '1', 'COLORTERM': 'truecolor', 'XDG_CONFIG_DIRS': '/etc/xdg/xdg-ubuntu:/etc/xdg', 'SSH_AGENT_LAUNCHER': 'gnome-keyring', 'XDG_MENU_PREFIX': 'gnome-', 'GNOME_DESKTOP_SESSION_ID': 'this-is-deprecated', 'GNOME_SHELL_SESSION_MODE': 'ubuntu', 'XMODIFIERS': '@im=ibus', 'DESKTOP_SESSION': 'ubuntu', 'GTK_MODULES': 'gail:atk-bridge', 'DBUS_STARTER_BUS_TYPE': 'session', 'XDG_SESSION_DESKTOP': 'ubuntu', 'XDG_SESSION_TYPE': 'wayland', 'SYSTEMD_EXEC_PID': '1868', 'XAUTHORITY': '/run/user/1000/.mutter-Xwaylandauth.XP1D52', 'USERNAME': 'vbharath', 'IM_CONFIG_PHASE': '1', 'LANG': 'en_US.UTF-8', 'LS_COLORS': 'rs=0:di=01;34:ln=01;36:mh=00:pi=40;33:so=01;35:do=01;35:bd=40;33;01:cd=40;33;01:or=40;31;01:mi=00:su=37;41:sg=30;43:ca=30;41:tw=30;42:ow=34;42:st=37;44:ex=01;32:*.tar=01;31:*.tgz=01;31:*.arc=01;31:*.arj=01;31:*.taz=01;31:*.lha=01;31:*.lz4=01;31:*.lzh=01;31:*.lzma=01;31:*.tlz=01;31:*.txz=01;31:*.tzo=01;31:*.t7z=01;31:*.zip=01;31:*.z=01;31:*.dz=01;31:*.gz=01;31:*.lrz=01;31:*.lz=01;31:*.lzo=01;31:*.xz=01;31:*.zst=01;31:*.tzst=01;31:*.bz2=01;31:*.bz=01;31:*.tbz=01;31:*.tbz2=01;31:*.tz=01;31:*.deb=01;31:*.rpm=01;31:*.jar=01;31:*.war=01;31:*.ear=01;31:*.sar=01;31:*.rar=01;31:*.alz=01;31:*.ace=01;31:*.zoo=01;31:*.cpio=01;31:*.7z=01;31:*.rz=01;31:*.cab=01;31:*.wim=01;31:*.swm=01;31:*.dwm=01;31:*.esd=01;31:*.jpg=01;35:*.jpeg=01;35:*.mjpg=01;35:*.mjpeg=01;35:*.gif=01;35:*.bmp=01;35:*.pbm=01;35:*.pgm=01;35:*.ppm=01;35:*.tga=01;35:*.xbm=01;35:*.xpm=01;35:*.tif=01;35:*.tiff=01;35:*.png=01;35:*.svg=01;35:*.svgz=01;35:*.mng=01;35:*.pcx=01;35:*.mov=01;35:*.mpg=01;35:*.mpeg=01;35:*.m2v=01;35:*.mkv=01;35:*.webm=01;35:*.webp=01;35:*.ogm=01;35:*.mp4=01;35:*.m4v=01;35:*.mp4v=01;35:*.vob=01;35:*.qt=01;35:*.nuv=01;35:*.wmv=01;35:*.asf=01;35:*.rm=01;35:*.rmvb=01;35:*.flc=01;35:*.avi=01;35:*.fli=01;35:*.flv=01;35:*.gl=01;35:*.dl=01;35:*.xcf=01;35:*.xwd=01;35:*.yuv=01;35:*.cgm=01;35:*.emf=01;35:*.ogv=01;35:*.ogx=01;35:*.aac=00;36:*.au=00;36:*.flac=00;36:*.m4a=00;36:*.mid=00;36:*.midi=00;36:*.mka=00;36:*.mp3=00;36:*.mpc=00;36:*.ogg=00;36:*.ra=00;36:*.wav=00;36:*.oga=00;36:*.opus=00;36:*.spx=00;36:*.xspf=00;36:', 'XDG_CURRENT_DESKTOP': 'ubuntu:GNOME', 'VTE_VERSION': '6800', 'WAYLAND_DISPLAY': 'wayland-0', 'GNOME_TERMINAL_SCREEN': '/org/gnome/Terminal/screen/b9f111c6_1614_4566_a43d_02029e2771b3', 'GNOME_SETUP_DISPLAY': ':1', 'LESSCLOSE': '/usr/bin/lesspipe %s %s', 'XDG_SESSION_CLASS': 'user', 'PYTHONPATH': '/home/vbharath/aesd_final_project/poky/bitbake/lib:', 'TERM': 'xterm-256color', 'LESSOPEN': '| /usr/bin/lesspipe %s', 'GNOME_TERMINAL_SERVICE': ':1.110', 'DISPLAY': ':0', 'SHLVL': '2', 'QT_IM_MODULE': 'ibus', 'DBUS_STARTER_ADDRESS': 'unix:path=/run/user/1000/bus,guid=93d3290e7b812fe3c4b33f80680d88c5', 'XDG_RUNTIME_DIR': '/run/user/1000', 'XDG_DATA_DIRS': '/usr/share/ubuntu:/usr/local/share/:/usr/share/:/var/lib/snapd/desktop', 'GDMSESSION': 'ubuntu', 'DBUS_SESSION_BUS_ADDRESS': 'unix:path=/run/user/1000/bus,guid=93d3290e7b812fe3c4b33f80680d88c5', 'BUILDDIR': '/home/vbharath/aesd_final_project/build', 'OLDPWD': '/home/vbharath/aesd_final_project', '_': '/home/vbharath/aesd_final_project/poky/bitbake/bin/bitbake-layers'}, ['/home/vbharath/aesd_final_project/poky/bitbake/bin/bitbake-layers', 'add-layer', '../meta-qt5']]
557183 22:36:13.071859 Command Completed
557183 22:36:13.072356 Running command ['parseConfiguration']
557183 22:36:13.073233 Command Completed
557183 22:36:13.073464 Running command ['dataStoreConnectorCmd', 0, 'getVar', ('BBMULTICONFIG',), {}]
557183 22:36:13.073620 Command Completed
557183 22:36:13.073914 Running command ['dataStoreConnectorCmd', 0, 'getVar', ('BBPATH',), {}]
557183 22:36:13.074039 Command Completed
557183 22:36:13.077911 Running command ['dataStoreConnectorCmd', 0, 'getVar', ('BBLAYERS',), {}]
557183 22:36:13.078047 Command Completed
557183 22:36:13.078262 Running command ['dataStoreConnectorVarHistCmd', 0, 'get_variable_items_files', ('BBFILE_COLLECTIONS',), {}]
557183 22:36:13.078409 Command Completed
557183 22:36:13.079197 Running command ['dataStoreConnectorCmd', 0, 'getVar', ('BBLAYERS',), {}]
557183 22:36:13.079288 Command Completed
557183 22:36:13.079420 Running command ['dataStoreConnectorVarHistCmd', 0, 'get_variable_items_files', ('BBFILE_COLLECTIONS',), {}]
557183 22:36:13.079516 Command Completed
557183 22:36:13.080110 Running command ['dataStoreConnectorCmd', 0, 'getVar', ('BBLAYERS',), {}]
557183 22:36:13.080212 Command Completed
557183 22:36:13.080341 Running command ['dataStoreConnectorVarHistCmd', 0, 'get_variable_items_files', ('BBFILE_COLLECTIONS',), {}]
557183 22:36:13.080445 Command Completed
557183 22:36:13.081729 Running command ['dataStoreConnectorCmd', 0, 'getVar', ('BBLAYERS',), {}]
557183 22:36:13.081835 Command Completed
557183 22:36:13.082024 Running command ['dataStoreConnectorVarHistCmd', 0, 'get_variable_items_files', ('BBFILE_COLLECTIONS',), {}]
557183 22:36:13.082124 Command Completed
557183 22:36:13.083906 Running command ['parseConfiguration']
557183 22:36:13.219817 Command Completed
557183 22:36:13.220552 Running command ['clientComplete']
557183 22:36:13.220903 Command Completed
557183 22:36:13.221171 Processing Client
557183 22:36:13.221207 Disconnecting Client
557183 22:36:13.221282 No timeout, exiting.
557183 22:36:13.323197 Exiting
557183 22:36:13.325897 Original lockfile contents: ['557183\n']
557183 22:36:13.326569 Exiting as we could obtain the lock
sys:1: ResourceWarning: unclosed file <_io.TextIOWrapper name='/home/vbharath/aesd_final_project/build/bitbake-cookerdaemon.log' mode='a+' encoding='UTF-8'>
557199 22:36:13.599133 --- Starting bitbake server pid 557199 at 2025-04-29 22:36:13.599107 ---
557199 22:36:13.600153 Started bitbake server pid 557199
557199 22:36:13.600320 Entering server connection loop
557199 22:36:13.600621 Accepting [<socket.socket fd=6, family=AddressFamily.AF_UNIX, type=SocketKind.SOCK_STREAM, proto=0, laddr=bitbake.sock>] ([])
557199 22:36:13.602715 Processing Client
557199 22:36:13.602794 Connecting Client
557199 22:36:13.602969 Running command ['setFeatures', [2, 1]]
557199 22:36:13.603062 Command Completed
557199 22:36:13.606109 Running command ['updateConfig', {'halt': True, 'force': False, 'invalidate_stamp': None, 'dry_run': False, 'dump_signatures': [], 'extra_assume_provided': [], 'profile': False, 'prefile': [], 'postfile': [], 'server_timeout': None, 'nosetscene': False, 'setsceneonly': False, 'skipsetscene': False, 'runall': None, 'runonly': None, 'writeeventlog': None, 'build_verbose_shell': False, 'build_verbose_stdout': False, 'default_loglevel': 20, 'debug_domains': {}}, {'SHELL': '/bin/bash', 'BB_ENV_PASSTHROUGH_ADDITIONS': 'ALL_PROXY BBPATH_EXTRA BB_LOGCONFIG BB_NO_NETWORK BB_NUMBER_THREADS BB_SETSCENE_ENFORCE BB_SRCREV_POLICY DISTRO FTPS_PROXY FTP_PROXY GIT_PROXY_COMMAND HTTPS_PROXY HTTP_PROXY MACHINE NO_PROXY PARALLEL_MAKE SCREENDIR SDKMACHINE SOCKS5_PASSWD SOCKS5_USER SSH_AGENT_PID SSH_AUTH_SOCK STAMPS_DIR TCLIBC TCMODE all_proxy ftp_proxy ftps_proxy http_proxy https_proxy no_proxy ', 'SSH_AUTH_SOCK': '/run/user/1000/keyring/ssh', 'PWD': '/home/vbharath/aesd_final_project/build', 'LOGNAME': 'vbharath', 'HOME': '/home/vbharath', 'BBPATH': '/home/vbharath/aesd_final_project/build', 'USER': 'vbharath', 'PATH': '/home/vbharath/aesd_final_project/poky/scripts:/home/vbharath/aesd_final_project/poky/bitbake/bin:/usr/local/sbin:/usr/local/bin:/usr/sbin:/usr/bin:/sbin:/bin:/usr/games:/usr/local/games:/snap/bin:/snap/bin', 'LC_ALL': 'en_US.UTF-8', 'SESSION_MANAGER': 'local/ubuntu:@/tmp/.ICE-unix/1868,unix/ubuntu:/tmp/.ICE-unix/1868', 'QT_ACCESSIBILITY': '1', 'COLORTERM': 'truecolor', 'XDG_CONFIG_DIRS': '/etc/xdg/xdg-ubuntu:/etc/xdg', 'SSH_AGENT_LAUNCHER': 'gnome-keyring', 'XDG_MENU_PREFIX': 'gnome-', 'GNOME_DESKTOP_SESSION_ID': 'this-is-deprecated', 'GNOME_SHELL_SESSION_MODE': 'ubuntu', 'XMODIFIERS': '@im=ibus', 'DESKTOP_SESSION': 'ubuntu', 'GTK_MODULES': 'gail:atk-bridge', 'DBUS_STARTER_BUS_TYPE': 'session', 'XDG_SESSION_DESKTOP': 'ubuntu', 'XDG_SESSION_TYPE': 'wayland', 'SYSTEMD_EXEC_PID': '1868', 'XAUTHORITY': '/run/user/1000/.mutter-Xwaylandauth.XP1D52', 'USERNAME': 'vbharath', 'IM_CONFIG_PHASE': '1', 'LANG': 'en_US.UTF-8', 'LS_COLORS': 'rs=0:di=01;34:ln=01;36:mh=00:pi=40;33:so=01;35:do=01;35:bd=40;33;01:cd=40;33;01:or=40;31;01:mi=00:su=37;41:sg=30;43:ca=30;41:tw=30;42:ow=34;42:st=37;44:ex=01;32:*.tar=01;31:*.tgz=01;31:*.arc=01;31:*.arj=01;31:*.taz=01;31:*.lha=01;31:*.lz4=01;31:*.lzh=01;31:*.lzma=01;31:*.tlz=01;31:*.txz=01;31:*.tzo=01;31:*.t7z=01;31:*.zip=01;31:*.z=01;31:*.dz=01;31:*.gz=01;31:*.lrz=01;31:*.lz=01;31:*.lzo=01;31:*.xz=01;31:*.zst=01;31:*.tzst=01;31:*.bz2=01;31:*.bz=01;31:*.tbz=01;31:*.tbz2=01;31:*.tz=01;31:*.deb=01;31:*.rpm=01;31:*.jar=01;31:*.war=01;31:*.ear=01;31:*.sar=01;31:*.rar=01;31:*.alz=01;31:*.ace=01;31:*.zoo=01;31:*.cpio=01;31:*.7z=01;31:*.rz=01;31:*.cab=01;31:*.wim=01;31:*.swm=01;31:*.dwm=01;31:*.esd=01;31:*.jpg=01;35:*.jpeg=01;35:*.mjpg=01;35:*.mjpeg=01;35:*.gif=01;35:*.bmp=01;35:*.pbm=01;35:*.pgm=01;35:*.ppm=01;35:*.tga=01;35:*.xbm=01;35:*.xpm=01;35:*.tif=01;35:*.tiff=01;35:*.png=01;35:*.svg=01;35:*.svgz=01;35:*.mng=01;35:*.pcx=01;35:*.mov=01;35:*.mpg=01;35:*.mpeg=01;35:*.m2v=01;35:*.mkv=01;35:*.webm=01;35:*.webp=01;35:*.ogm=01;35:*.mp4=01;35:*.m4v=01;35:*.mp4v=01;35:*.vob=01;35:*.qt=01;35:*.nuv=01;35:*.wmv=01;35:*.asf=01;35:*.rm=01;35:*.rmvb=01;35:*.flc=01;35:*.avi=01;35:*.fli=01;35:*.flv=01;35:*.gl=01;35:*.dl=01;35:*.xcf=01;35:*.xwd=01;35:*.yuv=01;35:*.cgm=01;35:*.emf=01;35:*.ogv=01;35:*.ogx=01;35:*.aac=00;36:*.au=00;36:*.flac=00;36:*.m4a=00;36:*.mid=00;36:*.midi=00;36:*.mka=00;36:*.mp3=00;36:*.mpc=00;36:*.ogg=00;36:*.ra=00;36:*.wav=00;36:*.oga=00;36:*.opus=00;36:*.spx=00;36:*.xspf=00;36:', 'XDG_CURRENT_DESKTOP': 'ubuntu:GNOME', 'VTE_VERSION': '6800', 'WAYLAND_DISPLAY': 'wayland-0', 'GNOME_TERMINAL_SCREEN': '/org/gnome/Terminal/screen/b9f111c6_1614_4566_a43d_02029e2771b3', 'GNOME_SETUP_DISPLAY': ':1', 'LESSCLOSE': '/usr/bin/lesspipe %s %s', 'XDG_SESSION_CLASS': 'user', 'PYTHONPATH': '/home/vbharath/aesd_final_project/poky/bitbake/lib:', 'TERM': 'xterm-256color', 'LESSOPEN': '| /usr/bin/lesspipe %s', 'GNOME_TERMINAL_SERVICE': ':1.110', 'DISPLAY': ':0', 'SHLVL': '2', 'QT_IM_MODULE': 'ibus', 'DBUS_STARTER_ADDRESS': 'unix:path=/run/user/1000/bus,guid=93d3290e7b812fe3c4b33f80680d88c5', 'XDG_RUNTIME_DIR': '/run/user/1000', 'XDG_DATA_DIRS': '/usr/share/ubuntu:/usr/local/share/:/usr/share/:/var/lib/snapd/desktop', 'GDMSESSION': 'ubuntu', 'DBUS_SESSION_BUS_ADDRESS': 'unix:path=/run/user/1000/bus,guid=93d3290e7b812fe3c4b33f80680d88c5', 'BUILDDIR': '/home/vbharath/aesd_final_project/build', 'OLDPWD': '/home/vbharath/aesd_final_project', '_': '/home/vbharath/aesd_final_project/poky/bitbake/bin/bitbake-layers'}, ['/home/vbharath/aesd_final_project/poky/bitbake/bin/bitbake-layers', 'add-layer', '../meta-openembedded/meta-python']]
557199 22:36:13.817635 Command Completed
557199 22:36:13.818268 Running command ['parseConfiguration']
557199 22:36:13.819156 Command Completed
557199 22:36:13.819593 Running command ['dataStoreConnectorCmd', 0, 'getVar', ('BBMULTICONFIG',), {}]
557199 22:36:13.819805 Command Completed
557199 22:36:13.820201 Running command ['dataStoreConnectorCmd', 0, 'getVar', ('BBPATH',), {}]
557199 22:36:13.820384 Command Completed
557199 22:36:13.824045 Running command ['dataStoreConnectorCmd', 0, 'getVar', ('BBLAYERS',), {}]
557199 22:36:13.824205 Command Completed
557199 22:36:13.824370 Running command ['dataStoreConnectorVarHistCmd', 0, 'get_variable_items_files', ('BBFILE_COLLECTIONS',), {}]
557199 22:36:13.824536 Command Completed
557199 22:36:13.825349 Running command ['dataStoreConnectorCmd', 0, 'getVar', ('BBLAYERS',), {}]
557199 22:36:13.825529 Command Completed
557199 22:36:13.825786 Running command ['dataStoreConnectorVarHistCmd', 0, 'get_variable_items_files', ('BBFILE_COLLECTIONS',), {}]
557199 22:36:13.825918 Command Completed
557199 22:36:13.827095 Running command ['dataStoreConnectorCmd', 0, 'getVar', ('BBLAYERS',), {}]
557199 22:36:13.827241 Command Completed
557199 22:36:13.827380 Running command ['dataStoreConnectorVarHistCmd', 0, 'get_variable_items_files', ('BBFILE_COLLECTIONS',), {}]
557199 22:36:13.827511 Command Completed
557199 22:36:13.828506 Running command ['dataStoreConnectorCmd', 0, 'getVar', ('BBLAYERS',), {}]
557199 22:36:13.828652 Command Completed
557199 22:36:13.828793 Running command ['dataStoreConnectorVarHistCmd', 0, 'get_variable_items_files', ('BBFILE_COLLECTIONS',), {}]
557199 22:36:13.828907 Command Completed
557199 22:36:13.830884 Running command ['parseConfiguration']
557199 22:36:13.972559 Command Completed
557199 22:36:13.973068 Running command ['clientComplete']
557199 22:36:13.973185 Command Completed
557199 22:36:13.973475 Processing Client
557199 22:36:13.973508 Disconnecting Client
557199 22:36:13.973583 No timeout, exiting.
557199 22:36:14.080268 Exiting
557199 22:36:14.082597 Original lockfile contents: ['557199\n']
557199 22:36:14.083378 Exiting as we could obtain the lock
sys:1: ResourceWarning: unclosed file <_io.TextIOWrapper name='/home/vbharath/aesd_final_project/build/bitbake-cookerdaemon.log' mode='a+' encoding='UTF-8'>
557215 22:36:14.331623 --- Starting bitbake server pid 557215 at 2025-04-29 22:36:14.331604 ---
557215 22:36:14.332351 Started bitbake server pid 557215
557215 22:36:14.333069 Entering server connection loop
557215 22:36:14.333279 Accepting [<socket.socket fd=6, family=AddressFamily.AF_UNIX, type=SocketKind.SOCK_STREAM, proto=0, laddr=bitbake.sock>] ([])
557215 22:36:14.333661 Processing Client
557215 22:36:14.333696 Connecting Client
557215 22:36:14.333860 Running command ['setFeatures', [2, 1]]
557215 22:36:14.333959 Command Completed
557215 22:36:14.334438 Running command ['updateConfig', {'halt': True, 'force': False, 'invalidate_stamp': None, 'dry_run': False, 'dump_signatures': [], 'extra_assume_provided': [], 'profile': False, 'prefile': [], 'postfile': [], 'server_timeout': None, 'nosetscene': False, 'setsceneonly': False, 'skipsetscene': False, 'runall': None, 'runonly': None, 'writeeventlog': None, 'build_verbose_shell': False, 'build_verbose_stdout': False, 'default_loglevel': 20, 'debug_domains': {}}, {'SHELL': '/bin/bash', 'BB_ENV_PASSTHROUGH_ADDITIONS': 'ALL_PROXY BBPATH_EXTRA BB_LOGCONFIG BB_NO_NETWORK BB_NUMBER_THREADS BB_SETSCENE_ENFORCE BB_SRCREV_POLICY DISTRO FTPS_PROXY FTP_PROXY GIT_PROXY_COMMAND HTTPS_PROXY HTTP_PROXY MACHINE NO_PROXY PARALLEL_MAKE SCREENDIR SDKMACHINE SOCKS5_PASSWD SOCKS5_USER SSH_AGENT_PID SSH_AUTH_SOCK STAMPS_DIR TCLIBC TCMODE all_proxy ftp_proxy ftps_proxy http_proxy https_proxy no_proxy ', 'SSH_AUTH_SOCK': '/run/user/1000/keyring/ssh', 'PWD': '/home/vbharath/aesd_final_project/build', 'LOGNAME': 'vbharath', 'HOME': '/home/vbharath', 'BBPATH': '/home/vbharath/aesd_final_project/build', 'USER': 'vbharath', 'PATH': '/home/vbharath/aesd_final_project/poky/scripts:/home/vbharath/aesd_final_project/poky/bitbake/bin:/usr/local/sbin:/usr/local/bin:/usr/sbin:/usr/bin:/sbin:/bin:/usr/games:/usr/local/games:/snap/bin:/snap/bin', 'LC_ALL': 'en_US.UTF-8', 'SESSION_MANAGER': 'local/ubuntu:@/tmp/.ICE-unix/1868,unix/ubuntu:/tmp/.ICE-unix/1868', 'QT_ACCESSIBILITY': '1', 'COLORTERM': 'truecolor', 'XDG_CONFIG_DIRS': '/etc/xdg/xdg-ubuntu:/etc/xdg', 'SSH_AGENT_LAUNCHER': 'gnome-keyring', 'XDG_MENU_PREFIX': 'gnome-', 'GNOME_DESKTOP_SESSION_ID': 'this-is-deprecated', 'GNOME_SHELL_SESSION_MODE': 'ubuntu', 'XMODIFIERS': '@im=ibus', 'DESKTOP_SESSION': 'ubuntu', 'GTK_MODULES': 'gail:atk-bridge', 'DBUS_STARTER_BUS_TYPE': 'session', 'XDG_SESSION_DESKTOP': 'ubuntu', 'XDG_SESSION_TYPE': 'wayland', 'SYSTEMD_EXEC_PID': '1868', 'XAUTHORITY': '/run/user/1000/.mutter-Xwaylandauth.XP1D52', 'USERNAME': 'vbharath', 'IM_CONFIG_PHASE': '1', 'LANG': 'en_US.UTF-8', 'LS_COLORS': 'rs=0:di=01;34:ln=01;36:mh=00:pi=40;33:so=01;35:do=01;35:bd=40;33;01:cd=40;33;01:or=40;31;01:mi=00:su=37;41:sg=30;43:ca=30;41:tw=30;42:ow=34;42:st=37;44:ex=01;32:*.tar=01;31:*.tgz=01;31:*.arc=01;31:*.arj=01;31:*.taz=01;31:*.lha=01;31:*.lz4=01;31:*.lzh=01;31:*.lzma=01;31:*.tlz=01;31:*.txz=01;31:*.tzo=01;31:*.t7z=01;31:*.zip=01;31:*.z=01;31:*.dz=01;31:*.gz=01;31:*.lrz=01;31:*.lz=01;31:*.lzo=01;31:*.xz=01;31:*.zst=01;31:*.tzst=01;31:*.bz2=01;31:*.bz=01;31:*.tbz=01;31:*.tbz2=01;31:*.tz=01;31:*.deb=01;31:*.rpm=01;31:*.jar=01;31:*.war=01;31:*.ear=01;31:*.sar=01;31:*.rar=01;31:*.alz=01;31:*.ace=01;31:*.zoo=01;31:*.cpio=01;31:*.7z=01;31:*.rz=01;31:*.cab=01;31:*.wim=01;31:*.swm=01;31:*.dwm=01;31:*.esd=01;31:*.jpg=01;35:*.jpeg=01;35:*.mjpg=01;35:*.mjpeg=01;35:*.gif=01;35:*.bmp=01;35:*.pbm=01;35:*.pgm=01;35:*.ppm=01;35:*.tga=01;35:*.xbm=01;35:*.xpm=01;35:*.tif=01;35:*.tiff=01;35:*.png=01;35:*.svg=01;35:*.svgz=01;35:*.mng=01;35:*.pcx=01;35:*.mov=01;35:*.mpg=01;35:*.mpeg=01;35:*.m2v=01;35:*.mkv=01;35:*.webm=01;35:*.webp=01;35:*.ogm=01;35:*.mp4=01;35:*.m4v=01;35:*.mp4v=01;35:*.vob=01;35:*.qt=01;35:*.nuv=01;35:*.wmv=01;35:*.asf=01;35:*.rm=01;35:*.rmvb=01;35:*.flc=01;35:*.avi=01;35:*.fli=01;35:*.flv=01;35:*.gl=01;35:*.dl=01;35:*.xcf=01;35:*.xwd=01;35:*.yuv=01;35:*.cgm=01;35:*.emf=01;35:*.ogv=01;35:*.ogx=01;35:*.aac=00;36:*.au=00;36:*.flac=00;36:*.m4a=00;36:*.mid=00;36:*.midi=00;36:*.mka=00;36:*.mp3=00;36:*.mpc=00;36:*.ogg=00;36:*.ra=00;36:*.wav=00;36:*.oga=00;36:*.opus=00;36:*.spx=00;36:*.xspf=00;36:', 'XDG_CURRENT_DESKTOP': 'ubuntu:GNOME', 'VTE_VERSION': '6800', 'WAYLAND_DISPLAY': 'wayland-0', 'GNOME_TERMINAL_SCREEN': '/org/gnome/Terminal/screen/b9f111c6_1614_4566_a43d_02029e2771b3', 'GNOME_SETUP_DISPLAY': ':1', 'LESSCLOSE': '/usr/bin/lesspipe %s %s', 'XDG_SESSION_CLASS': 'user', 'PYTHONPATH': '/home/vbharath/aesd_final_project/poky/bitbake/lib:', 'TERM': 'xterm-256color', 'LESSOPEN': '| /usr/bin/lesspipe %s', 'GNOME_TERMINAL_SERVICE': ':1.110', 'DISPLAY': ':0', 'SHLVL': '2', 'QT_IM_MODULE': 'ibus', 'DBUS_STARTER_ADDRESS': 'unix:path=/run/user/1000/bus,guid=93d3290e7b812fe3c4b33f80680d88c5', 'XDG_RUNTIME_DIR': '/run/user/1000', 'XDG_DATA_DIRS': '/usr/share/ubuntu:/usr/local/share/:/usr/share/:/var/lib/snapd/desktop', 'GDMSESSION': 'ubuntu', 'DBUS_SESSION_BUS_ADDRESS': 'unix:path=/run/user/1000/bus,guid=93d3290e7b812fe3c4b33f80680d88c5', 'BUILDDIR': '/home/vbharath/aesd_final_project/build', 'OLDPWD': '/home/vbharath/aesd_final_project', '_': '/home/vbharath/aesd_final_project/poky/bitbake/bin/bitbake-layers'}, ['/home/vbharath/aesd_final_project/poky/bitbake/bin/bitbake-layers', 'add-layer', '../meta-openembedded/meta-webserver']]
557215 22:36:14.534334 Command Completed
557215 22:36:14.534983 Running command ['parseConfiguration']
557215 22:36:14.536397 Command Completed
557215 22:36:14.536586 Running command ['dataStoreConnectorCmd', 0, 'getVar', ('BBMULTICONFIG',), {}]
557215 22:36:14.536742 Command Completed
557215 22:36:14.537126 Running command ['dataStoreConnectorCmd', 0, 'getVar', ('BBPATH',), {}]
557215 22:36:14.537257 Command Completed
557215 22:36:14.540928 Running command ['dataStoreConnectorCmd', 0, 'getVar', ('BBLAYERS',), {}]
557215 22:36:14.541037 Command Completed
557215 22:36:14.541318 Running command ['dataStoreConnectorVarHistCmd', 0, 'get_variable_items_files', ('BBFILE_COLLECTIONS',), {}]
557215 22:36:14.541467 Command Completed
557215 22:36:14.542278 Running command ['dataStoreConnectorCmd', 0, 'getVar', ('BBLAYERS',), {}]
557215 22:36:14.542369 Command Completed
557215 22:36:14.542552 Running command ['dataStoreConnectorVarHistCmd', 0, 'get_variable_items_files', ('BBFILE_COLLECTIONS',), {}]
557215 22:36:14.542649 Command Completed
557215 22:36:14.543561 Running command ['dataStoreConnectorCmd', 0, 'getVar', ('BBLAYERS',), {}]
557215 22:36:14.543643 Command Completed
557215 22:36:14.543781 Running command ['dataStoreConnectorVarHistCmd', 0, 'get_variable_items_files', ('BBFILE_COLLECTIONS',), {}]
557215 22:36:14.543953 Command Completed
557215 22:36:14.544508 Running command ['dataStoreConnectorCmd', 0, 'getVar', ('BBLAYERS',), {}]
557215 22:36:14.544600 Command Completed
557215 22:36:14.544796 Running command ['dataStoreConnectorVarHistCmd', 0, 'get_variable_items_files', ('BBFILE_COLLECTIONS',), {}]
557215 22:36:14.544904 Command Completed
557215 22:36:14.546396 Running command ['parseConfiguration']
557215 22:36:14.689088 Command Completed
557215 22:36:14.689659 Running command ['clientComplete']
557215 22:36:14.689776 Command Completed
557215 22:36:14.690080 Processing Client
557215 22:36:14.690117 Disconnecting Client
557215 22:36:14.690191 No timeout, exiting.
557215 22:36:14.795013 Exiting
557215 22:36:14.805115 Original lockfile contents: ['557215\n']
557215 22:36:14.814199 Exiting as we could obtain the lock
sys:1: ResourceWarning: unclosed file <_io.TextIOWrapper name='/home/vbharath/aesd_final_project/build/bitbake-cookerdaemon.log' mode='a+' encoding='UTF-8'>
557231 22:36:15.078696 --- Starting bitbake server pid 557231 at 2025-04-29 22:36:15.078683 ---
557231 22:36:15.079524 Started bitbake server pid 557231
557231 22:36:15.080091 Entering server connection loop
557231 22:36:15.080284 Accepting [<socket.socket fd=6, family=AddressFamily.AF_UNIX, type=SocketKind.SOCK_STREAM, proto=0, laddr=bitbake.sock>] ([])
557231 22:36:15.081179 Processing Client
557231 22:36:15.081258 Connecting Client
557231 22:36:15.081415 Running command ['setFeatures', [2, 1]]
557231 22:36:15.081494 Command Completed
557231 22:36:15.082240 Running command ['updateConfig', {'halt': True, 'force': False, 'invalidate_stamp': None, 'dry_run': False, 'dump_signatures': [], 'extra_assume_provided': [], 'profile': False, 'prefile': [], 'postfile': [], 'server_timeout': None, 'nosetscene': False, 'setsceneonly': False, 'skipsetscene': False, 'runall': None, 'runonly': None, 'writeeventlog': None, 'build_verbose_shell': False, 'build_verbose_stdout': False, 'default_loglevel': 20, 'debug_domains': {}}, {'SHELL': '/bin/bash', 'BB_ENV_PASSTHROUGH_ADDITIONS': 'ALL_PROXY BBPATH_EXTRA BB_LOGCONFIG BB_NO_NETWORK BB_NUMBER_THREADS BB_SETSCENE_ENFORCE BB_SRCREV_POLICY DISTRO FTPS_PROXY FTP_PROXY GIT_PROXY_COMMAND HTTPS_PROXY HTTP_PROXY MACHINE NO_PROXY PARALLEL_MAKE SCREENDIR SDKMACHINE SOCKS5_PASSWD SOCKS5_USER SSH_AGENT_PID SSH_AUTH_SOCK STAMPS_DIR TCLIBC TCMODE all_proxy ftp_proxy ftps_proxy http_proxy https_proxy no_proxy ', 'SSH_AUTH_SOCK': '/run/user/1000/keyring/ssh', 'PWD': '/home/vbharath/aesd_final_project/build', 'LOGNAME': 'vbharath', 'HOME': '/home/vbharath', 'BBPATH': '/home/vbharath/aesd_final_project/build', 'USER': 'vbharath', 'PATH': '/home/vbharath/aesd_final_project/poky/scripts:/home/vbharath/aesd_final_project/poky/bitbake/bin:/usr/local/sbin:/usr/local/bin:/usr/sbin:/usr/bin:/sbin:/bin:/usr/games:/usr/local/games:/snap/bin:/snap/bin', 'LC_ALL': 'en_US.UTF-8', 'SESSION_MANAGER': 'local/ubuntu:@/tmp/.ICE-unix/1868,unix/ubuntu:/tmp/.ICE-unix/1868', 'QT_ACCESSIBILITY': '1', 'COLORTERM': 'truecolor', 'XDG_CONFIG_DIRS': '/etc/xdg/xdg-ubuntu:/etc/xdg', 'SSH_AGENT_LAUNCHER': 'gnome-keyring', 'XDG_MENU_PREFIX': 'gnome-', 'GNOME_DESKTOP_SESSION_ID': 'this-is-deprecated', 'GNOME_SHELL_SESSION_MODE': 'ubuntu', 'XMODIFIERS': '@im=ibus', 'DESKTOP_SESSION': 'ubuntu', 'GTK_MODULES': 'gail:atk-bridge', 'DBUS_STARTER_BUS_TYPE': 'session', 'XDG_SESSION_DESKTOP': 'ubuntu', 'XDG_SESSION_TYPE': 'wayland', 'SYSTEMD_EXEC_PID': '1868', 'XAUTHORITY': '/run/user/1000/.mutter-Xwaylandauth.XP1D52', 'USERNAME': 'vbharath', 'IM_CONFIG_PHASE': '1', 'LANG': 'en_US.UTF-8', 'LS_COLORS': 'rs=0:di=01;34:ln=01;36:mh=00:pi=40;33:so=01;35:do=01;35:bd=40;33;01:cd=40;33;01:or=40;31;01:mi=00:su=37;41:sg=30;43:ca=30;41:tw=30;42:ow=34;42:st=37;44:ex=01;32:*.tar=01;31:*.tgz=01;31:*.arc=01;31:*.arj=01;31:*.taz=01;31:*.lha=01;31:*.lz4=01;31:*.lzh=01;31:*.lzma=01;31:*.tlz=01;31:*.txz=01;31:*.tzo=01;31:*.t7z=01;31:*.zip=01;31:*.z=01;31:*.dz=01;31:*.gz=01;31:*.lrz=01;31:*.lz=01;31:*.lzo=01;31:*.xz=01;31:*.zst=01;31:*.tzst=01;31:*.bz2=01;31:*.bz=01;31:*.tbz=01;31:*.tbz2=01;31:*.tz=01;31:*.deb=01;31:*.rpm=01;31:*.jar=01;31:*.war=01;31:*.ear=01;31:*.sar=01;31:*.rar=01;31:*.alz=01;31:*.ace=01;31:*.zoo=01;31:*.cpio=01;31:*.7z=01;31:*.rz=01;31:*.cab=01;31:*.wim=01;31:*.swm=01;31:*.dwm=01;31:*.esd=01;31:*.jpg=01;35:*.jpeg=01;35:*.mjpg=01;35:*.mjpeg=01;35:*.gif=01;35:*.bmp=01;35:*.pbm=01;35:*.pgm=01;35:*.ppm=01;35:*.tga=01;35:*.xbm=01;35:*.xpm=01;35:*.tif=01;35:*.tiff=01;35:*.png=01;35:*.svg=01;35:*.svgz=01;35:*.mng=01;35:*.pcx=01;35:*.mov=01;35:*.mpg=01;35:*.mpeg=01;35:*.m2v=01;35:*.mkv=01;35:*.webm=01;35:*.webp=01;35:*.ogm=01;35:*.mp4=01;35:*.m4v=01;35:*.mp4v=01;35:*.vob=01;35:*.qt=01;35:*.nuv=01;35:*.wmv=01;35:*.asf=01;35:*.rm=01;35:*.rmvb=01;35:*.flc=01;35:*.avi=01;35:*.fli=01;35:*.flv=01;35:*.gl=01;35:*.dl=01;35:*.xcf=01;35:*.xwd=01;35:*.yuv=01;35:*.cgm=01;35:*.emf=01;35:*.ogv=01;35:*.ogx=01;35:*.aac=00;36:*.au=00;36:*.flac=00;36:*.m4a=00;36:*.mid=00;36:*.midi=00;36:*.mka=00;36:*.mp3=00;36:*.mpc=00;36:*.ogg=00;36:*.ra=00;36:*.wav=00;36:*.oga=00;36:*.opus=00;36:*.spx=00;36:*.xspf=00;36:', 'XDG_CURRENT_DESKTOP': 'ubuntu:GNOME', 'VTE_VERSION': '6800', 'WAYLAND_DISPLAY': 'wayland-0', 'GNOME_TERMINAL_SCREEN': '/org/gnome/Terminal/screen/b9f111c6_1614_4566_a43d_02029e2771b3', 'GNOME_SETUP_DISPLAY': ':1', 'LESSCLOSE': '/usr/bin/lesspipe %s %s', 'XDG_SESSION_CLASS': 'user', 'PYTHONPATH': '/home/vbharath/aesd_final_project/poky/bitbake/lib:', 'TERM': 'xterm-256color', 'LESSOPEN': '| /usr/bin/lesspipe %s', 'GNOME_TERMINAL_SERVICE': ':1.110', 'DISPLAY': ':0', 'SHLVL': '2', 'QT_IM_MODULE': 'ibus', 'DBUS_STARTER_ADDRESS': 'unix:path=/run/user/1000/bus,guid=93d3290e7b812fe3c4b33f80680d88c5', 'XDG_RUNTIME_DIR': '/run/user/1000', 'XDG_DATA_DIRS': '/usr/share/ubuntu:/usr/local/share/:/usr/share/:/var/lib/snapd/desktop', 'GDMSESSION': 'ubuntu', 'DBUS_SESSION_BUS_ADDRESS': 'unix:path=/run/user/1000/bus,guid=93d3290e7b812fe3c4b33f80680d88c5', 'BUILDDIR': '/home/vbharath/aesd_final_project/build', 'OLDPWD': '/home/vbharath/aesd_final_project', '_': '/home/vbharath/aesd_final_project/poky/bitbake/bin/bitbake-layers'}, ['/home/vbharath/aesd_final_project/poky/bitbake/bin/bitbake-layers', 'add-layer', '../meta-openembedded/meta-networking']]
557231 22:36:15.309693 Command Completed
557231 22:36:15.310127 Running command ['parseConfiguration']
557231 22:36:15.311698 Command Completed
557231 22:36:15.311813 Running command ['dataStoreConnectorCmd', 0, 'getVar', ('BBMULTICONFIG',), {}]
557231 22:36:15.311959 Command Completed
557231 22:36:15.312195 Running command ['dataStoreConnectorCmd', 0, 'getVar', ('BBPATH',), {}]
557231 22:36:15.312397 Command Completed
557231 22:36:15.316276 Running command ['dataStoreConnectorCmd', 0, 'getVar', ('BBLAYERS',), {}]
557231 22:36:15.316429 Command Completed
557231 22:36:15.316725 Running command ['dataStoreConnectorVarHistCmd', 0, 'get_variable_items_files', ('BBFILE_COLLECTIONS',), {}]
557231 22:36:15.317175 Command Completed
557231 22:36:15.317975 Running command ['dataStoreConnectorCmd', 0, 'getVar', ('BBLAYERS',), {}]
557231 22:36:15.318096 Command Completed
557231 22:36:15.318235 Running command ['dataStoreConnectorVarHistCmd', 0, 'get_variable_items_files', ('BBFILE_COLLECTIONS',), {}]
557231 22:36:15.318354 Command Completed
557231 22:36:15.319277 Running command ['dataStoreConnectorCmd', 0, 'getVar', ('BBLAYERS',), {}]
557231 22:36:15.319866 Command Completed
557231 22:36:15.319971 Running command ['dataStoreConnectorVarHistCmd', 0, 'get_variable_items_files', ('BBFILE_COLLECTIONS',), {}]
557231 22:36:15.320089 Command Completed
557231 22:36:15.321340 Running command ['dataStoreConnectorCmd', 0, 'getVar', ('BBLAYERS',), {}]
557231 22:36:15.321480 Command Completed
557231 22:36:15.321694 Running command ['dataStoreConnectorVarHistCmd', 0, 'get_variable_items_files', ('BBFILE_COLLECTIONS',), {}]
557231 22:36:15.321820 Command Completed
557231 22:36:15.323505 Running command ['parseConfiguration']
557231 22:36:15.457758 Command Completed
557231 22:36:15.458001 Running command ['clientComplete']
557231 22:36:15.458084 Command Completed
557231 22:36:15.458298 Processing Client
557231 22:36:15.458332 Disconnecting Client
557231 22:36:15.458404 No timeout, exiting.
557231 22:36:15.568290 Exiting
557231 22:36:15.571223 Original lockfile contents: ['557231\n']
557231 22:36:15.571725 Exiting as we could obtain the lock
sys:1: ResourceWarning: unclosed file <_io.TextIOWrapper name='/home/vbharath/aesd_final_project/build/bitbake-cookerdaemon.log' mode='a+' encoding='UTF-8'>
557247 22:36:15.801301 --- Starting bitbake server pid 557247 at 2025-04-29 22:36:15.801287 ---
557247 22:36:15.802161 Started bitbake server pid 557247
557247 22:36:15.802295 Entering server connection loop
557247 22:36:15.802584 Accepting [<socket.socket fd=6, family=AddressFamily.AF_UNIX, type=SocketKind.SOCK_STREAM, proto=0, laddr=bitbake.sock>] ([])
557247 22:36:15.803478 Processing Client
557247 22:36:15.803524 Connecting Client
557247 22:36:15.803813 Running command ['setFeatures', [2, 1]]
557247 22:36:15.803929 Command Completed
557247 22:36:15.804597 Running command ['updateConfig', {'halt': True, 'force': False, 'invalidate_stamp': None, 'dry_run': False, 'dump_signatures': [], 'extra_assume_provided': [], 'profile': False, 'prefile': [], 'postfile': [], 'server_timeout': None, 'nosetscene': False, 'setsceneonly': False, 'skipsetscene': False, 'runall': None, 'runonly': None, 'writeeventlog': None, 'build_verbose_shell': False, 'build_verbose_stdout': False, 'default_loglevel': 20, 'debug_domains': {}}, {'SHELL': '/bin/bash', 'BB_ENV_PASSTHROUGH_ADDITIONS': 'ALL_PROXY BBPATH_EXTRA BB_LOGCONFIG BB_NO_NETWORK BB_NUMBER_THREADS BB_SETSCENE_ENFORCE BB_SRCREV_POLICY DISTRO FTPS_PROXY FTP_PROXY GIT_PROXY_COMMAND HTTPS_PROXY HTTP_PROXY MACHINE NO_PROXY PARALLEL_MAKE SCREENDIR SDKMACHINE SOCKS5_PASSWD SOCKS5_USER SSH_AGENT_PID SSH_AUTH_SOCK STAMPS_DIR TCLIBC TCMODE all_proxy ftp_proxy ftps_proxy http_proxy https_proxy no_proxy ', 'SSH_AUTH_SOCK': '/run/user/1000/keyring/ssh', 'PWD': '/home/vbharath/aesd_final_project/build', 'LOGNAME': 'vbharath', 'HOME': '/home/vbharath', 'BBPATH': '/home/vbharath/aesd_final_project/build', 'USER': 'vbharath', 'PATH': '/home/vbharath/aesd_final_project/poky/scripts:/home/vbharath/aesd_final_project/poky/bitbake/bin:/usr/local/sbin:/usr/local/bin:/usr/sbin:/usr/bin:/sbin:/bin:/usr/games:/usr/local/games:/snap/bin:/snap/bin', 'LC_ALL': 'en_US.UTF-8', 'SESSION_MANAGER': 'local/ubuntu:@/tmp/.ICE-unix/1868,unix/ubuntu:/tmp/.ICE-unix/1868', 'QT_ACCESSIBILITY': '1', 'COLORTERM': 'truecolor', 'XDG_CONFIG_DIRS': '/etc/xdg/xdg-ubuntu:/etc/xdg', 'SSH_AGENT_LAUNCHER': 'gnome-keyring', 'XDG_MENU_PREFIX': 'gnome-', 'GNOME_DESKTOP_SESSION_ID': 'this-is-deprecated', 'GNOME_SHELL_SESSION_MODE': 'ubuntu', 'XMODIFIERS': '@im=ibus', 'DESKTOP_SESSION': 'ubuntu', 'GTK_MODULES': 'gail:atk-bridge', 'DBUS_STARTER_BUS_TYPE': 'session', 'XDG_SESSION_DESKTOP': 'ubuntu', 'XDG_SESSION_TYPE': 'wayland', 'SYSTEMD_EXEC_PID': '1868', 'XAUTHORITY': '/run/user/1000/.mutter-Xwaylandauth.XP1D52', 'USERNAME': 'vbharath', 'IM_CONFIG_PHASE': '1', 'LANG': 'en_US.UTF-8', 'LS_COLORS': 'rs=0:di=01;34:ln=01;36:mh=00:pi=40;33:so=01;35:do=01;35:bd=40;33;01:cd=40;33;01:or=40;31;01:mi=00:su=37;41:sg=30;43:ca=30;41:tw=30;42:ow=34;42:st=37;44:ex=01;32:*.tar=01;31:*.tgz=01;31:*.arc=01;31:*.arj=01;31:*.taz=01;31:*.lha=01;31:*.lz4=01;31:*.lzh=01;31:*.lzma=01;31:*.tlz=01;31:*.txz=01;31:*.tzo=01;31:*.t7z=01;31:*.zip=01;31:*.z=01;31:*.dz=01;31:*.gz=01;31:*.lrz=01;31:*.lz=01;31:*.lzo=01;31:*.xz=01;31:*.zst=01;31:*.tzst=01;31:*.bz2=01;31:*.bz=01;31:*.tbz=01;31:*.tbz2=01;31:*.tz=01;31:*.deb=01;31:*.rpm=01;31:*.jar=01;31:*.war=01;31:*.ear=01;31:*.sar=01;31:*.rar=01;31:*.alz=01;31:*.ace=01;31:*.zoo=01;31:*.cpio=01;31:*.7z=01;31:*.rz=01;31:*.cab=01;31:*.wim=01;31:*.swm=01;31:*.dwm=01;31:*.esd=01;31:*.jpg=01;35:*.jpeg=01;35:*.mjpg=01;35:*.mjpeg=01;35:*.gif=01;35:*.bmp=01;35:*.pbm=01;35:*.pgm=01;35:*.ppm=01;35:*.tga=01;35:*.xbm=01;35:*.xpm=01;35:*.tif=01;35:*.tiff=01;35:*.png=01;35:*.svg=01;35:*.svgz=01;35:*.mng=01;35:*.pcx=01;35:*.mov=01;35:*.mpg=01;35:*.mpeg=01;35:*.m2v=01;35:*.mkv=01;35:*.webm=01;35:*.webp=01;35:*.ogm=01;35:*.mp4=01;35:*.m4v=01;35:*.mp4v=01;35:*.vob=01;35:*.qt=01;35:*.nuv=01;35:*.wmv=01;35:*.asf=01;35:*.rm=01;35:*.rmvb=01;35:*.flc=01;35:*.avi=01;35:*.fli=01;35:*.flv=01;35:*.gl=01;35:*.dl=01;35:*.xcf=01;35:*.xwd=01;35:*.yuv=01;35:*.cgm=01;35:*.emf=01;35:*.ogv=01;35:*.ogx=01;35:*.aac=00;36:*.au=00;36:*.flac=00;36:*.m4a=00;36:*.mid=00;36:*.midi=00;36:*.mka=00;36:*.mp3=00;36:*.mpc=00;36:*.ogg=00;36:*.ra=00;36:*.wav=00;36:*.oga=00;36:*.opus=00;36:*.spx=00;36:*.xspf=00;36:', 'XDG_CURRENT_DESKTOP': 'ubuntu:GNOME', 'VTE_VERSION': '6800', 'WAYLAND_DISPLAY': 'wayland-0', 'GNOME_TERMINAL_SCREEN': '/org/gnome/Terminal/screen/b9f111c6_1614_4566_a43d_02029e2771b3', 'GNOME_SETUP_DISPLAY': ':1', 'LESSCLOSE': '/usr/bin/lesspipe %s %s', 'XDG_SESSION_CLASS': 'user', 'PYTHONPATH': '/home/vbharath/aesd_final_project/poky/bitbake/lib:', 'TERM': 'xterm-256color', 'LESSOPEN': '| /usr/bin/lesspipe %s', 'GNOME_TERMINAL_SERVICE': ':1.110', 'DISPLAY': ':0', 'SHLVL': '2', 'QT_IM_MODULE': 'ibus', 'DBUS_STARTER_ADDRESS': 'unix:path=/run/user/1000/bus,guid=93d3290e7b812fe3c4b33f80680d88c5', 'XDG_RUNTIME_DIR': '/run/user/1000', 'XDG_DATA_DIRS': '/usr/share/ubuntu:/usr/local/share/:/usr/share/:/var/lib/snapd/desktop', 'GDMSESSION': 'ubuntu', 'DBUS_SESSION_BUS_ADDRESS': 'unix:path=/run/user/1000/bus,guid=93d3290e7b812fe3c4b33f80680d88c5', 'BUILDDIR': '/home/vbharath/aesd_final_project/build', 'OLDPWD': '/home/vbharath/aesd_final_project', '_': '/home/vbharath/aesd_final_project/poky/bitbake/bin/bitbake-layers'}, ['/home/vbharath/aesd_final_project/poky/bitbake/bin/bitbake-layers', 'add-layer', '../meta-openembedded/meta-multimedia']]
557247 22:36:16.021568 Command Completed
557247 22:36:16.022184 Running command ['parseConfiguration']
557247 22:36:16.023569 Command Completed
557247 22:36:16.024041 Running command ['dataStoreConnectorCmd', 0, 'getVar', ('BBMULTICONFIG',), {}]
557247 22:36:16.024237 Command Completed
557247 22:36:16.024469 Running command ['dataStoreConnectorCmd', 0, 'getVar', ('BBPATH',), {}]
557247 22:36:16.024663 Command Completed
557247 22:36:16.028690 Running command ['dataStoreConnectorCmd', 0, 'getVar', ('BBLAYERS',), {}]
557247 22:36:16.028873 Command Completed
557247 22:36:16.029127 Running command ['dataStoreConnectorVarHistCmd', 0, 'get_variable_items_files', ('BBFILE_COLLECTIONS',), {}]
557247 22:36:16.029307 Command Completed
557247 22:36:16.030170 Running command ['dataStoreConnectorCmd', 0, 'getVar', ('BBLAYERS',), {}]
557247 22:36:16.030287 Command Completed
557247 22:36:16.030434 Running command ['dataStoreConnectorVarHistCmd', 0, 'get_variable_items_files', ('BBFILE_COLLECTIONS',), {}]
557247 22:36:16.030554 Command Completed
557247 22:36:16.032013 Running command ['dataStoreConnectorCmd', 0, 'getVar', ('BBLAYERS',), {}]
557247 22:36:16.032163 Command Completed
557247 22:36:16.032249 Running command ['dataStoreConnectorVarHistCmd', 0, 'get_variable_items_files', ('BBFILE_COLLECTIONS',), {}]
557247 22:36:16.032357 Command Completed
557247 22:36:16.033119 Running command ['dataStoreConnectorCmd', 0, 'getVar', ('BBLAYERS',), {}]
557247 22:36:16.033263 Command Completed
557247 22:36:16.033335 Running command ['dataStoreConnectorVarHistCmd', 0, 'get_variable_items_files', ('BBFILE_COLLECTIONS',), {}]
557247 22:36:16.033439 Command Completed
557247 22:36:16.035169 Running command ['parseConfiguration']
557247 22:36:16.194124 Command Completed
557247 22:36:16.194939 Running command ['clientComplete']
557247 22:36:16.195066 Command Completed
557247 22:36:16.195300 Processing Client
557247 22:36:16.195337 Disconnecting Client
557247 22:36:16.195416 No timeout, exiting.
557247 22:36:16.303589 Exiting
557247 22:36:16.306538 Original lockfile contents: ['557247\n']
557247 22:36:16.307184 Exiting as we could obtain the lock
sys:1: ResourceWarning: unclosed file <_io.TextIOWrapper name='/home/vbharath/aesd_final_project/build/bitbake-cookerdaemon.log' mode='a+' encoding='UTF-8'>
557263 22:36:16.564485 --- Starting bitbake server pid 557263 at 2025-04-29 22:36:16.564465 ---
557263 22:36:16.565434 Started bitbake server pid 557263
557263 22:36:16.565695 Entering server connection loop
557263 22:36:16.565997 Accepting [<socket.socket fd=6, family=AddressFamily.AF_UNIX, type=SocketKind.SOCK_STREAM, proto=0, laddr=bitbake.sock>] ([])
557263 22:36:16.566768 Processing Client
557263 22:36:16.566808 Connecting Client
557263 22:36:16.566962 Running command ['setFeatures', [2, 1]]
557263 22:36:16.567048 Command Completed
557263 22:36:16.567703 Running command ['updateConfig', {'halt': True, 'force': False, 'invalidate_stamp': None, 'dry_run': False, 'dump_signatures': [], 'extra_assume_provided': [], 'profile': False, 'prefile': [], 'postfile': [], 'server_timeout': None, 'nosetscene': False, 'setsceneonly': False, 'skipsetscene': False, 'runall': None, 'runonly': None, 'writeeventlog': None, 'build_verbose_shell': False, 'build_verbose_stdout': False, 'default_loglevel': 20, 'debug_domains': {}}, {'SHELL': '/bin/bash', 'BB_ENV_PASSTHROUGH_ADDITIONS': 'ALL_PROXY BBPATH_EXTRA BB_LOGCONFIG BB_NO_NETWORK BB_NUMBER_THREADS BB_SETSCENE_ENFORCE BB_SRCREV_POLICY DISTRO FTPS_PROXY FTP_PROXY GIT_PROXY_COMMAND HTTPS_PROXY HTTP_PROXY MACHINE NO_PROXY PARALLEL_MAKE SCREENDIR SDKMACHINE SOCKS5_PASSWD SOCKS5_USER SSH_AGENT_PID SSH_AUTH_SOCK STAMPS_DIR TCLIBC TCMODE all_proxy ftp_proxy ftps_proxy http_proxy https_proxy no_proxy ', 'SSH_AUTH_SOCK': '/run/user/1000/keyring/ssh', 'PWD': '/home/vbharath/aesd_final_project/build', 'LOGNAME': 'vbharath', 'HOME': '/home/vbharath', 'BBPATH': '/home/vbharath/aesd_final_project/build', 'USER': 'vbharath', 'PATH': '/home/vbharath/aesd_final_project/poky/scripts:/home/vbharath/aesd_final_project/poky/bitbake/bin:/usr/local/sbin:/usr/local/bin:/usr/sbin:/usr/bin:/sbin:/bin:/usr/games:/usr/local/games:/snap/bin:/snap/bin', 'LC_ALL': 'en_US.UTF-8', 'SESSION_MANAGER': 'local/ubuntu:@/tmp/.ICE-unix/1868,unix/ubuntu:/tmp/.ICE-unix/1868', 'QT_ACCESSIBILITY': '1', 'COLORTERM': 'truecolor', 'XDG_CONFIG_DIRS': '/etc/xdg/xdg-ubuntu:/etc/xdg', 'SSH_AGENT_LAUNCHER': 'gnome-keyring', 'XDG_MENU_PREFIX': 'gnome-', 'GNOME_DESKTOP_SESSION_ID': 'this-is-deprecated', 'GNOME_SHELL_SESSION_MODE': 'ubuntu', 'XMODIFIERS': '@im=ibus', 'DESKTOP_SESSION': 'ubuntu', 'GTK_MODULES': 'gail:atk-bridge', 'DBUS_STARTER_BUS_TYPE': 'session', 'XDG_SESSION_DESKTOP': 'ubuntu', 'XDG_SESSION_TYPE': 'wayland', 'SYSTEMD_EXEC_PID': '1868', 'XAUTHORITY': '/run/user/1000/.mutter-Xwaylandauth.XP1D52', 'USERNAME': 'vbharath', 'IM_CONFIG_PHASE': '1', 'LANG': 'en_US.UTF-8', 'LS_COLORS': 'rs=0:di=01;34:ln=01;36:mh=00:pi=40;33:so=01;35:do=01;35:bd=40;33;01:cd=40;33;01:or=40;31;01:mi=00:su=37;41:sg=30;43:ca=30;41:tw=30;42:ow=34;42:st=37;44:ex=01;32:*.tar=01;31:*.tgz=01;31:*.arc=01;31:*.arj=01;31:*.taz=01;31:*.lha=01;31:*.lz4=01;31:*.lzh=01;31:*.lzma=01;31:*.tlz=01;31:*.txz=01;31:*.tzo=01;31:*.t7z=01;31:*.zip=01;31:*.z=01;31:*.dz=01;31:*.gz=01;31:*.lrz=01;31:*.lz=01;31:*.lzo=01;31:*.xz=01;31:*.zst=01;31:*.tzst=01;31:*.bz2=01;31:*.bz=01;31:*.tbz=01;31:*.tbz2=01;31:*.tz=01;31:*.deb=01;31:*.rpm=01;31:*.jar=01;31:*.war=01;31:*.ear=01;31:*.sar=01;31:*.rar=01;31:*.alz=01;31:*.ace=01;31:*.zoo=01;31:*.cpio=01;31:*.7z=01;31:*.rz=01;31:*.cab=01;31:*.wim=01;31:*.swm=01;31:*.dwm=01;31:*.esd=01;31:*.jpg=01;35:*.jpeg=01;35:*.mjpg=01;35:*.mjpeg=01;35:*.gif=01;35:*.bmp=01;35:*.pbm=01;35:*.pgm=01;35:*.ppm=01;35:*.tga=01;35:*.xbm=01;35:*.xpm=01;35:*.tif=01;35:*.tiff=01;35:*.png=01;35:*.svg=01;35:*.svgz=01;35:*.mng=01;35:*.pcx=01;35:*.mov=01;35:*.mpg=01;35:*.mpeg=01;35:*.m2v=01;35:*.mkv=01;35:*.webm=01;35:*.webp=01;35:*.ogm=01;35:*.mp4=01;35:*.m4v=01;35:*.mp4v=01;35:*.vob=01;35:*.qt=01;35:*.nuv=01;35:*.wmv=01;35:*.asf=01;35:*.rm=01;35:*.rmvb=01;35:*.flc=01;35:*.avi=01;35:*.fli=01;35:*.flv=01;35:*.gl=01;35:*.dl=01;35:*.xcf=01;35:*.xwd=01;35:*.yuv=01;35:*.cgm=01;35:*.emf=01;35:*.ogv=01;35:*.ogx=01;35:*.aac=00;36:*.au=00;36:*.flac=00;36:*.m4a=00;36:*.mid=00;36:*.midi=00;36:*.mka=00;36:*.mp3=00;36:*.mpc=00;36:*.ogg=00;36:*.ra=00;36:*.wav=00;36:*.oga=00;36:*.opus=00;36:*.spx=00;36:*.xspf=00;36:', 'XDG_CURRENT_DESKTOP': 'ubuntu:GNOME', 'VTE_VERSION': '6800', 'WAYLAND_DISPLAY': 'wayland-0', 'GNOME_TERMINAL_SCREEN': '/org/gnome/Terminal/screen/b9f111c6_1614_4566_a43d_02029e2771b3', 'GNOME_SETUP_DISPLAY': ':1', 'LESSCLOSE': '/usr/bin/lesspipe %s %s', 'XDG_SESSION_CLASS': 'user', 'PYTHONPATH': '/home/vbharath/aesd_final_project/poky/bitbake/lib:', 'TERM': 'xterm-256color', 'LESSOPEN': '| /usr/bin/lesspipe %s', 'GNOME_TERMINAL_SERVICE': ':1.110', 'DISPLAY': ':0', 'SHLVL': '2', 'QT_IM_MODULE': 'ibus', 'DBUS_STARTER_ADDRESS': 'unix:path=/run/user/1000/bus,guid=93d3290e7b812fe3c4b33f80680d88c5', 'XDG_RUNTIME_DIR': '/run/user/1000', 'XDG_DATA_DIRS': '/usr/share/ubuntu:/usr/local/share/:/usr/share/:/var/lib/snapd/desktop', 'GDMSESSION': 'ubuntu', 'DBUS_SESSION_BUS_ADDRESS': 'unix:path=/run/user/1000/bus,guid=93d3290e7b812fe3c4b33f80680d88c5', 'BUILDDIR': '/home/vbharath/aesd_final_project/build', 'OLDPWD': '/home/vbharath/aesd_final_project', '_': '/home/vbharath/aesd_final_project/poky/bitbake/bin/bitbake-layers'}, ['/home/vbharath/aesd_final_project/poky/bitbake/bin/bitbake-layers', 'add-layer', '../meta-tegra']]
557263 22:36:16.782495 Command Completed
557263 22:36:16.783150 Running command ['parseConfiguration']
557263 22:36:16.784579 Command Completed
557263 22:36:16.784901 Running command ['dataStoreConnectorCmd', 0, 'getVar', ('BBMULTICONFIG',), {}]
557263 22:36:16.785179 Command Completed
557263 22:36:16.785502 Running command ['dataStoreConnectorCmd', 0, 'getVar', ('BBPATH',), {}]
557263 22:36:16.785679 Command Completed
557263 22:36:16.789658 Running command ['dataStoreConnectorCmd', 0, 'getVar', ('BBLAYERS',), {}]
557263 22:36:16.789830 Command Completed
557263 22:36:16.790000 Running command ['dataStoreConnectorVarHistCmd', 0, 'get_variable_items_files', ('BBFILE_COLLECTIONS',), {}]
557263 22:36:16.790170 Command Completed
557263 22:36:16.791548 Running command ['dataStoreConnectorCmd', 0, 'getVar', ('BBLAYERS',), {}]
557263 22:36:16.791700 Command Completed
557263 22:36:16.792211 Running command ['dataStoreConnectorVarHistCmd', 0, 'get_variable_items_files', ('BBFILE_COLLECTIONS',), {}]
557263 22:36:16.792380 Command Completed
557263 22:36:16.793670 Running command ['dataStoreConnectorCmd', 0, 'getVar', ('BBLAYERS',), {}]
557263 22:36:16.793808 Command Completed
557263 22:36:16.793936 Running command ['dataStoreConnectorVarHistCmd', 0, 'get_variable_items_files', ('BBFILE_COLLECTIONS',), {}]
557263 22:36:16.794059 Command Completed
557263 22:36:16.795029 Running command ['dataStoreConnectorCmd', 0, 'getVar', ('BBLAYERS',), {}]
557263 22:36:16.795166 Command Completed
557263 22:36:16.795443 Running command ['dataStoreConnectorVarHistCmd', 0, 'get_variable_items_files', ('BBFILE_COLLECTIONS',), {}]
557263 22:36:16.795677 Command Completed
557263 22:36:16.797449 Running command ['parseConfiguration']
557263 22:36:16.942016 Command Completed
557263 22:36:16.942721 Running command ['clientComplete']
557263 22:36:16.942835 Command Completed
557263 22:36:16.943041 Processing Client
557263 22:36:16.943073 Disconnecting Client
557263 22:36:16.943143 No timeout, exiting.
557263 22:36:17.051329 Exiting
557263 22:36:17.054347 Original lockfile contents: ['557263\n']
557263 22:36:17.055190 Exiting as we could obtain the lock
sys:1: ResourceWarning: unclosed file <_io.TextIOWrapper name='/home/vbharath/aesd_final_project/build/bitbake-cookerdaemon.log' mode='a+' encoding='UTF-8'>
557279 22:36:17.295992 --- Starting bitbake server pid 557279 at 2025-04-29 22:36:17.295977 ---
557279 22:36:17.296756 Started bitbake server pid 557279
557279 22:36:17.297121 Entering server connection loop
557279 22:36:17.297321 Accepting [<socket.socket fd=6, family=AddressFamily.AF_UNIX, type=SocketKind.SOCK_STREAM, proto=0, laddr=bitbake.sock>] ([])
557279 22:36:17.298024 Processing Client
557279 22:36:17.298060 Connecting Client
557279 22:36:17.298219 Running command ['setFeatures', [2, 1]]
557279 22:36:17.298310 Command Completed
557279 22:36:17.299002 Running command ['updateConfig', {'halt': True, 'force': False, 'invalidate_stamp': None, 'dry_run': False, 'dump_signatures': [], 'extra_assume_provided': [], 'profile': False, 'prefile': [], 'postfile': [], 'server_timeout': None, 'nosetscene': False, 'setsceneonly': False, 'skipsetscene': False, 'runall': None, 'runonly': None, 'writeeventlog': None, 'build_verbose_shell': False, 'build_verbose_stdout': False, 'default_loglevel': 20, 'debug_domains': {}}, {'SHELL': '/bin/bash', 'BB_ENV_PASSTHROUGH_ADDITIONS': 'ALL_PROXY BBPATH_EXTRA BB_LOGCONFIG BB_NO_NETWORK BB_NUMBER_THREADS BB_SETSCENE_ENFORCE BB_SRCREV_POLICY DISTRO FTPS_PROXY FTP_PROXY GIT_PROXY_COMMAND HTTPS_PROXY HTTP_PROXY MACHINE NO_PROXY PARALLEL_MAKE SCREENDIR SDKMACHINE SOCKS5_PASSWD SOCKS5_USER SSH_AGENT_PID SSH_AUTH_SOCK STAMPS_DIR TCLIBC TCMODE all_proxy ftp_proxy ftps_proxy http_proxy https_proxy no_proxy ', 'SSH_AUTH_SOCK': '/run/user/1000/keyring/ssh', 'PWD': '/home/vbharath/aesd_final_project/build', 'LOGNAME': 'vbharath', 'HOME': '/home/vbharath', 'BBPATH': '/home/vbharath/aesd_final_project/build', 'USER': 'vbharath', 'PATH': '/home/vbharath/aesd_final_project/poky/scripts:/home/vbharath/aesd_final_project/poky/bitbake/bin:/usr/local/sbin:/usr/local/bin:/usr/sbin:/usr/bin:/sbin:/bin:/usr/games:/usr/local/games:/snap/bin:/snap/bin', 'LC_ALL': 'en_US.UTF-8', 'SESSION_MANAGER': 'local/ubuntu:@/tmp/.ICE-unix/1868,unix/ubuntu:/tmp/.ICE-unix/1868', 'QT_ACCESSIBILITY': '1', 'COLORTERM': 'truecolor', 'XDG_CONFIG_DIRS': '/etc/xdg/xdg-ubuntu:/etc/xdg', 'SSH_AGENT_LAUNCHER': 'gnome-keyring', 'XDG_MENU_PREFIX': 'gnome-', 'GNOME_DESKTOP_SESSION_ID': 'this-is-deprecated', 'GNOME_SHELL_SESSION_MODE': 'ubuntu', 'XMODIFIERS': '@im=ibus', 'DESKTOP_SESSION': 'ubuntu', 'GTK_MODULES': 'gail:atk-bridge', 'DBUS_STARTER_BUS_TYPE': 'session', 'XDG_SESSION_DESKTOP': 'ubuntu', 'XDG_SESSION_TYPE': 'wayland', 'SYSTEMD_EXEC_PID': '1868', 'XAUTHORITY': '/run/user/1000/.mutter-Xwaylandauth.XP1D52', 'USERNAME': 'vbharath', 'IM_CONFIG_PHASE': '1', 'LANG': 'en_US.UTF-8', 'LS_COLORS': 'rs=0:di=01;34:ln=01;36:mh=00:pi=40;33:so=01;35:do=01;35:bd=40;33;01:cd=40;33;01:or=40;31;01:mi=00:su=37;41:sg=30;43:ca=30;41:tw=30;42:ow=34;42:st=37;44:ex=01;32:*.tar=01;31:*.tgz=01;31:*.arc=01;31:*.arj=01;31:*.taz=01;31:*.lha=01;31:*.lz4=01;31:*.lzh=01;31:*.lzma=01;31:*.tlz=01;31:*.txz=01;31:*.tzo=01;31:*.t7z=01;31:*.zip=01;31:*.z=01;31:*.dz=01;31:*.gz=01;31:*.lrz=01;31:*.lz=01;31:*.lzo=01;31:*.xz=01;31:*.zst=01;31:*.tzst=01;31:*.bz2=01;31:*.bz=01;31:*.tbz=01;31:*.tbz2=01;31:*.tz=01;31:*.deb=01;31:*.rpm=01;31:*.jar=01;31:*.war=01;31:*.ear=01;31:*.sar=01;31:*.rar=01;31:*.alz=01;31:*.ace=01;31:*.zoo=01;31:*.cpio=01;31:*.7z=01;31:*.rz=01;31:*.cab=01;31:*.wim=01;31:*.swm=01;31:*.dwm=01;31:*.esd=01;31:*.jpg=01;35:*.jpeg=01;35:*.mjpg=01;35:*.mjpeg=01;35:*.gif=01;35:*.bmp=01;35:*.pbm=01;35:*.pgm=01;35:*.ppm=01;35:*.tga=01;35:*.xbm=01;35:*.xpm=01;35:*.tif=01;35:*.tiff=01;35:*.png=01;35:*.svg=01;35:*.svgz=01;35:*.mng=01;35:*.pcx=01;35:*.mov=01;35:*.mpg=01;35:*.mpeg=01;35:*.m2v=01;35:*.mkv=01;35:*.webm=01;35:*.webp=01;35:*.ogm=01;35:*.mp4=01;35:*.m4v=01;35:*.mp4v=01;35:*.vob=01;35:*.qt=01;35:*.nuv=01;35:*.wmv=01;35:*.asf=01;35:*.rm=01;35:*.rmvb=01;35:*.flc=01;35:*.avi=01;35:*.fli=01;35:*.flv=01;35:*.gl=01;35:*.dl=01;35:*.xcf=01;35:*.xwd=01;35:*.yuv=01;35:*.cgm=01;35:*.emf=01;35:*.ogv=01;35:*.ogx=01;35:*.aac=00;36:*.au=00;36:*.flac=00;36:*.m4a=00;36:*.mid=00;36:*.midi=00;36:*.mka=00;36:*.mp3=00;36:*.mpc=00;36:*.ogg=00;36:*.ra=00;36:*.wav=00;36:*.oga=00;36:*.opus=00;36:*.spx=00;36:*.xspf=00;36:', 'XDG_CURRENT_DESKTOP': 'ubuntu:GNOME', 'VTE_VERSION': '6800', 'WAYLAND_DISPLAY': 'wayland-0', 'GNOME_TERMINAL_SCREEN': '/org/gnome/Terminal/screen/b9f111c6_1614_4566_a43d_02029e2771b3', 'GNOME_SETUP_DISPLAY': ':1', 'LESSCLOSE': '/usr/bin/lesspipe %s %s', 'XDG_SESSION_CLASS': 'user', 'PYTHONPATH': '/home/vbharath/aesd_final_project/poky/bitbake/lib:', 'TERM': 'xterm-256color', 'LESSOPEN': '| /usr/bin/lesspipe %s', 'GNOME_TERMINAL_SERVICE': ':1.110', 'DISPLAY': ':0', 'SHLVL': '2', 'QT_IM_MODULE': 'ibus', 'DBUS_STARTER_ADDRESS': 'unix:path=/run/user/1000/bus,guid=93d3290e7b812fe3c4b33f80680d88c5', 'XDG_RUNTIME_DIR': '/run/user/1000', 'XDG_DATA_DIRS': '/usr/share/ubuntu:/usr/local/share/:/usr/share/:/var/lib/snapd/desktop', 'GDMSESSION': 'ubuntu', 'DBUS_SESSION_BUS_ADDRESS': 'unix:path=/run/user/1000/bus,guid=93d3290e7b812fe3c4b33f80680d88c5', 'BUILDDIR': '/home/vbharath/aesd_final_project/build', 'OLDPWD': '/home/vbharath/aesd_final_project', '_': '/home/vbharath/aesd_final_project/poky/bitbake/bin/bitbake-layers'}, ['/home/vbharath/aesd_final_project/poky/bitbake/bin/bitbake-layers', 'add-layer', '../meta-openembedded/meta-filesystems']]
557279 22:36:17.508210 Command Completed
557279 22:36:17.508737 Running command ['parseConfiguration']
557279 22:36:17.510391 Command Completed
557279 22:36:17.510720 Running command ['dataStoreConnectorCmd', 0, 'getVar', ('BBMULTICONFIG',), {}]
557279 22:36:17.511032 Command Completed
557279 22:36:17.511291 Running command ['dataStoreConnectorCmd', 0, 'getVar', ('BBPATH',), {}]
557279 22:36:17.511465 Command Completed
557279 22:36:17.515638 Running command ['dataStoreConnectorCmd', 0, 'getVar', ('BBLAYERS',), {}]
557279 22:36:17.515852 Command Completed
557279 22:36:17.516252 Running command ['dataStoreConnectorVarHistCmd', 0, 'get_variable_items_files', ('BBFILE_COLLECTIONS',), {}]
557279 22:36:17.516522 Command Completed
557279 22:36:17.518002 Running command ['dataStoreConnectorCmd', 0, 'getVar', ('BBLAYERS',), {}]
557279 22:36:17.518151 Command Completed
557279 22:36:17.518562 Running command ['dataStoreConnectorVarHistCmd', 0, 'get_variable_items_files', ('BBFILE_COLLECTIONS',), {}]
557279 22:36:17.518791 Command Completed
557279 22:36:17.519657 Running command ['dataStoreConnectorCmd', 0, 'getVar', ('BBLAYERS',), {}]
557279 22:36:17.519925 Command Completed
557279 22:36:17.520228 Running command ['dataStoreConnectorVarHistCmd', 0, 'get_variable_items_files', ('BBFILE_COLLECTIONS',), {}]
557279 22:36:17.520378 Command Completed
557279 22:36:17.521429 Running command ['dataStoreConnectorCmd', 0, 'getVar', ('BBLAYERS',), {}]
557279 22:36:17.521817 Command Completed
557279 22:36:17.522047 Running command ['dataStoreConnectorVarHistCmd', 0, 'get_variable_items_files', ('BBFILE_COLLECTIONS',), {}]
557279 22:36:17.522198 Command Completed
557279 22:36:17.524584 Running command ['parseConfiguration']
557279 22:36:17.670862 Command Completed
557279 22:36:17.671360 Running command ['clientComplete']
557279 22:36:17.671475 Command Completed
557279 22:36:17.671706 Processing Client
557279 22:36:17.671743 Disconnecting Client
557279 22:36:17.672100 No timeout, exiting.
557279 22:36:17.783389 Exiting
557279 22:36:17.786401 Original lockfile contents: ['557279\n']
557279 22:36:17.786557 Exiting as we could obtain the lock
sys:1: ResourceWarning: unclosed file <_io.TextIOWrapper name='/home/vbharath/aesd_final_project/build/bitbake-cookerdaemon.log' mode='a+' encoding='UTF-8'>
557295 22:36:18.001048 --- Starting bitbake server pid 557295 at 2025-04-29 22:36:18.001032 ---
557295 22:36:18.001805 Started bitbake server pid 557295
557295 22:36:18.002046 Entering server connection loop
557295 22:36:18.002147 Accepting [<socket.socket fd=6, family=AddressFamily.AF_UNIX, type=SocketKind.SOCK_STREAM, proto=0, laddr=bitbake.sock>] ([])
557295 22:36:18.003254 Processing Client
557295 22:36:18.003330 Connecting Client
557295 22:36:18.003500 Running command ['setFeatures', [2, 1]]
557295 22:36:18.003586 Command Completed
557295 22:36:18.004171 Running command ['updateConfig', {'halt': True, 'force': False, 'invalidate_stamp': None, 'dry_run': False, 'dump_signatures': [], 'extra_assume_provided': [], 'profile': False, 'prefile': [], 'postfile': [], 'server_timeout': None, 'nosetscene': False, 'setsceneonly': False, 'skipsetscene': False, 'runall': None, 'runonly': None, 'writeeventlog': None, 'build_verbose_shell': False, 'build_verbose_stdout': False, 'default_loglevel': 20, 'debug_domains': {}}, {'SHELL': '/bin/bash', 'BB_ENV_PASSTHROUGH_ADDITIONS': 'ALL_PROXY BBPATH_EXTRA BB_LOGCONFIG BB_NO_NETWORK BB_NUMBER_THREADS BB_SETSCENE_ENFORCE BB_SRCREV_POLICY DISTRO FTPS_PROXY FTP_PROXY GIT_PROXY_COMMAND HTTPS_PROXY HTTP_PROXY MACHINE NO_PROXY PARALLEL_MAKE SCREENDIR SDKMACHINE SOCKS5_PASSWD SOCKS5_USER SSH_AGENT_PID SSH_AUTH_SOCK STAMPS_DIR TCLIBC TCMODE all_proxy ftp_proxy ftps_proxy http_proxy https_proxy no_proxy ', 'SSH_AUTH_SOCK': '/run/user/1000/keyring/ssh', 'PWD': '/home/vbharath/aesd_final_project/build', 'LOGNAME': 'vbharath', 'HOME': '/home/vbharath', 'BBPATH': '/home/vbharath/aesd_final_project/build', 'USER': 'vbharath', 'PATH': '/home/vbharath/aesd_final_project/poky/scripts:/home/vbharath/aesd_final_project/poky/bitbake/bin:/usr/local/sbin:/usr/local/bin:/usr/sbin:/usr/bin:/sbin:/bin:/usr/games:/usr/local/games:/snap/bin:/snap/bin', 'LC_ALL': 'en_US.UTF-8', 'SESSION_MANAGER': 'local/ubuntu:@/tmp/.ICE-unix/1868,unix/ubuntu:/tmp/.ICE-unix/1868', 'QT_ACCESSIBILITY': '1', 'COLORTERM': 'truecolor', 'XDG_CONFIG_DIRS': '/etc/xdg/xdg-ubuntu:/etc/xdg', 'SSH_AGENT_LAUNCHER': 'gnome-keyring', 'XDG_MENU_PREFIX': 'gnome-', 'GNOME_DESKTOP_SESSION_ID': 'this-is-deprecated', 'GNOME_SHELL_SESSION_MODE': 'ubuntu', 'XMODIFIERS': '@im=ibus', 'DESKTOP_SESSION': 'ubuntu', 'GTK_MODULES': 'gail:atk-bridge', 'DBUS_STARTER_BUS_TYPE': 'session', 'XDG_SESSION_DESKTOP': 'ubuntu', 'XDG_SESSION_TYPE': 'wayland', 'SYSTEMD_EXEC_PID': '1868', 'XAUTHORITY': '/run/user/1000/.mutter-Xwaylandauth.XP1D52', 'USERNAME': 'vbharath', 'IM_CONFIG_PHASE': '1', 'LANG': 'en_US.UTF-8', 'LS_COLORS': 'rs=0:di=01;34:ln=01;36:mh=00:pi=40;33:so=01;35:do=01;35:bd=40;33;01:cd=40;33;01:or=40;31;01:mi=00:su=37;41:sg=30;43:ca=30;41:tw=30;42:ow=34;42:st=37;44:ex=01;32:*.tar=01;31:*.tgz=01;31:*.arc=01;31:*.arj=01;31:*.taz=01;31:*.lha=01;31:*.lz4=01;31:*.lzh=01;31:*.lzma=01;31:*.tlz=01;31:*.txz=01;31:*.tzo=01;31:*.t7z=01;31:*.zip=01;31:*.z=01;31:*.dz=01;31:*.gz=01;31:*.lrz=01;31:*.lz=01;31:*.lzo=01;31:*.xz=01;31:*.zst=01;31:*.tzst=01;31:*.bz2=01;31:*.bz=01;31:*.tbz=01;31:*.tbz2=01;31:*.tz=01;31:*.deb=01;31:*.rpm=01;31:*.jar=01;31:*.war=01;31:*.ear=01;31:*.sar=01;31:*.rar=01;31:*.alz=01;31:*.ace=01;31:*.zoo=01;31:*.cpio=01;31:*.7z=01;31:*.rz=01;31:*.cab=01;31:*.wim=01;31:*.swm=01;31:*.dwm=01;31:*.esd=01;31:*.jpg=01;35:*.jpeg=01;35:*.mjpg=01;35:*.mjpeg=01;35:*.gif=01;35:*.bmp=01;35:*.pbm=01;35:*.pgm=01;35:*.ppm=01;35:*.tga=01;35:*.xbm=01;35:*.xpm=01;35:*.tif=01;35:*.tiff=01;35:*.png=01;35:*.svg=01;35:*.svgz=01;35:*.mng=01;35:*.pcx=01;35:*.mov=01;35:*.mpg=01;35:*.mpeg=01;35:*.m2v=01;35:*.mkv=01;35:*.webm=01;35:*.webp=01;35:*.ogm=01;35:*.mp4=01;35:*.m4v=01;35:*.mp4v=01;35:*.vob=01;35:*.qt=01;35:*.nuv=01;35:*.wmv=01;35:*.asf=01;35:*.rm=01;35:*.rmvb=01;35:*.flc=01;35:*.avi=01;35:*.fli=01;35:*.flv=01;35:*.gl=01;35:*.dl=01;35:*.xcf=01;35:*.xwd=01;35:*.yuv=01;35:*.cgm=01;35:*.emf=01;35:*.ogv=01;35:*.ogx=01;35:*.aac=00;36:*.au=00;36:*.flac=00;36:*.m4a=00;36:*.mid=00;36:*.midi=00;36:*.mka=00;36:*.mp3=00;36:*.mpc=00;36:*.ogg=00;36:*.ra=00;36:*.wav=00;36:*.oga=00;36:*.opus=00;36:*.spx=00;36:*.xspf=00;36:', 'XDG_CURRENT_DESKTOP': 'ubuntu:GNOME', 'VTE_VERSION': '6800', 'WAYLAND_DISPLAY': 'wayland-0', 'GNOME_TERMINAL_SCREEN': '/org/gnome/Terminal/screen/b9f111c6_1614_4566_a43d_02029e2771b3', 'GNOME_SETUP_DISPLAY': ':1', 'LESSCLOSE': '/usr/bin/lesspipe %s %s', 'XDG_SESSION_CLASS': 'user', 'PYTHONPATH': '/home/vbharath/aesd_final_project/poky/bitbake/lib:', 'TERM': 'xterm-256color', 'LESSOPEN': '| /usr/bin/lesspipe %s', 'GNOME_TERMINAL_SERVICE': ':1.110', 'DISPLAY': ':0', 'SHLVL': '2', 'QT_IM_MODULE': 'ibus', 'DBUS_STARTER_ADDRESS': 'unix:path=/run/user/1000/bus,guid=93d3290e7b812fe3c4b33f80680d88c5', 'XDG_RUNTIME_DIR': '/run/user/1000', 'XDG_DATA_DIRS': '/usr/share/ubuntu:/usr/local/share/:/usr/share/:/var/lib/snapd/desktop', 'GDMSESSION': 'ubuntu', 'DBUS_SESSION_BUS_ADDRESS': 'unix:path=/run/user/1000/bus,guid=93d3290e7b812fe3c4b33f80680d88c5', 'BUILDDIR': '/home/vbharath/aesd_final_project/build', 'OLDPWD': '/home/vbharath/aesd_final_project', '_': '/home/vbharath/aesd_final_project/poky/bitbake/bin/bitbake-layers'}, ['/home/vbharath/aesd_final_project/poky/bitbake/bin/bitbake-layers', 'add-layer', '../meta-virtualization']]
557295 22:36:18.214489 Command Completed
557295 22:36:18.215032 Running command ['parseConfiguration']
557295 22:36:18.216589 Command Completed
557295 22:36:18.216801 Running command ['dataStoreConnectorCmd', 0, 'getVar', ('BBMULTICONFIG',), {}]
557295 22:36:18.216946 Command Completed
557295 22:36:18.217285 Running command ['dataStoreConnectorCmd', 0, 'getVar', ('BBPATH',), {}]
557295 22:36:18.217468 Command Completed
557295 22:36:18.222184 Running command ['dataStoreConnectorCmd', 0, 'getVar', ('BBLAYERS',), {}]
557295 22:36:18.222345 Command Completed
557295 22:36:18.222629 Running command ['dataStoreConnectorVarHistCmd', 0, 'get_variable_items_files', ('BBFILE_COLLECTIONS',), {}]
557295 22:36:18.222848 Command Completed
557295 22:36:18.223807 Running command ['dataStoreConnectorCmd', 0, 'getVar', ('BBLAYERS',), {}]
557295 22:36:18.224035 Command Completed
557295 22:36:18.224181 Running command ['dataStoreConnectorVarHistCmd', 0, 'get_variable_items_files', ('BBFILE_COLLECTIONS',), {}]
557295 22:36:18.224308 Command Completed
557295 22:36:18.225033 Running command ['dataStoreConnectorCmd', 0, 'getVar', ('BBLAYERS',), {}]
557295 22:36:18.225172 Command Completed
557295 22:36:18.225442 Running command ['dataStoreConnectorVarHistCmd', 0, 'get_variable_items_files', ('BBFILE_COLLECTIONS',), {}]
557295 22:36:18.225624 Command Completed
557295 22:36:18.226711 Running command ['dataStoreConnectorCmd', 0, 'getVar', ('BBLAYERS',), {}]
557295 22:36:18.226864 Command Completed
557295 22:36:18.227014 Running command ['dataStoreConnectorVarHistCmd', 0, 'get_variable_items_files', ('BBFILE_COLLECTIONS',), {}]
557295 22:36:18.227134 Command Completed
557295 22:36:18.229346 Running command ['parseConfiguration']
557295 22:36:18.426373 Command Completed
557295 22:36:18.427097 Running command ['clientComplete']
557295 22:36:18.427218 Command Completed
557295 22:36:18.427472 Processing Client
557295 22:36:18.427509 Disconnecting Client
557295 22:36:18.427727 No timeout, exiting.
557295 22:36:18.528642 Exiting
557295 22:36:18.531320 Original lockfile contents: ['557295\n']
557295 22:36:18.532675 Exiting as we could obtain the lock
sys:1: ResourceWarning: unclosed file <_io.TextIOWrapper name='/home/vbharath/aesd_final_project/build/bitbake-cookerdaemon.log' mode='a+' encoding='UTF-8'>
557359 22:37:30.034631 --- Starting bitbake server pid 557359 at 2025-04-29 22:37:30.034614 ---
557359 22:37:30.035209 Started bitbake server pid 557359
557359 22:37:30.035533 Entering server connection loop
557359 22:37:30.035689 Accepting [<socket.socket fd=6, family=AddressFamily.AF_UNIX, type=SocketKind.SOCK_STREAM, proto=0, laddr=bitbake.sock>] ([])
557359 22:37:30.036755 Processing Client
557359 22:37:30.036795 Connecting Client
557359 22:37:30.036941 Running command ['setFeatures', [2, 1]]
557359 22:37:30.037025 Command Completed
557359 22:37:30.037569 Running command ['updateConfig', {'halt': True, 'force': False, 'invalidate_stamp': None, 'dry_run': False, 'dump_signatures': [], 'extra_assume_provided': [], 'profile': False, 'prefile': [], 'postfile': [], 'server_timeout': None, 'nosetscene': False, 'setsceneonly': False, 'skipsetscene': False, 'runall': None, 'runonly': None, 'writeeventlog': None, 'build_verbose_shell': False, 'build_verbose_stdout': False, 'default_loglevel': 20, 'debug_domains': {}}, {'SHELL': '/bin/bash', 'BB_ENV_PASSTHROUGH_ADDITIONS': 'ALL_PROXY BBPATH_EXTRA BB_LOGCONFIG BB_NO_NETWORK BB_NUMBER_THREADS BB_SETSCENE_ENFORCE BB_SRCREV_POLICY DISTRO FTPS_PROXY FTP_PROXY GIT_PROXY_COMMAND HTTPS_PROXY HTTP_PROXY MACHINE NO_PROXY PARALLEL_MAKE SCREENDIR SDKMACHINE SOCKS5_PASSWD SOCKS5_USER SSH_AGENT_PID SSH_AUTH_SOCK STAMPS_DIR TCLIBC TCMODE all_proxy ftp_proxy ftps_proxy http_proxy https_proxy no_proxy ', 'SSH_AUTH_SOCK': '/run/user/1000/keyring/ssh', 'PWD': '/home/vbharath/aesd_final_project/build', 'LOGNAME': 'vbharath', 'HOME': '/home/vbharath', 'BBPATH': '/home/vbharath/aesd_final_project/build', 'USER': 'vbharath', 'PATH': '/home/vbharath/aesd_final_project/poky/scripts:/home/vbharath/aesd_final_project/poky/bitbake/bin:/usr/local/sbin:/usr/local/bin:/usr/sbin:/usr/bin:/sbin:/bin:/usr/games:/usr/local/games:/snap/bin:/snap/bin', 'LC_ALL': 'en_US.UTF-8', 'SESSION_MANAGER': 'local/ubuntu:@/tmp/.ICE-unix/1868,unix/ubuntu:/tmp/.ICE-unix/1868', 'QT_ACCESSIBILITY': '1', 'COLORTERM': 'truecolor', 'XDG_CONFIG_DIRS': '/etc/xdg/xdg-ubuntu:/etc/xdg', 'SSH_AGENT_LAUNCHER': 'gnome-keyring', 'XDG_MENU_PREFIX': 'gnome-', 'GNOME_DESKTOP_SESSION_ID': 'this-is-deprecated', 'GNOME_SHELL_SESSION_MODE': 'ubuntu', 'XMODIFIERS': '@im=ibus', 'DESKTOP_SESSION': 'ubuntu', 'GTK_MODULES': 'gail:atk-bridge', 'DBUS_STARTER_BUS_TYPE': 'session', 'XDG_SESSION_DESKTOP': 'ubuntu', 'XDG_SESSION_TYPE': 'wayland', 'SYSTEMD_EXEC_PID': '1868', 'XAUTHORITY': '/run/user/1000/.mutter-Xwaylandauth.XP1D52', 'USERNAME': 'vbharath', 'IM_CONFIG_PHASE': '1', 'LANG': 'en_US.UTF-8', 'LS_COLORS': 'rs=0:di=01;34:ln=01;36:mh=00:pi=40;33:so=01;35:do=01;35:bd=40;33;01:cd=40;33;01:or=40;31;01:mi=00:su=37;41:sg=30;43:ca=30;41:tw=30;42:ow=34;42:st=37;44:ex=01;32:*.tar=01;31:*.tgz=01;31:*.arc=01;31:*.arj=01;31:*.taz=01;31:*.lha=01;31:*.lz4=01;31:*.lzh=01;31:*.lzma=01;31:*.tlz=01;31:*.txz=01;31:*.tzo=01;31:*.t7z=01;31:*.zip=01;31:*.z=01;31:*.dz=01;31:*.gz=01;31:*.lrz=01;31:*.lz=01;31:*.lzo=01;31:*.xz=01;31:*.zst=01;31:*.tzst=01;31:*.bz2=01;31:*.bz=01;31:*.tbz=01;31:*.tbz2=01;31:*.tz=01;31:*.deb=01;31:*.rpm=01;31:*.jar=01;31:*.war=01;31:*.ear=01;31:*.sar=01;31:*.rar=01;31:*.alz=01;31:*.ace=01;31:*.zoo=01;31:*.cpio=01;31:*.7z=01;31:*.rz=01;31:*.cab=01;31:*.wim=01;31:*.swm=01;31:*.dwm=01;31:*.esd=01;31:*.jpg=01;35:*.jpeg=01;35:*.mjpg=01;35:*.mjpeg=01;35:*.gif=01;35:*.bmp=01;35:*.pbm=01;35:*.pgm=01;35:*.ppm=01;35:*.tga=01;35:*.xbm=01;35:*.xpm=01;35:*.tif=01;35:*.tiff=01;35:*.png=01;35:*.svg=01;35:*.svgz=01;35:*.mng=01;35:*.pcx=01;35:*.mov=01;35:*.mpg=01;35:*.mpeg=01;35:*.m2v=01;35:*.mkv=01;35:*.webm=01;35:*.webp=01;35:*.ogm=01;35:*.mp4=01;35:*.m4v=01;35:*.mp4v=01;35:*.vob=01;35:*.qt=01;35:*.nuv=01;35:*.wmv=01;35:*.asf=01;35:*.rm=01;35:*.rmvb=01;35:*.flc=01;35:*.avi=01;35:*.fli=01;35:*.flv=01;35:*.gl=01;35:*.dl=01;35:*.xcf=01;35:*.xwd=01;35:*.yuv=01;35:*.cgm=01;35:*.emf=01;35:*.ogv=01;35:*.ogx=01;35:*.aac=00;36:*.au=00;36:*.flac=00;36:*.m4a=00;36:*.mid=00;36:*.midi=00;36:*.mka=00;36:*.mp3=00;36:*.mpc=00;36:*.ogg=00;36:*.ra=00;36:*.wav=00;36:*.oga=00;36:*.opus=00;36:*.spx=00;36:*.xspf=00;36:', 'XDG_CURRENT_DESKTOP': 'ubuntu:GNOME', 'VTE_VERSION': '6800', 'WAYLAND_DISPLAY': 'wayland-0', 'GNOME_TERMINAL_SCREEN': '/org/gnome/Terminal/screen/b9f111c6_1614_4566_a43d_02029e2771b3', 'GNOME_SETUP_DISPLAY': ':1', 'LESSCLOSE': '/usr/bin/lesspipe %s %s', 'XDG_SESSION_CLASS': 'user', 'PYTHONPATH': '/home/vbharath/aesd_final_project/poky/bitbake/lib:', 'TERM': 'xterm-256color', 'LESSOPEN': '| /usr/bin/lesspipe %s', 'GNOME_TERMINAL_SERVICE': ':1.110', 'DISPLAY': ':0', 'SHLVL': '2', 'QT_IM_MODULE': 'ibus', 'DBUS_STARTER_ADDRESS': 'unix:path=/run/user/1000/bus,guid=93d3290e7b812fe3c4b33f80680d88c5', 'XDG_RUNTIME_DIR': '/run/user/1000', 'XDG_DATA_DIRS': '/usr/share/ubuntu:/usr/local/share/:/usr/share/:/var/lib/snapd/desktop', 'GDMSESSION': 'ubuntu', 'DBUS_SESSION_BUS_ADDRESS': 'unix:path=/run/user/1000/bus,guid=93d3290e7b812fe3c4b33f80680d88c5', 'BUILDDIR': '/home/vbharath/aesd_final_project/build', 'OLDPWD': '/home/vbharath/aesd_final_project', '_': '/home/vbharath/aesd_final_project/poky/bitbake/bin/bitbake-layers'}, ['/home/vbharath/aesd_final_project/poky/bitbake/bin/bitbake-layers', 'add-layer', '../meta-openembedded/meta-oe']]
557359 22:37:30.245429 Command Completed
557359 22:37:30.246009 Running command ['parseConfiguration']
557359 22:37:30.247750 Command Completed
557359 22:37:30.248039 Running command ['dataStoreConnectorCmd', 0, 'getVar', ('BBMULTICONFIG',), {}]
557359 22:37:30.248196 Command Completed
557359 22:37:30.248379 Running command ['dataStoreConnectorCmd', 0, 'getVar', ('BBPATH',), {}]
557359 22:37:30.248502 Command Completed
557359 22:37:30.252248 Running command ['dataStoreConnectorCmd', 0, 'getVar', ('BBLAYERS',), {}]
557359 22:37:30.252371 Command Completed
557359 22:37:30.252535 Running command ['dataStoreConnectorVarHistCmd', 0, 'get_variable_items_files', ('BBFILE_COLLECTIONS',), {}]
557359 22:37:30.252698 Command Completed
557359 22:37:30.253482 Running command ['dataStoreConnectorCmd', 0, 'getVar', ('BBLAYERS',), {}]
557359 22:37:30.253571 Command Completed
557359 22:37:30.253701 Running command ['dataStoreConnectorVarHistCmd', 0, 'get_variable_items_files', ('BBFILE_COLLECTIONS',), {}]
557359 22:37:30.253812 Command Completed
557359 22:37:30.254395 Running command ['dataStoreConnectorCmd', 0, 'getVar', ('BBLAYERS',), {}]
557359 22:37:30.254481 Command Completed
557359 22:37:30.254620 Running command ['dataStoreConnectorVarHistCmd', 0, 'get_variable_items_files', ('BBFILE_COLLECTIONS',), {}]
557359 22:37:30.254720 Command Completed
557359 22:37:30.255662 Running command ['dataStoreConnectorCmd', 0, 'getVar', ('BBLAYERS',), {}]
557359 22:37:30.255760 Command Completed
557359 22:37:30.255908 Running command ['dataStoreConnectorVarHistCmd', 0, 'get_variable_items_files', ('BBFILE_COLLECTIONS',), {}]
557359 22:37:30.256019 Command Completed
557359 22:37:30.257596 Running command ['clientComplete']
557359 22:37:30.257751 Command Completed
557359 22:37:30.258159 Processing Client
557359 22:37:30.258194 Disconnecting Client
557359 22:37:30.258279 No timeout, exiting.
557359 22:37:30.409855 Exiting
557359 22:37:30.412068 Original lockfile contents: ['557359\n']
557359 22:37:30.412536 Exiting as we could obtain the lock
sys:1: ResourceWarning: unclosed file <_io.TextIOWrapper name='/home/vbharath/aesd_final_project/build/bitbake-cookerdaemon.log' mode='a+' encoding='UTF-8'>
557370 22:37:30.565076 --- Starting bitbake server pid 557370 at 2025-04-29 22:37:30.565057 ---
557370 22:37:30.565825 Started bitbake server pid 557370
557370 22:37:30.565950 Entering server connection loop
557370 22:37:30.566412 Accepting [<socket.socket fd=6, family=AddressFamily.AF_UNIX, type=SocketKind.SOCK_STREAM, proto=0, laddr=bitbake.sock>] ([])
557370 22:37:30.567473 Processing Client
557370 22:37:30.567511 Connecting Client
557370 22:37:30.567941 Running command ['setFeatures', [2, 1]]
557370 22:37:30.568240 Command Completed
557370 22:37:30.568957 Running command ['updateConfig', {'halt': True, 'force': False, 'invalidate_stamp': None, 'dry_run': False, 'dump_signatures': [], 'extra_assume_provided': [], 'profile': False, 'prefile': [], 'postfile': [], 'server_timeout': None, 'nosetscene': False, 'setsceneonly': False, 'skipsetscene': False, 'runall': None, 'runonly': None, 'writeeventlog': None, 'build_verbose_shell': False, 'build_verbose_stdout': False, 'default_loglevel': 20, 'debug_domains': {}}, {'SHELL': '/bin/bash', 'BB_ENV_PASSTHROUGH_ADDITIONS': 'ALL_PROXY BBPATH_EXTRA BB_LOGCONFIG BB_NO_NETWORK BB_NUMBER_THREADS BB_SETSCENE_ENFORCE BB_SRCREV_POLICY DISTRO FTPS_PROXY FTP_PROXY GIT_PROXY_COMMAND HTTPS_PROXY HTTP_PROXY MACHINE NO_PROXY PARALLEL_MAKE SCREENDIR SDKMACHINE SOCKS5_PASSWD SOCKS5_USER SSH_AGENT_PID SSH_AUTH_SOCK STAMPS_DIR TCLIBC TCMODE all_proxy ftp_proxy ftps_proxy http_proxy https_proxy no_proxy ', 'SSH_AUTH_SOCK': '/run/user/1000/keyring/ssh', 'PWD': '/home/vbharath/aesd_final_project/build', 'LOGNAME': 'vbharath', 'HOME': '/home/vbharath', 'BBPATH': '/home/vbharath/aesd_final_project/build', 'USER': 'vbharath', 'PATH': '/home/vbharath/aesd_final_project/poky/scripts:/home/vbharath/aesd_final_project/poky/bitbake/bin:/usr/local/sbin:/usr/local/bin:/usr/sbin:/usr/bin:/sbin:/bin:/usr/games:/usr/local/games:/snap/bin:/snap/bin', 'LC_ALL': 'en_US.UTF-8', 'SESSION_MANAGER': 'local/ubuntu:@/tmp/.ICE-unix/1868,unix/ubuntu:/tmp/.ICE-unix/1868', 'QT_ACCESSIBILITY': '1', 'COLORTERM': 'truecolor', 'XDG_CONFIG_DIRS': '/etc/xdg/xdg-ubuntu:/etc/xdg', 'SSH_AGENT_LAUNCHER': 'gnome-keyring', 'XDG_MENU_PREFIX': 'gnome-', 'GNOME_DESKTOP_SESSION_ID': 'this-is-deprecated', 'GNOME_SHELL_SESSION_MODE': 'ubuntu', 'XMODIFIERS': '@im=ibus', 'DESKTOP_SESSION': 'ubuntu', 'GTK_MODULES': 'gail:atk-bridge', 'DBUS_STARTER_BUS_TYPE': 'session', 'XDG_SESSION_DESKTOP': 'ubuntu', 'XDG_SESSION_TYPE': 'wayland', 'SYSTEMD_EXEC_PID': '1868', 'XAUTHORITY': '/run/user/1000/.mutter-Xwaylandauth.XP1D52', 'USERNAME': 'vbharath', 'IM_CONFIG_PHASE': '1', 'LANG': 'en_US.UTF-8', 'LS_COLORS': 'rs=0:di=01;34:ln=01;36:mh=00:pi=40;33:so=01;35:do=01;35:bd=40;33;01:cd=40;33;01:or=40;31;01:mi=00:su=37;41:sg=30;43:ca=30;41:tw=30;42:ow=34;42:st=37;44:ex=01;32:*.tar=01;31:*.tgz=01;31:*.arc=01;31:*.arj=01;31:*.taz=01;31:*.lha=01;31:*.lz4=01;31:*.lzh=01;31:*.lzma=01;31:*.tlz=01;31:*.txz=01;31:*.tzo=01;31:*.t7z=01;31:*.zip=01;31:*.z=01;31:*.dz=01;31:*.gz=01;31:*.lrz=01;31:*.lz=01;31:*.lzo=01;31:*.xz=01;31:*.zst=01;31:*.tzst=01;31:*.bz2=01;31:*.bz=01;31:*.tbz=01;31:*.tbz2=01;31:*.tz=01;31:*.deb=01;31:*.rpm=01;31:*.jar=01;31:*.war=01;31:*.ear=01;31:*.sar=01;31:*.rar=01;31:*.alz=01;31:*.ace=01;31:*.zoo=01;31:*.cpio=01;31:*.7z=01;31:*.rz=01;31:*.cab=01;31:*.wim=01;31:*.swm=01;31:*.dwm=01;31:*.esd=01;31:*.jpg=01;35:*.jpeg=01;35:*.mjpg=01;35:*.mjpeg=01;35:*.gif=01;35:*.bmp=01;35:*.pbm=01;35:*.pgm=01;35:*.ppm=01;35:*.tga=01;35:*.xbm=01;35:*.xpm=01;35:*.tif=01;35:*.tiff=01;35:*.png=01;35:*.svg=01;35:*.svgz=01;35:*.mng=01;35:*.pcx=01;35:*.mov=01;35:*.mpg=01;35:*.mpeg=01;35:*.m2v=01;35:*.mkv=01;35:*.webm=01;35:*.webp=01;35:*.ogm=01;35:*.mp4=01;35:*.m4v=01;35:*.mp4v=01;35:*.vob=01;35:*.qt=01;35:*.nuv=01;35:*.wmv=01;35:*.asf=01;35:*.rm=01;35:*.rmvb=01;35:*.flc=01;35:*.avi=01;35:*.fli=01;35:*.flv=01;35:*.gl=01;35:*.dl=01;35:*.xcf=01;35:*.xwd=01;35:*.yuv=01;35:*.cgm=01;35:*.emf=01;35:*.ogv=01;35:*.ogx=01;35:*.aac=00;36:*.au=00;36:*.flac=00;36:*.m4a=00;36:*.mid=00;36:*.midi=00;36:*.mka=00;36:*.mp3=00;36:*.mpc=00;36:*.ogg=00;36:*.ra=00;36:*.wav=00;36:*.oga=00;36:*.opus=00;36:*.spx=00;36:*.xspf=00;36:', 'XDG_CURRENT_DESKTOP': 'ubuntu:GNOME', 'VTE_VERSION': '6800', 'WAYLAND_DISPLAY': 'wayland-0', 'GNOME_TERMINAL_SCREEN': '/org/gnome/Terminal/screen/b9f111c6_1614_4566_a43d_02029e2771b3', 'GNOME_SETUP_DISPLAY': ':1', 'LESSCLOSE': '/usr/bin/lesspipe %s %s', 'XDG_SESSION_CLASS': 'user', 'PYTHONPATH': '/home/vbharath/aesd_final_project/poky/bitbake/lib:', 'TERM': 'xterm-256color', 'LESSOPEN': '| /usr/bin/lesspipe %s', 'GNOME_TERMINAL_SERVICE': ':1.110', 'DISPLAY': ':0', 'SHLVL': '2', 'QT_IM_MODULE': 'ibus', 'DBUS_STARTER_ADDRESS': 'unix:path=/run/user/1000/bus,guid=93d3290e7b812fe3c4b33f80680d88c5', 'XDG_RUNTIME_DIR': '/run/user/1000', 'XDG_DATA_DIRS': '/usr/share/ubuntu:/usr/local/share/:/usr/share/:/var/lib/snapd/desktop', 'GDMSESSION': 'ubuntu', 'DBUS_SESSION_BUS_ADDRESS': 'unix:path=/run/user/1000/bus,guid=93d3290e7b812fe3c4b33f80680d88c5', 'BUILDDIR': '/home/vbharath/aesd_final_project/build', 'OLDPWD': '/home/vbharath/aesd_final_project', '_': '/home/vbharath/aesd_final_project/poky/bitbake/bin/bitbake-layers'}, ['/home/vbharath/aesd_final_project/poky/bitbake/bin/bitbake-layers', 'add-layer', '../meta-qt5']]
557370 22:37:30.782685 Command Completed
557370 22:37:30.783065 Running command ['parseConfiguration']
557370 22:37:30.784628 Command Completed
557370 22:37:30.784863 Running command ['dataStoreConnectorCmd', 0, 'getVar', ('BBMULTICONFIG',), {}]
557370 22:37:30.785149 Command Completed
557370 22:37:30.785353 Running command ['dataStoreConnectorCmd', 0, 'getVar', ('BBPATH',), {}]
557370 22:37:30.785489 Command Completed
557370 22:37:30.789099 Running command ['dataStoreConnectorCmd', 0, 'getVar', ('BBLAYERS',), {}]
557370 22:37:30.789239 Command Completed
557370 22:37:30.789423 Running command ['dataStoreConnectorVarHistCmd', 0, 'get_variable_items_files', ('BBFILE_COLLECTIONS',), {}]
557370 22:37:30.789677 Command Completed
557370 22:37:30.790549 Running command ['dataStoreConnectorCmd', 0, 'getVar', ('BBLAYERS',), {}]
557370 22:37:30.790823 Command Completed
557370 22:37:30.791114 Running command ['dataStoreConnectorVarHistCmd', 0, 'get_variable_items_files', ('BBFILE_COLLECTIONS',), {}]
557370 22:37:30.791302 Command Completed
557370 22:37:30.791914 Running command ['dataStoreConnectorCmd', 0, 'getVar', ('BBLAYERS',), {}]
557370 22:37:30.792025 Command Completed
557370 22:37:30.792233 Running command ['dataStoreConnectorVarHistCmd', 0, 'get_variable_items_files', ('BBFILE_COLLECTIONS',), {}]
557370 22:37:30.792353 Command Completed
557370 22:37:30.793365 Running command ['dataStoreConnectorCmd', 0, 'getVar', ('BBLAYERS',), {}]
557370 22:37:30.793469 Command Completed
557370 22:37:30.793712 Running command ['dataStoreConnectorVarHistCmd', 0, 'get_variable_items_files', ('BBFILE_COLLECTIONS',), {}]
557370 22:37:30.793832 Command Completed
557370 22:37:30.795153 Running command ['clientComplete']
557370 22:37:30.795245 Command Completed
557370 22:37:30.795761 Processing Client
557370 22:37:30.795798 Disconnecting Client
557370 22:37:30.795903 No timeout, exiting.
557370 22:37:30.954157 Exiting
557370 22:37:30.956448 Original lockfile contents: ['557370\n']
557370 22:37:30.957079 Exiting as we could obtain the lock
sys:1: ResourceWarning: unclosed file <_io.TextIOWrapper name='/home/vbharath/aesd_final_project/build/bitbake-cookerdaemon.log' mode='a+' encoding='UTF-8'>
557381 22:37:31.114147 --- Starting bitbake server pid 557381 at 2025-04-29 22:37:31.114129 ---
557381 22:37:31.114797 Started bitbake server pid 557381
557381 22:37:31.114913 Entering server connection loop
557381 22:37:31.115440 Accepting [<socket.socket fd=6, family=AddressFamily.AF_UNIX, type=SocketKind.SOCK_STREAM, proto=0, laddr=bitbake.sock>] ([])
557381 22:37:31.116333 Processing Client
557381 22:37:31.116361 Connecting Client
557381 22:37:31.116508 Running command ['setFeatures', [2, 1]]
557381 22:37:31.116591 Command Completed
557381 22:37:31.117235 Running command ['updateConfig', {'halt': True, 'force': False, 'invalidate_stamp': None, 'dry_run': False, 'dump_signatures': [], 'extra_assume_provided': [], 'profile': False, 'prefile': [], 'postfile': [], 'server_timeout': None, 'nosetscene': False, 'setsceneonly': False, 'skipsetscene': False, 'runall': None, 'runonly': None, 'writeeventlog': None, 'build_verbose_shell': False, 'build_verbose_stdout': False, 'default_loglevel': 20, 'debug_domains': {}}, {'SHELL': '/bin/bash', 'BB_ENV_PASSTHROUGH_ADDITIONS': 'ALL_PROXY BBPATH_EXTRA BB_LOGCONFIG BB_NO_NETWORK BB_NUMBER_THREADS BB_SETSCENE_ENFORCE BB_SRCREV_POLICY DISTRO FTPS_PROXY FTP_PROXY GIT_PROXY_COMMAND HTTPS_PROXY HTTP_PROXY MACHINE NO_PROXY PARALLEL_MAKE SCREENDIR SDKMACHINE SOCKS5_PASSWD SOCKS5_USER SSH_AGENT_PID SSH_AUTH_SOCK STAMPS_DIR TCLIBC TCMODE all_proxy ftp_proxy ftps_proxy http_proxy https_proxy no_proxy ', 'SSH_AUTH_SOCK': '/run/user/1000/keyring/ssh', 'PWD': '/home/vbharath/aesd_final_project/build', 'LOGNAME': 'vbharath', 'HOME': '/home/vbharath', 'BBPATH': '/home/vbharath/aesd_final_project/build', 'USER': 'vbharath', 'PATH': '/home/vbharath/aesd_final_project/poky/scripts:/home/vbharath/aesd_final_project/poky/bitbake/bin:/usr/local/sbin:/usr/local/bin:/usr/sbin:/usr/bin:/sbin:/bin:/usr/games:/usr/local/games:/snap/bin:/snap/bin', 'LC_ALL': 'en_US.UTF-8', 'SESSION_MANAGER': 'local/ubuntu:@/tmp/.ICE-unix/1868,unix/ubuntu:/tmp/.ICE-unix/1868', 'QT_ACCESSIBILITY': '1', 'COLORTERM': 'truecolor', 'XDG_CONFIG_DIRS': '/etc/xdg/xdg-ubuntu:/etc/xdg', 'SSH_AGENT_LAUNCHER': 'gnome-keyring', 'XDG_MENU_PREFIX': 'gnome-', 'GNOME_DESKTOP_SESSION_ID': 'this-is-deprecated', 'GNOME_SHELL_SESSION_MODE': 'ubuntu', 'XMODIFIERS': '@im=ibus', 'DESKTOP_SESSION': 'ubuntu', 'GTK_MODULES': 'gail:atk-bridge', 'DBUS_STARTER_BUS_TYPE': 'session', 'XDG_SESSION_DESKTOP': 'ubuntu', 'XDG_SESSION_TYPE': 'wayland', 'SYSTEMD_EXEC_PID': '1868', 'XAUTHORITY': '/run/user/1000/.mutter-Xwaylandauth.XP1D52', 'USERNAME': 'vbharath', 'IM_CONFIG_PHASE': '1', 'LANG': 'en_US.UTF-8', 'LS_COLORS': 'rs=0:di=01;34:ln=01;36:mh=00:pi=40;33:so=01;35:do=01;35:bd=40;33;01:cd=40;33;01:or=40;31;01:mi=00:su=37;41:sg=30;43:ca=30;41:tw=30;42:ow=34;42:st=37;44:ex=01;32:*.tar=01;31:*.tgz=01;31:*.arc=01;31:*.arj=01;31:*.taz=01;31:*.lha=01;31:*.lz4=01;31:*.lzh=01;31:*.lzma=01;31:*.tlz=01;31:*.txz=01;31:*.tzo=01;31:*.t7z=01;31:*.zip=01;31:*.z=01;31:*.dz=01;31:*.gz=01;31:*.lrz=01;31:*.lz=01;31:*.lzo=01;31:*.xz=01;31:*.zst=01;31:*.tzst=01;31:*.bz2=01;31:*.bz=01;31:*.tbz=01;31:*.tbz2=01;31:*.tz=01;31:*.deb=01;31:*.rpm=01;31:*.jar=01;31:*.war=01;31:*.ear=01;31:*.sar=01;31:*.rar=01;31:*.alz=01;31:*.ace=01;31:*.zoo=01;31:*.cpio=01;31:*.7z=01;31:*.rz=01;31:*.cab=01;31:*.wim=01;31:*.swm=01;31:*.dwm=01;31:*.esd=01;31:*.jpg=01;35:*.jpeg=01;35:*.mjpg=01;35:*.mjpeg=01;35:*.gif=01;35:*.bmp=01;35:*.pbm=01;35:*.pgm=01;35:*.ppm=01;35:*.tga=01;35:*.xbm=01;35:*.xpm=01;35:*.tif=01;35:*.tiff=01;35:*.png=01;35:*.svg=01;35:*.svgz=01;35:*.mng=01;35:*.pcx=01;35:*.mov=01;35:*.mpg=01;35:*.mpeg=01;35:*.m2v=01;35:*.mkv=01;35:*.webm=01;35:*.webp=01;35:*.ogm=01;35:*.mp4=01;35:*.m4v=01;35:*.mp4v=01;35:*.vob=01;35:*.qt=01;35:*.nuv=01;35:*.wmv=01;35:*.asf=01;35:*.rm=01;35:*.rmvb=01;35:*.flc=01;35:*.avi=01;35:*.fli=01;35:*.flv=01;35:*.gl=01;35:*.dl=01;35:*.xcf=01;35:*.xwd=01;35:*.yuv=01;35:*.cgm=01;35:*.emf=01;35:*.ogv=01;35:*.ogx=01;35:*.aac=00;36:*.au=00;36:*.flac=00;36:*.m4a=00;36:*.mid=00;36:*.midi=00;36:*.mka=00;36:*.mp3=00;36:*.mpc=00;36:*.ogg=00;36:*.ra=00;36:*.wav=00;36:*.oga=00;36:*.opus=00;36:*.spx=00;36:*.xspf=00;36:', 'XDG_CURRENT_DESKTOP': 'ubuntu:GNOME', 'VTE_VERSION': '6800', 'WAYLAND_DISPLAY': 'wayland-0', 'GNOME_TERMINAL_SCREEN': '/org/gnome/Terminal/screen/b9f111c6_1614_4566_a43d_02029e2771b3', 'GNOME_SETUP_DISPLAY': ':1', 'LESSCLOSE': '/usr/bin/lesspipe %s %s', 'XDG_SESSION_CLASS': 'user', 'PYTHONPATH': '/home/vbharath/aesd_final_project/poky/bitbake/lib:', 'TERM': 'xterm-256color', 'LESSOPEN': '| /usr/bin/lesspipe %s', 'GNOME_TERMINAL_SERVICE': ':1.110', 'DISPLAY': ':0', 'SHLVL': '2', 'QT_IM_MODULE': 'ibus', 'DBUS_STARTER_ADDRESS': 'unix:path=/run/user/1000/bus,guid=93d3290e7b812fe3c4b33f80680d88c5', 'XDG_RUNTIME_DIR': '/run/user/1000', 'XDG_DATA_DIRS': '/usr/share/ubuntu:/usr/local/share/:/usr/share/:/var/lib/snapd/desktop', 'GDMSESSION': 'ubuntu', 'DBUS_SESSION_BUS_ADDRESS': 'unix:path=/run/user/1000/bus,guid=93d3290e7b812fe3c4b33f80680d88c5', 'BUILDDIR': '/home/vbharath/aesd_final_project/build', 'OLDPWD': '/home/vbharath/aesd_final_project', '_': '/home/vbharath/aesd_final_project/poky/bitbake/bin/bitbake-layers'}, ['/home/vbharath/aesd_final_project/poky/bitbake/bin/bitbake-layers', 'add-layer', '../meta-openembedded/meta-python']]
557381 22:37:31.310147 Command Completed
557381 22:37:31.310504 Running command ['parseConfiguration']
557381 22:37:31.312339 Command Completed
557381 22:37:31.312767 Running command ['dataStoreConnectorCmd', 0, 'getVar', ('BBMULTICONFIG',), {}]
557381 22:37:31.312920 Command Completed
557381 22:37:31.313210 Running command ['dataStoreConnectorCmd', 0, 'getVar', ('BBPATH',), {}]
557381 22:37:31.313339 Command Completed
557381 22:37:31.317408 Running command ['dataStoreConnectorCmd', 0, 'getVar', ('BBLAYERS',), {}]
557381 22:37:31.317717 Command Completed
557381 22:37:31.318032 Running command ['dataStoreConnectorVarHistCmd', 0, 'get_variable_items_files', ('BBFILE_COLLECTIONS',), {}]
557381 22:37:31.318192 Command Completed
557381 22:37:31.319232 Running command ['dataStoreConnectorCmd', 0, 'getVar', ('BBLAYERS',), {}]
557381 22:37:31.319533 Command Completed
557381 22:37:31.319720 Running command ['dataStoreConnectorVarHistCmd', 0, 'get_variable_items_files', ('BBFILE_COLLECTIONS',), {}]
557381 22:37:31.319904 Command Completed
557381 22:37:31.320661 Running command ['dataStoreConnectorCmd', 0, 'getVar', ('BBLAYERS',), {}]
557381 22:37:31.320756 Command Completed
557381 22:37:31.320993 Running command ['dataStoreConnectorVarHistCmd', 0, 'get_variable_items_files', ('BBFILE_COLLECTIONS',), {}]
557381 22:37:31.321112 Command Completed
557381 22:37:31.321857 Running command ['dataStoreConnectorCmd', 0, 'getVar', ('BBLAYERS',), {}]
557381 22:37:31.321945 Command Completed
557381 22:37:31.322131 Running command ['dataStoreConnectorVarHistCmd', 0, 'get_variable_items_files', ('BBFILE_COLLECTIONS',), {}]
557381 22:37:31.322321 Command Completed
557381 22:37:31.323944 Running command ['clientComplete']
557381 22:37:31.324030 Command Completed
557381 22:37:31.324418 Processing Client
557381 22:37:31.324452 Disconnecting Client
557381 22:37:31.324547 No timeout, exiting.
557381 22:37:31.476082 Exiting
557381 22:37:31.478704 Original lockfile contents: ['557381\n']
557393 22:37:31.639808 --- Starting bitbake server pid 557393 at 2025-04-29 22:37:31.639794 ---
557393 22:37:31.640504 Started bitbake server pid 557393
557393 22:37:31.640998 Entering server connection loop
557393 22:37:31.641083 Accepting [<socket.socket fd=6, family=AddressFamily.AF_UNIX, type=SocketKind.SOCK_STREAM, proto=0, laddr=bitbake.sock>] ([])
557393 22:37:31.642091 Processing Client
557393 22:37:31.642135 Connecting Client
557393 22:37:31.642282 Running command ['setFeatures', [2, 1]]
557393 22:37:31.642378 Command Completed
557393 22:37:31.643023 Running command ['updateConfig', {'halt': True, 'force': False, 'invalidate_stamp': None, 'dry_run': False, 'dump_signatures': [], 'extra_assume_provided': [], 'profile': False, 'prefile': [], 'postfile': [], 'server_timeout': None, 'nosetscene': False, 'setsceneonly': False, 'skipsetscene': False, 'runall': None, 'runonly': None, 'writeeventlog': None, 'build_verbose_shell': False, 'build_verbose_stdout': False, 'default_loglevel': 20, 'debug_domains': {}}, {'SHELL': '/bin/bash', 'BB_ENV_PASSTHROUGH_ADDITIONS': 'ALL_PROXY BBPATH_EXTRA BB_LOGCONFIG BB_NO_NETWORK BB_NUMBER_THREADS BB_SETSCENE_ENFORCE BB_SRCREV_POLICY DISTRO FTPS_PROXY FTP_PROXY GIT_PROXY_COMMAND HTTPS_PROXY HTTP_PROXY MACHINE NO_PROXY PARALLEL_MAKE SCREENDIR SDKMACHINE SOCKS5_PASSWD SOCKS5_USER SSH_AGENT_PID SSH_AUTH_SOCK STAMPS_DIR TCLIBC TCMODE all_proxy ftp_proxy ftps_proxy http_proxy https_proxy no_proxy ', 'SSH_AUTH_SOCK': '/run/user/1000/keyring/ssh', 'PWD': '/home/vbharath/aesd_final_project/build', 'LOGNAME': 'vbharath', 'HOME': '/home/vbharath', 'BBPATH': '/home/vbharath/aesd_final_project/build', 'USER': 'vbharath', 'PATH': '/home/vbharath/aesd_final_project/poky/scripts:/home/vbharath/aesd_final_project/poky/bitbake/bin:/usr/local/sbin:/usr/local/bin:/usr/sbin:/usr/bin:/sbin:/bin:/usr/games:/usr/local/games:/snap/bin:/snap/bin', 'LC_ALL': 'en_US.UTF-8', 'SESSION_MANAGER': 'local/ubuntu:@/tmp/.ICE-unix/1868,unix/ubuntu:/tmp/.ICE-unix/1868', 'QT_ACCESSIBILITY': '1', 'COLORTERM': 'truecolor', 'XDG_CONFIG_DIRS': '/etc/xdg/xdg-ubuntu:/etc/xdg', 'SSH_AGENT_LAUNCHER': 'gnome-keyring', 'XDG_MENU_PREFIX': 'gnome-', 'GNOME_DESKTOP_SESSION_ID': 'this-is-deprecated', 'GNOME_SHELL_SESSION_MODE': 'ubuntu', 'XMODIFIERS': '@im=ibus', 'DESKTOP_SESSION': 'ubuntu', 'GTK_MODULES': 'gail:atk-bridge', 'DBUS_STARTER_BUS_TYPE': 'session', 'XDG_SESSION_DESKTOP': 'ubuntu', 'XDG_SESSION_TYPE': 'wayland', 'SYSTEMD_EXEC_PID': '1868', 'XAUTHORITY': '/run/user/1000/.mutter-Xwaylandauth.XP1D52', 'USERNAME': 'vbharath', 'IM_CONFIG_PHASE': '1', 'LANG': 'en_US.UTF-8', 'LS_COLORS': 'rs=0:di=01;34:ln=01;36:mh=00:pi=40;33:so=01;35:do=01;35:bd=40;33;01:cd=40;33;01:or=40;31;01:mi=00:su=37;41:sg=30;43:ca=30;41:tw=30;42:ow=34;42:st=37;44:ex=01;32:*.tar=01;31:*.tgz=01;31:*.arc=01;31:*.arj=01;31:*.taz=01;31:*.lha=01;31:*.lz4=01;31:*.lzh=01;31:*.lzma=01;31:*.tlz=01;31:*.txz=01;31:*.tzo=01;31:*.t7z=01;31:*.zip=01;31:*.z=01;31:*.dz=01;31:*.gz=01;31:*.lrz=01;31:*.lz=01;31:*.lzo=01;31:*.xz=01;31:*.zst=01;31:*.tzst=01;31:*.bz2=01;31:*.bz=01;31:*.tbz=01;31:*.tbz2=01;31:*.tz=01;31:*.deb=01;31:*.rpm=01;31:*.jar=01;31:*.war=01;31:*.ear=01;31:*.sar=01;31:*.rar=01;31:*.alz=01;31:*.ace=01;31:*.zoo=01;31:*.cpio=01;31:*.7z=01;31:*.rz=01;31:*.cab=01;31:*.wim=01;31:*.swm=01;31:*.dwm=01;31:*.esd=01;31:*.jpg=01;35:*.jpeg=01;35:*.mjpg=01;35:*.mjpeg=01;35:*.gif=01;35:*.bmp=01;35:*.pbm=01;35:*.pgm=01;35:*.ppm=01;35:*.tga=01;35:*.xbm=01;35:*.xpm=01;35:*.tif=01;35:*.tiff=01;35:*.png=01;35:*.svg=01;35:*.svgz=01;35:*.mng=01;35:*.pcx=01;35:*.mov=01;35:*.mpg=01;35:*.mpeg=01;35:*.m2v=01;35:*.mkv=01;35:*.webm=01;35:*.webp=01;35:*.ogm=01;35:*.mp4=01;35:*.m4v=01;35:*.mp4v=01;35:*.vob=01;35:*.qt=01;35:*.nuv=01;35:*.wmv=01;35:*.asf=01;35:*.rm=01;35:*.rmvb=01;35:*.flc=01;35:*.avi=01;35:*.fli=01;35:*.flv=01;35:*.gl=01;35:*.dl=01;35:*.xcf=01;35:*.xwd=01;35:*.yuv=01;35:*.cgm=01;35:*.emf=01;35:*.ogv=01;35:*.ogx=01;35:*.aac=00;36:*.au=00;36:*.flac=00;36:*.m4a=00;36:*.mid=00;36:*.midi=00;36:*.mka=00;36:*.mp3=00;36:*.mpc=00;36:*.ogg=00;36:*.ra=00;36:*.wav=00;36:*.oga=00;36:*.opus=00;36:*.spx=00;36:*.xspf=00;36:', 'XDG_CURRENT_DESKTOP': 'ubuntu:GNOME', 'VTE_VERSION': '6800', 'WAYLAND_DISPLAY': 'wayland-0', 'GNOME_TERMINAL_SCREEN': '/org/gnome/Terminal/screen/b9f111c6_1614_4566_a43d_02029e2771b3', 'GNOME_SETUP_DISPLAY': ':1', 'LESSCLOSE': '/usr/bin/lesspipe %s %s', 'XDG_SESSION_CLASS': 'user', 'PYTHONPATH': '/home/vbharath/aesd_final_project/poky/bitbake/lib:', 'TERM': 'xterm-256color', 'LESSOPEN': '| /usr/bin/lesspipe %s', 'GNOME_TERMINAL_SERVICE': ':1.110', 'DISPLAY': ':0', 'SHLVL': '2', 'QT_IM_MODULE': 'ibus', 'DBUS_STARTER_ADDRESS': 'unix:path=/run/user/1000/bus,guid=93d3290e7b812fe3c4b33f80680d88c5', 'XDG_RUNTIME_DIR': '/run/user/1000', 'XDG_DATA_DIRS': '/usr/share/ubuntu:/usr/local/share/:/usr/share/:/var/lib/snapd/desktop', 'GDMSESSION': 'ubuntu', 'DBUS_SESSION_BUS_ADDRESS': 'unix:path=/run/user/1000/bus,guid=93d3290e7b812fe3c4b33f80680d88c5', 'BUILDDIR': '/home/vbharath/aesd_final_project/build', 'OLDPWD': '/home/vbharath/aesd_final_project', '_': '/home/vbharath/aesd_final_project/poky/bitbake/bin/bitbake-layers'}, ['/home/vbharath/aesd_final_project/poky/bitbake/bin/bitbake-layers', 'add-layer', '../meta-openembedded/meta-webserver']]
557381 22:37:31.736991 Lockfile now contains different contents, exiting: ['557393\n']
sys:1: ResourceWarning: unclosed file <_io.TextIOWrapper name='/home/vbharath/aesd_final_project/build/bitbake-cookerdaemon.log' mode='a+' encoding='UTF-8'>
557393 22:37:31.858786 Command Completed
557393 22:37:31.859208 Running command ['parseConfiguration']
557393 22:37:31.860849 Command Completed
557393 22:37:31.861126 Running command ['dataStoreConnectorCmd', 0, 'getVar', ('BBMULTICONFIG',), {}]
557393 22:37:31.861313 Command Completed
557393 22:37:31.861503 Running command ['dataStoreConnectorCmd', 0, 'getVar', ('BBPATH',), {}]
557393 22:37:31.861650 Command Completed
557393 22:37:31.865840 Running command ['dataStoreConnectorCmd', 0, 'getVar', ('BBLAYERS',), {}]
557393 22:37:31.866024 Command Completed
557393 22:37:31.866321 Running command ['dataStoreConnectorVarHistCmd', 0, 'get_variable_items_files', ('BBFILE_COLLECTIONS',), {}]
557393 22:37:31.866515 Command Completed
557393 22:37:31.867316 Running command ['dataStoreConnectorCmd', 0, 'getVar', ('BBLAYERS',), {}]
557393 22:37:31.867452 Command Completed
557393 22:37:31.867610 Running command ['dataStoreConnectorVarHistCmd', 0, 'get_variable_items_files', ('BBFILE_COLLECTIONS',), {}]
557393 22:37:31.867760 Command Completed
557393 22:37:31.868359 Running command ['dataStoreConnectorCmd', 0, 'getVar', ('BBLAYERS',), {}]
557393 22:37:31.868462 Command Completed
557393 22:37:31.868676 Running command ['dataStoreConnectorVarHistCmd', 0, 'get_variable_items_files', ('BBFILE_COLLECTIONS',), {}]
557393 22:37:31.868876 Command Completed
557393 22:37:31.870079 Running command ['dataStoreConnectorCmd', 0, 'getVar', ('BBLAYERS',), {}]
557393 22:37:31.870220 Command Completed
557393 22:37:31.870386 Running command ['dataStoreConnectorVarHistCmd', 0, 'get_variable_items_files', ('BBFILE_COLLECTIONS',), {}]
557393 22:37:31.870519 Command Completed
557393 22:37:31.871966 Running command ['clientComplete']
557393 22:37:31.872059 Command Completed
557393 22:37:31.872520 Processing Client
557393 22:37:31.872659 Disconnecting Client
557393 22:37:31.872770 No timeout, exiting.
557393 22:37:32.047365 Exiting
557393 22:37:32.049905 Original lockfile contents: ['557393\n']
557393 22:37:32.050027 Exiting as we could obtain the lock
sys:1: ResourceWarning: unclosed file <_io.TextIOWrapper name='/home/vbharath/aesd_final_project/build/bitbake-cookerdaemon.log' mode='a+' encoding='UTF-8'>
557405 22:37:32.214387 --- Starting bitbake server pid 557405 at 2025-04-29 22:37:32.214371 ---
557405 22:37:32.214986 Started bitbake server pid 557405
557405 22:37:32.215250 Entering server connection loop
557405 22:37:32.215805 Accepting [<socket.socket fd=6, family=AddressFamily.AF_UNIX, type=SocketKind.SOCK_STREAM, proto=0, laddr=bitbake.sock>] ([])
557405 22:37:32.216600 Processing Client
557405 22:37:32.216624 Connecting Client
557405 22:37:32.216771 Running command ['setFeatures', [2, 1]]
557405 22:37:32.216963 Command Completed
557405 22:37:32.217611 Running command ['updateConfig', {'halt': True, 'force': False, 'invalidate_stamp': None, 'dry_run': False, 'dump_signatures': [], 'extra_assume_provided': [], 'profile': False, 'prefile': [], 'postfile': [], 'server_timeout': None, 'nosetscene': False, 'setsceneonly': False, 'skipsetscene': False, 'runall': None, 'runonly': None, 'writeeventlog': None, 'build_verbose_shell': False, 'build_verbose_stdout': False, 'default_loglevel': 20, 'debug_domains': {}}, {'SHELL': '/bin/bash', 'BB_ENV_PASSTHROUGH_ADDITIONS': 'ALL_PROXY BBPATH_EXTRA BB_LOGCONFIG BB_NO_NETWORK BB_NUMBER_THREADS BB_SETSCENE_ENFORCE BB_SRCREV_POLICY DISTRO FTPS_PROXY FTP_PROXY GIT_PROXY_COMMAND HTTPS_PROXY HTTP_PROXY MACHINE NO_PROXY PARALLEL_MAKE SCREENDIR SDKMACHINE SOCKS5_PASSWD SOCKS5_USER SSH_AGENT_PID SSH_AUTH_SOCK STAMPS_DIR TCLIBC TCMODE all_proxy ftp_proxy ftps_proxy http_proxy https_proxy no_proxy ', 'SSH_AUTH_SOCK': '/run/user/1000/keyring/ssh', 'PWD': '/home/vbharath/aesd_final_project/build', 'LOGNAME': 'vbharath', 'HOME': '/home/vbharath', 'BBPATH': '/home/vbharath/aesd_final_project/build', 'USER': 'vbharath', 'PATH': '/home/vbharath/aesd_final_project/poky/scripts:/home/vbharath/aesd_final_project/poky/bitbake/bin:/usr/local/sbin:/usr/local/bin:/usr/sbin:/usr/bin:/sbin:/bin:/usr/games:/usr/local/games:/snap/bin:/snap/bin', 'LC_ALL': 'en_US.UTF-8', 'SESSION_MANAGER': 'local/ubuntu:@/tmp/.ICE-unix/1868,unix/ubuntu:/tmp/.ICE-unix/1868', 'QT_ACCESSIBILITY': '1', 'COLORTERM': 'truecolor', 'XDG_CONFIG_DIRS': '/etc/xdg/xdg-ubuntu:/etc/xdg', 'SSH_AGENT_LAUNCHER': 'gnome-keyring', 'XDG_MENU_PREFIX': 'gnome-', 'GNOME_DESKTOP_SESSION_ID': 'this-is-deprecated', 'GNOME_SHELL_SESSION_MODE': 'ubuntu', 'XMODIFIERS': '@im=ibus', 'DESKTOP_SESSION': 'ubuntu', 'GTK_MODULES': 'gail:atk-bridge', 'DBUS_STARTER_BUS_TYPE': 'session', 'XDG_SESSION_DESKTOP': 'ubuntu', 'XDG_SESSION_TYPE': 'wayland', 'SYSTEMD_EXEC_PID': '1868', 'XAUTHORITY': '/run/user/1000/.mutter-Xwaylandauth.XP1D52', 'USERNAME': 'vbharath', 'IM_CONFIG_PHASE': '1', 'LANG': 'en_US.UTF-8', 'LS_COLORS': 'rs=0:di=01;34:ln=01;36:mh=00:pi=40;33:so=01;35:do=01;35:bd=40;33;01:cd=40;33;01:or=40;31;01:mi=00:su=37;41:sg=30;43:ca=30;41:tw=30;42:ow=34;42:st=37;44:ex=01;32:*.tar=01;31:*.tgz=01;31:*.arc=01;31:*.arj=01;31:*.taz=01;31:*.lha=01;31:*.lz4=01;31:*.lzh=01;31:*.lzma=01;31:*.tlz=01;31:*.txz=01;31:*.tzo=01;31:*.t7z=01;31:*.zip=01;31:*.z=01;31:*.dz=01;31:*.gz=01;31:*.lrz=01;31:*.lz=01;31:*.lzo=01;31:*.xz=01;31:*.zst=01;31:*.tzst=01;31:*.bz2=01;31:*.bz=01;31:*.tbz=01;31:*.tbz2=01;31:*.tz=01;31:*.deb=01;31:*.rpm=01;31:*.jar=01;31:*.war=01;31:*.ear=01;31:*.sar=01;31:*.rar=01;31:*.alz=01;31:*.ace=01;31:*.zoo=01;31:*.cpio=01;31:*.7z=01;31:*.rz=01;31:*.cab=01;31:*.wim=01;31:*.swm=01;31:*.dwm=01;31:*.esd=01;31:*.jpg=01;35:*.jpeg=01;35:*.mjpg=01;35:*.mjpeg=01;35:*.gif=01;35:*.bmp=01;35:*.pbm=01;35:*.pgm=01;35:*.ppm=01;35:*.tga=01;35:*.xbm=01;35:*.xpm=01;35:*.tif=01;35:*.tiff=01;35:*.png=01;35:*.svg=01;35:*.svgz=01;35:*.mng=01;35:*.pcx=01;35:*.mov=01;35:*.mpg=01;35:*.mpeg=01;35:*.m2v=01;35:*.mkv=01;35:*.webm=01;35:*.webp=01;35:*.ogm=01;35:*.mp4=01;35:*.m4v=01;35:*.mp4v=01;35:*.vob=01;35:*.qt=01;35:*.nuv=01;35:*.wmv=01;35:*.asf=01;35:*.rm=01;35:*.rmvb=01;35:*.flc=01;35:*.avi=01;35:*.fli=01;35:*.flv=01;35:*.gl=01;35:*.dl=01;35:*.xcf=01;35:*.xwd=01;35:*.yuv=01;35:*.cgm=01;35:*.emf=01;35:*.ogv=01;35:*.ogx=01;35:*.aac=00;36:*.au=00;36:*.flac=00;36:*.m4a=00;36:*.mid=00;36:*.midi=00;36:*.mka=00;36:*.mp3=00;36:*.mpc=00;36:*.ogg=00;36:*.ra=00;36:*.wav=00;36:*.oga=00;36:*.opus=00;36:*.spx=00;36:*.xspf=00;36:', 'XDG_CURRENT_DESKTOP': 'ubuntu:GNOME', 'VTE_VERSION': '6800', 'WAYLAND_DISPLAY': 'wayland-0', 'GNOME_TERMINAL_SCREEN': '/org/gnome/Terminal/screen/b9f111c6_1614_4566_a43d_02029e2771b3', 'GNOME_SETUP_DISPLAY': ':1', 'LESSCLOSE': '/usr/bin/lesspipe %s %s', 'XDG_SESSION_CLASS': 'user', 'PYTHONPATH': '/home/vbharath/aesd_final_project/poky/bitbake/lib:', 'TERM': 'xterm-256color', 'LESSOPEN': '| /usr/bin/lesspipe %s', 'GNOME_TERMINAL_SERVICE': ':1.110', 'DISPLAY': ':0', 'SHLVL': '2', 'QT_IM_MODULE': 'ibus', 'DBUS_STARTER_ADDRESS': 'unix:path=/run/user/1000/bus,guid=93d3290e7b812fe3c4b33f80680d88c5', 'XDG_RUNTIME_DIR': '/run/user/1000', 'XDG_DATA_DIRS': '/usr/share/ubuntu:/usr/local/share/:/usr/share/:/var/lib/snapd/desktop', 'GDMSESSION': 'ubuntu', 'DBUS_SESSION_BUS_ADDRESS': 'unix:path=/run/user/1000/bus,guid=93d3290e7b812fe3c4b33f80680d88c5', 'BUILDDIR': '/home/vbharath/aesd_final_project/build', 'OLDPWD': '/home/vbharath/aesd_final_project', '_': '/home/vbharath/aesd_final_project/poky/bitbake/bin/bitbake-layers'}, ['/home/vbharath/aesd_final_project/poky/bitbake/bin/bitbake-layers', 'add-layer', '../meta-openembedded/meta-networking']]
557405 22:37:32.420046 Command Completed
557405 22:37:32.420866 Running command ['parseConfiguration']
557405 22:37:32.422372 Command Completed
557405 22:37:32.422581 Running command ['dataStoreConnectorCmd', 0, 'getVar', ('BBMULTICONFIG',), {}]
557405 22:37:32.422799 Command Completed
557405 22:37:32.423017 Running command ['dataStoreConnectorCmd', 0, 'getVar', ('BBPATH',), {}]
557405 22:37:32.423162 Command Completed
557405 22:37:32.426777 Running command ['dataStoreConnectorCmd', 0, 'getVar', ('BBLAYERS',), {}]
557405 22:37:32.426941 Command Completed
557405 22:37:32.427202 Running command ['dataStoreConnectorVarHistCmd', 0, 'get_variable_items_files', ('BBFILE_COLLECTIONS',), {}]
557405 22:37:32.427488 Command Completed
557405 22:37:32.428262 Running command ['dataStoreConnectorCmd', 0, 'getVar', ('BBLAYERS',), {}]
557405 22:37:32.428364 Command Completed
557405 22:37:32.428662 Running command ['dataStoreConnectorVarHistCmd', 0, 'get_variable_items_files', ('BBFILE_COLLECTIONS',), {}]
557405 22:37:32.428789 Command Completed
557405 22:37:32.429554 Running command ['dataStoreConnectorCmd', 0, 'getVar', ('BBLAYERS',), {}]
557405 22:37:32.429663 Command Completed
557405 22:37:32.429904 Running command ['dataStoreConnectorVarHistCmd', 0, 'get_variable_items_files', ('BBFILE_COLLECTIONS',), {}]
557405 22:37:32.430123 Command Completed
557405 22:37:32.431396 Running command ['dataStoreConnectorCmd', 0, 'getVar', ('BBLAYERS',), {}]
557405 22:37:32.431508 Command Completed
557405 22:37:32.431742 Running command ['dataStoreConnectorVarHistCmd', 0, 'get_variable_items_files', ('BBFILE_COLLECTIONS',), {}]
557405 22:37:32.431856 Command Completed
557405 22:37:32.433544 Running command ['clientComplete']
557405 22:37:32.433633 Command Completed
557405 22:37:32.434156 Processing Client
557405 22:37:32.434197 Disconnecting Client
557405 22:37:32.434304 No timeout, exiting.
557405 22:37:32.610915 Exiting
557405 22:37:32.612762 Original lockfile contents: ['557405\n']
557405 22:37:32.612872 Exiting as we could obtain the lock
sys:1: ResourceWarning: unclosed file <_io.TextIOWrapper name='/home/vbharath/aesd_final_project/build/bitbake-cookerdaemon.log' mode='a+' encoding='UTF-8'>
557417 22:37:32.746374 --- Starting bitbake server pid 557417 at 2025-04-29 22:37:32.746360 ---
557417 22:37:32.747052 Started bitbake server pid 557417
557417 22:37:32.747190 Entering server connection loop
557417 22:37:32.748014 Accepting [<socket.socket fd=6, family=AddressFamily.AF_UNIX, type=SocketKind.SOCK_STREAM, proto=0, laddr=bitbake.sock>] ([])
557417 22:37:32.749021 Processing Client
557417 22:37:32.749057 Connecting Client
557417 22:37:32.749214 Running command ['setFeatures', [2, 1]]
557417 22:37:32.749303 Command Completed
557417 22:37:32.749895 Running command ['updateConfig', {'halt': True, 'force': False, 'invalidate_stamp': None, 'dry_run': False, 'dump_signatures': [], 'extra_assume_provided': [], 'profile': False, 'prefile': [], 'postfile': [], 'server_timeout': None, 'nosetscene': False, 'setsceneonly': False, 'skipsetscene': False, 'runall': None, 'runonly': None, 'writeeventlog': None, 'build_verbose_shell': False, 'build_verbose_stdout': False, 'default_loglevel': 20, 'debug_domains': {}}, {'SHELL': '/bin/bash', 'BB_ENV_PASSTHROUGH_ADDITIONS': 'ALL_PROXY BBPATH_EXTRA BB_LOGCONFIG BB_NO_NETWORK BB_NUMBER_THREADS BB_SETSCENE_ENFORCE BB_SRCREV_POLICY DISTRO FTPS_PROXY FTP_PROXY GIT_PROXY_COMMAND HTTPS_PROXY HTTP_PROXY MACHINE NO_PROXY PARALLEL_MAKE SCREENDIR SDKMACHINE SOCKS5_PASSWD SOCKS5_USER SSH_AGENT_PID SSH_AUTH_SOCK STAMPS_DIR TCLIBC TCMODE all_proxy ftp_proxy ftps_proxy http_proxy https_proxy no_proxy ', 'SSH_AUTH_SOCK': '/run/user/1000/keyring/ssh', 'PWD': '/home/vbharath/aesd_final_project/build', 'LOGNAME': 'vbharath', 'HOME': '/home/vbharath', 'BBPATH': '/home/vbharath/aesd_final_project/build', 'USER': 'vbharath', 'PATH': '/home/vbharath/aesd_final_project/poky/scripts:/home/vbharath/aesd_final_project/poky/bitbake/bin:/usr/local/sbin:/usr/local/bin:/usr/sbin:/usr/bin:/sbin:/bin:/usr/games:/usr/local/games:/snap/bin:/snap/bin', 'LC_ALL': 'en_US.UTF-8', 'SESSION_MANAGER': 'local/ubuntu:@/tmp/.ICE-unix/1868,unix/ubuntu:/tmp/.ICE-unix/1868', 'QT_ACCESSIBILITY': '1', 'COLORTERM': 'truecolor', 'XDG_CONFIG_DIRS': '/etc/xdg/xdg-ubuntu:/etc/xdg', 'SSH_AGENT_LAUNCHER': 'gnome-keyring', 'XDG_MENU_PREFIX': 'gnome-', 'GNOME_DESKTOP_SESSION_ID': 'this-is-deprecated', 'GNOME_SHELL_SESSION_MODE': 'ubuntu', 'XMODIFIERS': '@im=ibus', 'DESKTOP_SESSION': 'ubuntu', 'GTK_MODULES': 'gail:atk-bridge', 'DBUS_STARTER_BUS_TYPE': 'session', 'XDG_SESSION_DESKTOP': 'ubuntu', 'XDG_SESSION_TYPE': 'wayland', 'SYSTEMD_EXEC_PID': '1868', 'XAUTHORITY': '/run/user/1000/.mutter-Xwaylandauth.XP1D52', 'USERNAME': 'vbharath', 'IM_CONFIG_PHASE': '1', 'LANG': 'en_US.UTF-8', 'LS_COLORS': 'rs=0:di=01;34:ln=01;36:mh=00:pi=40;33:so=01;35:do=01;35:bd=40;33;01:cd=40;33;01:or=40;31;01:mi=00:su=37;41:sg=30;43:ca=30;41:tw=30;42:ow=34;42:st=37;44:ex=01;32:*.tar=01;31:*.tgz=01;31:*.arc=01;31:*.arj=01;31:*.taz=01;31:*.lha=01;31:*.lz4=01;31:*.lzh=01;31:*.lzma=01;31:*.tlz=01;31:*.txz=01;31:*.tzo=01;31:*.t7z=01;31:*.zip=01;31:*.z=01;31:*.dz=01;31:*.gz=01;31:*.lrz=01;31:*.lz=01;31:*.lzo=01;31:*.xz=01;31:*.zst=01;31:*.tzst=01;31:*.bz2=01;31:*.bz=01;31:*.tbz=01;31:*.tbz2=01;31:*.tz=01;31:*.deb=01;31:*.rpm=01;31:*.jar=01;31:*.war=01;31:*.ear=01;31:*.sar=01;31:*.rar=01;31:*.alz=01;31:*.ace=01;31:*.zoo=01;31:*.cpio=01;31:*.7z=01;31:*.rz=01;31:*.cab=01;31:*.wim=01;31:*.swm=01;31:*.dwm=01;31:*.esd=01;31:*.jpg=01;35:*.jpeg=01;35:*.mjpg=01;35:*.mjpeg=01;35:*.gif=01;35:*.bmp=01;35:*.pbm=01;35:*.pgm=01;35:*.ppm=01;35:*.tga=01;35:*.xbm=01;35:*.xpm=01;35:*.tif=01;35:*.tiff=01;35:*.png=01;35:*.svg=01;35:*.svgz=01;35:*.mng=01;35:*.pcx=01;35:*.mov=01;35:*.mpg=01;35:*.mpeg=01;35:*.m2v=01;35:*.mkv=01;35:*.webm=01;35:*.webp=01;35:*.ogm=01;35:*.mp4=01;35:*.m4v=01;35:*.mp4v=01;35:*.vob=01;35:*.qt=01;35:*.nuv=01;35:*.wmv=01;35:*.asf=01;35:*.rm=01;35:*.rmvb=01;35:*.flc=01;35:*.avi=01;35:*.fli=01;35:*.flv=01;35:*.gl=01;35:*.dl=01;35:*.xcf=01;35:*.xwd=01;35:*.yuv=01;35:*.cgm=01;35:*.emf=01;35:*.ogv=01;35:*.ogx=01;35:*.aac=00;36:*.au=00;36:*.flac=00;36:*.m4a=00;36:*.mid=00;36:*.midi=00;36:*.mka=00;36:*.mp3=00;36:*.mpc=00;36:*.ogg=00;36:*.ra=00;36:*.wav=00;36:*.oga=00;36:*.opus=00;36:*.spx=00;36:*.xspf=00;36:', 'XDG_CURRENT_DESKTOP': 'ubuntu:GNOME', 'VTE_VERSION': '6800', 'WAYLAND_DISPLAY': 'wayland-0', 'GNOME_TERMINAL_SCREEN': '/org/gnome/Terminal/screen/b9f111c6_1614_4566_a43d_02029e2771b3', 'GNOME_SETUP_DISPLAY': ':1', 'LESSCLOSE': '/usr/bin/lesspipe %s %s', 'XDG_SESSION_CLASS': 'user', 'PYTHONPATH': '/home/vbharath/aesd_final_project/poky/bitbake/lib:', 'TERM': 'xterm-256color', 'LESSOPEN': '| /usr/bin/lesspipe %s', 'GNOME_TERMINAL_SERVICE': ':1.110', 'DISPLAY': ':0', 'SHLVL': '2', 'QT_IM_MODULE': 'ibus', 'DBUS_STARTER_ADDRESS': 'unix:path=/run/user/1000/bus,guid=93d3290e7b812fe3c4b33f80680d88c5', 'XDG_RUNTIME_DIR': '/run/user/1000', 'XDG_DATA_DIRS': '/usr/share/ubuntu:/usr/local/share/:/usr/share/:/var/lib/snapd/desktop', 'GDMSESSION': 'ubuntu', 'DBUS_SESSION_BUS_ADDRESS': 'unix:path=/run/user/1000/bus,guid=93d3290e7b812fe3c4b33f80680d88c5', 'BUILDDIR': '/home/vbharath/aesd_final_project/build', 'OLDPWD': '/home/vbharath/aesd_final_project', '_': '/home/vbharath/aesd_final_project/poky/bitbake/bin/bitbake-layers'}, ['/home/vbharath/aesd_final_project/poky/bitbake/bin/bitbake-layers', 'add-layer', '../meta-openembedded/meta-multimedia']]
557417 22:37:32.948288 Command Completed
557417 22:37:32.948655 Running command ['parseConfiguration']
557417 22:37:32.951172 Command Completed
557417 22:37:32.951402 Running command ['dataStoreConnectorCmd', 0, 'getVar', ('BBMULTICONFIG',), {}]
557417 22:37:32.951702 Command Completed
557417 22:37:32.951857 Running command ['dataStoreConnectorCmd', 0, 'getVar', ('BBPATH',), {}]
557417 22:37:32.951989 Command Completed
557417 22:37:32.956280 Running command ['dataStoreConnectorCmd', 0, 'getVar', ('BBLAYERS',), {}]
557417 22:37:32.956447 Command Completed
557417 22:37:32.956689 Running command ['dataStoreConnectorVarHistCmd', 0, 'get_variable_items_files', ('BBFILE_COLLECTIONS',), {}]
557417 22:37:32.956860 Command Completed
557417 22:37:32.958087 Running command ['dataStoreConnectorCmd', 0, 'getVar', ('BBLAYERS',), {}]
557417 22:37:32.958190 Command Completed
557417 22:37:32.958345 Running command ['dataStoreConnectorVarHistCmd', 0, 'get_variable_items_files', ('BBFILE_COLLECTIONS',), {}]
557417 22:37:32.958469 Command Completed
557417 22:37:32.959129 Running command ['dataStoreConnectorCmd', 0, 'getVar', ('BBLAYERS',), {}]
557417 22:37:32.959220 Command Completed
557417 22:37:32.959362 Running command ['dataStoreConnectorVarHistCmd', 0, 'get_variable_items_files', ('BBFILE_COLLECTIONS',), {}]
557417 22:37:32.959476 Command Completed
557417 22:37:32.960767 Running command ['dataStoreConnectorCmd', 0, 'getVar', ('BBLAYERS',), {}]
557417 22:37:32.960912 Command Completed
557417 22:37:32.961068 Running command ['dataStoreConnectorVarHistCmd', 0, 'get_variable_items_files', ('BBFILE_COLLECTIONS',), {}]
557417 22:37:32.961206 Command Completed
557417 22:37:32.962906 Running command ['clientComplete']
557417 22:37:32.962995 Command Completed
557417 22:37:32.963416 Processing Client
557417 22:37:32.963450 Disconnecting Client
557417 22:37:32.963544 No timeout, exiting.
557417 22:37:33.135508 Exiting
557417 22:37:33.137946 Original lockfile contents: ['557417\n']
557417 22:37:33.138056 Exiting as we could obtain the lock
sys:1: ResourceWarning: unclosed file <_io.TextIOWrapper name='/home/vbharath/aesd_final_project/build/bitbake-cookerdaemon.log' mode='a+' encoding='UTF-8'>
557429 22:37:33.283626 --- Starting bitbake server pid 557429 at 2025-04-29 22:37:33.283611 ---
557429 22:37:33.284195 Started bitbake server pid 557429
557429 22:37:33.284407 Entering server connection loop
557429 22:37:33.284602 Accepting [<socket.socket fd=6, family=AddressFamily.AF_UNIX, type=SocketKind.SOCK_STREAM, proto=0, laddr=bitbake.sock>] ([])
557429 22:37:33.285613 Processing Client
557429 22:37:33.285655 Connecting Client
557429 22:37:33.285810 Running command ['setFeatures', [2, 1]]
557429 22:37:33.285892 Command Completed
557429 22:37:33.286499 Running command ['updateConfig', {'halt': True, 'force': False, 'invalidate_stamp': None, 'dry_run': False, 'dump_signatures': [], 'extra_assume_provided': [], 'profile': False, 'prefile': [], 'postfile': [], 'server_timeout': None, 'nosetscene': False, 'setsceneonly': False, 'skipsetscene': False, 'runall': None, 'runonly': None, 'writeeventlog': None, 'build_verbose_shell': False, 'build_verbose_stdout': False, 'default_loglevel': 20, 'debug_domains': {}}, {'SHELL': '/bin/bash', 'BB_ENV_PASSTHROUGH_ADDITIONS': 'ALL_PROXY BBPATH_EXTRA BB_LOGCONFIG BB_NO_NETWORK BB_NUMBER_THREADS BB_SETSCENE_ENFORCE BB_SRCREV_POLICY DISTRO FTPS_PROXY FTP_PROXY GIT_PROXY_COMMAND HTTPS_PROXY HTTP_PROXY MACHINE NO_PROXY PARALLEL_MAKE SCREENDIR SDKMACHINE SOCKS5_PASSWD SOCKS5_USER SSH_AGENT_PID SSH_AUTH_SOCK STAMPS_DIR TCLIBC TCMODE all_proxy ftp_proxy ftps_proxy http_proxy https_proxy no_proxy ', 'SSH_AUTH_SOCK': '/run/user/1000/keyring/ssh', 'PWD': '/home/vbharath/aesd_final_project/build', 'LOGNAME': 'vbharath', 'HOME': '/home/vbharath', 'BBPATH': '/home/vbharath/aesd_final_project/build', 'USER': 'vbharath', 'PATH': '/home/vbharath/aesd_final_project/poky/scripts:/home/vbharath/aesd_final_project/poky/bitbake/bin:/usr/local/sbin:/usr/local/bin:/usr/sbin:/usr/bin:/sbin:/bin:/usr/games:/usr/local/games:/snap/bin:/snap/bin', 'LC_ALL': 'en_US.UTF-8', 'SESSION_MANAGER': 'local/ubuntu:@/tmp/.ICE-unix/1868,unix/ubuntu:/tmp/.ICE-unix/1868', 'QT_ACCESSIBILITY': '1', 'COLORTERM': 'truecolor', 'XDG_CONFIG_DIRS': '/etc/xdg/xdg-ubuntu:/etc/xdg', 'SSH_AGENT_LAUNCHER': 'gnome-keyring', 'XDG_MENU_PREFIX': 'gnome-', 'GNOME_DESKTOP_SESSION_ID': 'this-is-deprecated', 'GNOME_SHELL_SESSION_MODE': 'ubuntu', 'XMODIFIERS': '@im=ibus', 'DESKTOP_SESSION': 'ubuntu', 'GTK_MODULES': 'gail:atk-bridge', 'DBUS_STARTER_BUS_TYPE': 'session', 'XDG_SESSION_DESKTOP': 'ubuntu', 'XDG_SESSION_TYPE': 'wayland', 'SYSTEMD_EXEC_PID': '1868', 'XAUTHORITY': '/run/user/1000/.mutter-Xwaylandauth.XP1D52', 'USERNAME': 'vbharath', 'IM_CONFIG_PHASE': '1', 'LANG': 'en_US.UTF-8', 'LS_COLORS': 'rs=0:di=01;34:ln=01;36:mh=00:pi=40;33:so=01;35:do=01;35:bd=40;33;01:cd=40;33;01:or=40;31;01:mi=00:su=37;41:sg=30;43:ca=30;41:tw=30;42:ow=34;42:st=37;44:ex=01;32:*.tar=01;31:*.tgz=01;31:*.arc=01;31:*.arj=01;31:*.taz=01;31:*.lha=01;31:*.lz4=01;31:*.lzh=01;31:*.lzma=01;31:*.tlz=01;31:*.txz=01;31:*.tzo=01;31:*.t7z=01;31:*.zip=01;31:*.z=01;31:*.dz=01;31:*.gz=01;31:*.lrz=01;31:*.lz=01;31:*.lzo=01;31:*.xz=01;31:*.zst=01;31:*.tzst=01;31:*.bz2=01;31:*.bz=01;31:*.tbz=01;31:*.tbz2=01;31:*.tz=01;31:*.deb=01;31:*.rpm=01;31:*.jar=01;31:*.war=01;31:*.ear=01;31:*.sar=01;31:*.rar=01;31:*.alz=01;31:*.ace=01;31:*.zoo=01;31:*.cpio=01;31:*.7z=01;31:*.rz=01;31:*.cab=01;31:*.wim=01;31:*.swm=01;31:*.dwm=01;31:*.esd=01;31:*.jpg=01;35:*.jpeg=01;35:*.mjpg=01;35:*.mjpeg=01;35:*.gif=01;35:*.bmp=01;35:*.pbm=01;35:*.pgm=01;35:*.ppm=01;35:*.tga=01;35:*.xbm=01;35:*.xpm=01;35:*.tif=01;35:*.tiff=01;35:*.png=01;35:*.svg=01;35:*.svgz=01;35:*.mng=01;35:*.pcx=01;35:*.mov=01;35:*.mpg=01;35:*.mpeg=01;35:*.m2v=01;35:*.mkv=01;35:*.webm=01;35:*.webp=01;35:*.ogm=01;35:*.mp4=01;35:*.m4v=01;35:*.mp4v=01;35:*.vob=01;35:*.qt=01;35:*.nuv=01;35:*.wmv=01;35:*.asf=01;35:*.rm=01;35:*.rmvb=01;35:*.flc=01;35:*.avi=01;35:*.fli=01;35:*.flv=01;35:*.gl=01;35:*.dl=01;35:*.xcf=01;35:*.xwd=01;35:*.yuv=01;35:*.cgm=01;35:*.emf=01;35:*.ogv=01;35:*.ogx=01;35:*.aac=00;36:*.au=00;36:*.flac=00;36:*.m4a=00;36:*.mid=00;36:*.midi=00;36:*.mka=00;36:*.mp3=00;36:*.mpc=00;36:*.ogg=00;36:*.ra=00;36:*.wav=00;36:*.oga=00;36:*.opus=00;36:*.spx=00;36:*.xspf=00;36:', 'XDG_CURRENT_DESKTOP': 'ubuntu:GNOME', 'VTE_VERSION': '6800', 'WAYLAND_DISPLAY': 'wayland-0', 'GNOME_TERMINAL_SCREEN': '/org/gnome/Terminal/screen/b9f111c6_1614_4566_a43d_02029e2771b3', 'GNOME_SETUP_DISPLAY': ':1', 'LESSCLOSE': '/usr/bin/lesspipe %s %s', 'XDG_SESSION_CLASS': 'user', 'PYTHONPATH': '/home/vbharath/aesd_final_project/poky/bitbake/lib:', 'TERM': 'xterm-256color', 'LESSOPEN': '| /usr/bin/lesspipe %s', 'GNOME_TERMINAL_SERVICE': ':1.110', 'DISPLAY': ':0', 'SHLVL': '2', 'QT_IM_MODULE': 'ibus', 'DBUS_STARTER_ADDRESS': 'unix:path=/run/user/1000/bus,guid=93d3290e7b812fe3c4b33f80680d88c5', 'XDG_RUNTIME_DIR': '/run/user/1000', 'XDG_DATA_DIRS': '/usr/share/ubuntu:/usr/local/share/:/usr/share/:/var/lib/snapd/desktop', 'GDMSESSION': 'ubuntu', 'DBUS_SESSION_BUS_ADDRESS': 'unix:path=/run/user/1000/bus,guid=93d3290e7b812fe3c4b33f80680d88c5', 'BUILDDIR': '/home/vbharath/aesd_final_project/build', 'OLDPWD': '/home/vbharath/aesd_final_project', '_': '/home/vbharath/aesd_final_project/poky/bitbake/bin/bitbake-layers'}, ['/home/vbharath/aesd_final_project/poky/bitbake/bin/bitbake-layers', 'add-layer', '../meta-tegra']]
557429 22:37:33.490744 Command Completed
557429 22:37:33.491209 Running command ['parseConfiguration']
557429 22:37:33.492852 Command Completed
557429 22:37:33.493107 Running command ['dataStoreConnectorCmd', 0, 'getVar', ('BBMULTICONFIG',), {}]
557429 22:37:33.493308 Command Completed
557429 22:37:33.493581 Running command ['dataStoreConnectorCmd', 0, 'getVar', ('BBPATH',), {}]
557429 22:37:33.493735 Command Completed
557429 22:37:33.497688 Running command ['dataStoreConnectorCmd', 0, 'getVar', ('BBLAYERS',), {}]
557429 22:37:33.497815 Command Completed
557429 22:37:33.497973 Running command ['dataStoreConnectorVarHistCmd', 0, 'get_variable_items_files', ('BBFILE_COLLECTIONS',), {}]
557429 22:37:33.498138 Command Completed
557429 22:37:33.499510 Running command ['dataStoreConnectorCmd', 0, 'getVar', ('BBLAYERS',), {}]
557429 22:37:33.499648 Command Completed
557429 22:37:33.499818 Running command ['dataStoreConnectorVarHistCmd', 0, 'get_variable_items_files', ('BBFILE_COLLECTIONS',), {}]
557429 22:37:33.499975 Command Completed
557429 22:37:33.500765 Running command ['dataStoreConnectorCmd', 0, 'getVar', ('BBLAYERS',), {}]
557429 22:37:33.500864 Command Completed
557429 22:37:33.501003 Running command ['dataStoreConnectorVarHistCmd', 0, 'get_variable_items_files', ('BBFILE_COLLECTIONS',), {}]
557429 22:37:33.501121 Command Completed
557429 22:37:33.501970 Running command ['dataStoreConnectorCmd', 0, 'getVar', ('BBLAYERS',), {}]
557429 22:37:33.502054 Command Completed
557429 22:37:33.502191 Running command ['dataStoreConnectorVarHistCmd', 0, 'get_variable_items_files', ('BBFILE_COLLECTIONS',), {}]
557429 22:37:33.502299 Command Completed
557429 22:37:33.504017 Running command ['clientComplete']
557429 22:37:33.504103 Command Completed
557429 22:37:33.504534 Processing Client
557429 22:37:33.504646 Disconnecting Client
557429 22:37:33.504748 No timeout, exiting.
557429 22:37:33.634834 Exiting
557429 22:37:33.637036 Original lockfile contents: ['557429\n']
557429 22:37:33.638132 Exiting as we could obtain the lock
sys:1: ResourceWarning: unclosed file <_io.TextIOWrapper name='/home/vbharath/aesd_final_project/build/bitbake-cookerdaemon.log' mode='a+' encoding='UTF-8'>
557440 22:37:33.830961 --- Starting bitbake server pid 557440 at 2025-04-29 22:37:33.830947 ---
557440 22:37:33.831730 Started bitbake server pid 557440
557440 22:37:33.831880 Entering server connection loop
557440 22:37:33.832224 Accepting [<socket.socket fd=6, family=AddressFamily.AF_UNIX, type=SocketKind.SOCK_STREAM, proto=0, laddr=bitbake.sock>] ([])
557440 22:37:33.833040 Processing Client
557440 22:37:33.833080 Connecting Client
557440 22:37:33.833234 Running command ['setFeatures', [2, 1]]
557440 22:37:33.833360 Command Completed
557440 22:37:33.834083 Running command ['updateConfig', {'halt': True, 'force': False, 'invalidate_stamp': None, 'dry_run': False, 'dump_signatures': [], 'extra_assume_provided': [], 'profile': False, 'prefile': [], 'postfile': [], 'server_timeout': None, 'nosetscene': False, 'setsceneonly': False, 'skipsetscene': False, 'runall': None, 'runonly': None, 'writeeventlog': None, 'build_verbose_shell': False, 'build_verbose_stdout': False, 'default_loglevel': 20, 'debug_domains': {}}, {'SHELL': '/bin/bash', 'BB_ENV_PASSTHROUGH_ADDITIONS': 'ALL_PROXY BBPATH_EXTRA BB_LOGCONFIG BB_NO_NETWORK BB_NUMBER_THREADS BB_SETSCENE_ENFORCE BB_SRCREV_POLICY DISTRO FTPS_PROXY FTP_PROXY GIT_PROXY_COMMAND HTTPS_PROXY HTTP_PROXY MACHINE NO_PROXY PARALLEL_MAKE SCREENDIR SDKMACHINE SOCKS5_PASSWD SOCKS5_USER SSH_AGENT_PID SSH_AUTH_SOCK STAMPS_DIR TCLIBC TCMODE all_proxy ftp_proxy ftps_proxy http_proxy https_proxy no_proxy ', 'SSH_AUTH_SOCK': '/run/user/1000/keyring/ssh', 'PWD': '/home/vbharath/aesd_final_project/build', 'LOGNAME': 'vbharath', 'HOME': '/home/vbharath', 'BBPATH': '/home/vbharath/aesd_final_project/build', 'USER': 'vbharath', 'PATH': '/home/vbharath/aesd_final_project/poky/scripts:/home/vbharath/aesd_final_project/poky/bitbake/bin:/usr/local/sbin:/usr/local/bin:/usr/sbin:/usr/bin:/sbin:/bin:/usr/games:/usr/local/games:/snap/bin:/snap/bin', 'LC_ALL': 'en_US.UTF-8', 'SESSION_MANAGER': 'local/ubuntu:@/tmp/.ICE-unix/1868,unix/ubuntu:/tmp/.ICE-unix/1868', 'QT_ACCESSIBILITY': '1', 'COLORTERM': 'truecolor', 'XDG_CONFIG_DIRS': '/etc/xdg/xdg-ubuntu:/etc/xdg', 'SSH_AGENT_LAUNCHER': 'gnome-keyring', 'XDG_MENU_PREFIX': 'gnome-', 'GNOME_DESKTOP_SESSION_ID': 'this-is-deprecated', 'GNOME_SHELL_SESSION_MODE': 'ubuntu', 'XMODIFIERS': '@im=ibus', 'DESKTOP_SESSION': 'ubuntu', 'GTK_MODULES': 'gail:atk-bridge', 'DBUS_STARTER_BUS_TYPE': 'session', 'XDG_SESSION_DESKTOP': 'ubuntu', 'XDG_SESSION_TYPE': 'wayland', 'SYSTEMD_EXEC_PID': '1868', 'XAUTHORITY': '/run/user/1000/.mutter-Xwaylandauth.XP1D52', 'USERNAME': 'vbharath', 'IM_CONFIG_PHASE': '1', 'LANG': 'en_US.UTF-8', 'LS_COLORS': 'rs=0:di=01;34:ln=01;36:mh=00:pi=40;33:so=01;35:do=01;35:bd=40;33;01:cd=40;33;01:or=40;31;01:mi=00:su=37;41:sg=30;43:ca=30;41:tw=30;42:ow=34;42:st=37;44:ex=01;32:*.tar=01;31:*.tgz=01;31:*.arc=01;31:*.arj=01;31:*.taz=01;31:*.lha=01;31:*.lz4=01;31:*.lzh=01;31:*.lzma=01;31:*.tlz=01;31:*.txz=01;31:*.tzo=01;31:*.t7z=01;31:*.zip=01;31:*.z=01;31:*.dz=01;31:*.gz=01;31:*.lrz=01;31:*.lz=01;31:*.lzo=01;31:*.xz=01;31:*.zst=01;31:*.tzst=01;31:*.bz2=01;31:*.bz=01;31:*.tbz=01;31:*.tbz2=01;31:*.tz=01;31:*.deb=01;31:*.rpm=01;31:*.jar=01;31:*.war=01;31:*.ear=01;31:*.sar=01;31:*.rar=01;31:*.alz=01;31:*.ace=01;31:*.zoo=01;31:*.cpio=01;31:*.7z=01;31:*.rz=01;31:*.cab=01;31:*.wim=01;31:*.swm=01;31:*.dwm=01;31:*.esd=01;31:*.jpg=01;35:*.jpeg=01;35:*.mjpg=01;35:*.mjpeg=01;35:*.gif=01;35:*.bmp=01;35:*.pbm=01;35:*.pgm=01;35:*.ppm=01;35:*.tga=01;35:*.xbm=01;35:*.xpm=01;35:*.tif=01;35:*.tiff=01;35:*.png=01;35:*.svg=01;35:*.svgz=01;35:*.mng=01;35:*.pcx=01;35:*.mov=01;35:*.mpg=01;35:*.mpeg=01;35:*.m2v=01;35:*.mkv=01;35:*.webm=01;35:*.webp=01;35:*.ogm=01;35:*.mp4=01;35:*.m4v=01;35:*.mp4v=01;35:*.vob=01;35:*.qt=01;35:*.nuv=01;35:*.wmv=01;35:*.asf=01;35:*.rm=01;35:*.rmvb=01;35:*.flc=01;35:*.avi=01;35:*.fli=01;35:*.flv=01;35:*.gl=01;35:*.dl=01;35:*.xcf=01;35:*.xwd=01;35:*.yuv=01;35:*.cgm=01;35:*.emf=01;35:*.ogv=01;35:*.ogx=01;35:*.aac=00;36:*.au=00;36:*.flac=00;36:*.m4a=00;36:*.mid=00;36:*.midi=00;36:*.mka=00;36:*.mp3=00;36:*.mpc=00;36:*.ogg=00;36:*.ra=00;36:*.wav=00;36:*.oga=00;36:*.opus=00;36:*.spx=00;36:*.xspf=00;36:', 'XDG_CURRENT_DESKTOP': 'ubuntu:GNOME', 'VTE_VERSION': '6800', 'WAYLAND_DISPLAY': 'wayland-0', 'GNOME_TERMINAL_SCREEN': '/org/gnome/Terminal/screen/b9f111c6_1614_4566_a43d_02029e2771b3', 'GNOME_SETUP_DISPLAY': ':1', 'LESSCLOSE': '/usr/bin/lesspipe %s %s', 'XDG_SESSION_CLASS': 'user', 'PYTHONPATH': '/home/vbharath/aesd_final_project/poky/bitbake/lib:', 'TERM': 'xterm-256color', 'LESSOPEN': '| /usr/bin/lesspipe %s', 'GNOME_TERMINAL_SERVICE': ':1.110', 'DISPLAY': ':0', 'SHLVL': '2', 'QT_IM_MODULE': 'ibus', 'DBUS_STARTER_ADDRESS': 'unix:path=/run/user/1000/bus,guid=93d3290e7b812fe3c4b33f80680d88c5', 'XDG_RUNTIME_DIR': '/run/user/1000', 'XDG_DATA_DIRS': '/usr/share/ubuntu:/usr/local/share/:/usr/share/:/var/lib/snapd/desktop', 'GDMSESSION': 'ubuntu', 'DBUS_SESSION_BUS_ADDRESS': 'unix:path=/run/user/1000/bus,guid=93d3290e7b812fe3c4b33f80680d88c5', 'BUILDDIR': '/home/vbharath/aesd_final_project/build', 'OLDPWD': '/home/vbharath/aesd_final_project', '_': '/home/vbharath/aesd_final_project/poky/bitbake/bin/bitbake-layers'}, ['/home/vbharath/aesd_final_project/poky/bitbake/bin/bitbake-layers', 'add-layer', '../meta-openembedded/meta-filesystems']]
557440 22:37:34.027297 Command Completed
557440 22:37:34.028033 Running command ['parseConfiguration']
557440 22:37:34.029574 Command Completed
557440 22:37:34.030055 Running command ['dataStoreConnectorCmd', 0, 'getVar', ('BBMULTICONFIG',), {}]
557440 22:37:34.030256 Command Completed
557440 22:37:34.030719 Running command ['dataStoreConnectorCmd', 0, 'getVar', ('BBPATH',), {}]
557440 22:37:34.030894 Command Completed
557440 22:37:34.035046 Running command ['dataStoreConnectorCmd', 0, 'getVar', ('BBLAYERS',), {}]
557440 22:37:34.035200 Command Completed
557440 22:37:34.035458 Running command ['dataStoreConnectorVarHistCmd', 0, 'get_variable_items_files', ('BBFILE_COLLECTIONS',), {}]
557440 22:37:34.035737 Command Completed
557440 22:37:34.036690 Running command ['dataStoreConnectorCmd', 0, 'getVar', ('BBLAYERS',), {}]
557440 22:37:34.036796 Command Completed
557440 22:37:34.037046 Running command ['dataStoreConnectorVarHistCmd', 0, 'get_variable_items_files', ('BBFILE_COLLECTIONS',), {}]
557440 22:37:34.037166 Command Completed
557440 22:37:34.038136 Running command ['dataStoreConnectorCmd', 0, 'getVar', ('BBLAYERS',), {}]
557440 22:37:34.038291 Command Completed
557440 22:37:34.038641 Running command ['dataStoreConnectorVarHistCmd', 0, 'get_variable_items_files', ('BBFILE_COLLECTIONS',), {}]
557440 22:37:34.038808 Command Completed
557440 22:37:34.039946 Running command ['dataStoreConnectorCmd', 0, 'getVar', ('BBLAYERS',), {}]
557440 22:37:34.040063 Command Completed
557440 22:37:34.040217 Running command ['dataStoreConnectorVarHistCmd', 0, 'get_variable_items_files', ('BBFILE_COLLECTIONS',), {}]
557440 22:37:34.040338 Command Completed
557440 22:37:34.042156 Running command ['clientComplete']
557440 22:37:34.042256 Command Completed
557440 22:37:34.042783 Processing Client
557440 22:37:34.042821 Disconnecting Client
557440 22:37:34.042921 No timeout, exiting.
557440 22:37:34.204515 Exiting
557440 22:37:34.206821 Original lockfile contents: ['557440\n']
557440 22:37:34.207298 Exiting as we could obtain the lock
sys:1: ResourceWarning: unclosed file <_io.TextIOWrapper name='/home/vbharath/aesd_final_project/build/bitbake-cookerdaemon.log' mode='a+' encoding='UTF-8'>
557451 22:37:34.367339 --- Starting bitbake server pid 557451 at 2025-04-29 22:37:34.367325 ---
557451 22:37:34.367935 Started bitbake server pid 557451
557451 22:37:34.368321 Entering server connection loop
557451 22:37:34.368483 Accepting [<socket.socket fd=6, family=AddressFamily.AF_UNIX, type=SocketKind.SOCK_STREAM, proto=0, laddr=bitbake.sock>] ([])
557451 22:37:34.369378 Processing Client
557451 22:37:34.369416 Connecting Client
557451 22:37:34.369574 Running command ['setFeatures', [2, 1]]
557451 22:37:34.369664 Command Completed
557451 22:37:34.370429 Running command ['updateConfig', {'halt': True, 'force': False, 'invalidate_stamp': None, 'dry_run': False, 'dump_signatures': [], 'extra_assume_provided': [], 'profile': False, 'prefile': [], 'postfile': [], 'server_timeout': None, 'nosetscene': False, 'setsceneonly': False, 'skipsetscene': False, 'runall': None, 'runonly': None, 'writeeventlog': None, 'build_verbose_shell': False, 'build_verbose_stdout': False, 'default_loglevel': 20, 'debug_domains': {}}, {'SHELL': '/bin/bash', 'BB_ENV_PASSTHROUGH_ADDITIONS': 'ALL_PROXY BBPATH_EXTRA BB_LOGCONFIG BB_NO_NETWORK BB_NUMBER_THREADS BB_SETSCENE_ENFORCE BB_SRCREV_POLICY DISTRO FTPS_PROXY FTP_PROXY GIT_PROXY_COMMAND HTTPS_PROXY HTTP_PROXY MACHINE NO_PROXY PARALLEL_MAKE SCREENDIR SDKMACHINE SOCKS5_PASSWD SOCKS5_USER SSH_AGENT_PID SSH_AUTH_SOCK STAMPS_DIR TCLIBC TCMODE all_proxy ftp_proxy ftps_proxy http_proxy https_proxy no_proxy ', 'SSH_AUTH_SOCK': '/run/user/1000/keyring/ssh', 'PWD': '/home/vbharath/aesd_final_project/build', 'LOGNAME': 'vbharath', 'HOME': '/home/vbharath', 'BBPATH': '/home/vbharath/aesd_final_project/build', 'USER': 'vbharath', 'PATH': '/home/vbharath/aesd_final_project/poky/scripts:/home/vbharath/aesd_final_project/poky/bitbake/bin:/usr/local/sbin:/usr/local/bin:/usr/sbin:/usr/bin:/sbin:/bin:/usr/games:/usr/local/games:/snap/bin:/snap/bin', 'LC_ALL': 'en_US.UTF-8', 'SESSION_MANAGER': 'local/ubuntu:@/tmp/.ICE-unix/1868,unix/ubuntu:/tmp/.ICE-unix/1868', 'QT_ACCESSIBILITY': '1', 'COLORTERM': 'truecolor', 'XDG_CONFIG_DIRS': '/etc/xdg/xdg-ubuntu:/etc/xdg', 'SSH_AGENT_LAUNCHER': 'gnome-keyring', 'XDG_MENU_PREFIX': 'gnome-', 'GNOME_DESKTOP_SESSION_ID': 'this-is-deprecated', 'GNOME_SHELL_SESSION_MODE': 'ubuntu', 'XMODIFIERS': '@im=ibus', 'DESKTOP_SESSION': 'ubuntu', 'GTK_MODULES': 'gail:atk-bridge', 'DBUS_STARTER_BUS_TYPE': 'session', 'XDG_SESSION_DESKTOP': 'ubuntu', 'XDG_SESSION_TYPE': 'wayland', 'SYSTEMD_EXEC_PID': '1868', 'XAUTHORITY': '/run/user/1000/.mutter-Xwaylandauth.XP1D52', 'USERNAME': 'vbharath', 'IM_CONFIG_PHASE': '1', 'LANG': 'en_US.UTF-8', 'LS_COLORS': 'rs=0:di=01;34:ln=01;36:mh=00:pi=40;33:so=01;35:do=01;35:bd=40;33;01:cd=40;33;01:or=40;31;01:mi=00:su=37;41:sg=30;43:ca=30;41:tw=30;42:ow=34;42:st=37;44:ex=01;32:*.tar=01;31:*.tgz=01;31:*.arc=01;31:*.arj=01;31:*.taz=01;31:*.lha=01;31:*.lz4=01;31:*.lzh=01;31:*.lzma=01;31:*.tlz=01;31:*.txz=01;31:*.tzo=01;31:*.t7z=01;31:*.zip=01;31:*.z=01;31:*.dz=01;31:*.gz=01;31:*.lrz=01;31:*.lz=01;31:*.lzo=01;31:*.xz=01;31:*.zst=01;31:*.tzst=01;31:*.bz2=01;31:*.bz=01;31:*.tbz=01;31:*.tbz2=01;31:*.tz=01;31:*.deb=01;31:*.rpm=01;31:*.jar=01;31:*.war=01;31:*.ear=01;31:*.sar=01;31:*.rar=01;31:*.alz=01;31:*.ace=01;31:*.zoo=01;31:*.cpio=01;31:*.7z=01;31:*.rz=01;31:*.cab=01;31:*.wim=01;31:*.swm=01;31:*.dwm=01;31:*.esd=01;31:*.jpg=01;35:*.jpeg=01;35:*.mjpg=01;35:*.mjpeg=01;35:*.gif=01;35:*.bmp=01;35:*.pbm=01;35:*.pgm=01;35:*.ppm=01;35:*.tga=01;35:*.xbm=01;35:*.xpm=01;35:*.tif=01;35:*.tiff=01;35:*.png=01;35:*.svg=01;35:*.svgz=01;35:*.mng=01;35:*.pcx=01;35:*.mov=01;35:*.mpg=01;35:*.mpeg=01;35:*.m2v=01;35:*.mkv=01;35:*.webm=01;35:*.webp=01;35:*.ogm=01;35:*.mp4=01;35:*.m4v=01;35:*.mp4v=01;35:*.vob=01;35:*.qt=01;35:*.nuv=01;35:*.wmv=01;35:*.asf=01;35:*.rm=01;35:*.rmvb=01;35:*.flc=01;35:*.avi=01;35:*.fli=01;35:*.flv=01;35:*.gl=01;35:*.dl=01;35:*.xcf=01;35:*.xwd=01;35:*.yuv=01;35:*.cgm=01;35:*.emf=01;35:*.ogv=01;35:*.ogx=01;35:*.aac=00;36:*.au=00;36:*.flac=00;36:*.m4a=00;36:*.mid=00;36:*.midi=00;36:*.mka=00;36:*.mp3=00;36:*.mpc=00;36:*.ogg=00;36:*.ra=00;36:*.wav=00;36:*.oga=00;36:*.opus=00;36:*.spx=00;36:*.xspf=00;36:', 'XDG_CURRENT_DESKTOP': 'ubuntu:GNOME', 'VTE_VERSION': '6800', 'WAYLAND_DISPLAY': 'wayland-0', 'GNOME_TERMINAL_SCREEN': '/org/gnome/Terminal/screen/b9f111c6_1614_4566_a43d_02029e2771b3', 'GNOME_SETUP_DISPLAY': ':1', 'LESSCLOSE': '/usr/bin/lesspipe %s %s', 'XDG_SESSION_CLASS': 'user', 'PYTHONPATH': '/home/vbharath/aesd_final_project/poky/bitbake/lib:', 'TERM': 'xterm-256color', 'LESSOPEN': '| /usr/bin/lesspipe %s', 'GNOME_TERMINAL_SERVICE': ':1.110', 'DISPLAY': ':0', 'SHLVL': '2', 'QT_IM_MODULE': 'ibus', 'DBUS_STARTER_ADDRESS': 'unix:path=/run/user/1000/bus,guid=93d3290e7b812fe3c4b33f80680d88c5', 'XDG_RUNTIME_DIR': '/run/user/1000', 'XDG_DATA_DIRS': '/usr/share/ubuntu:/usr/local/share/:/usr/share/:/var/lib/snapd/desktop', 'GDMSESSION': 'ubuntu', 'DBUS_SESSION_BUS_ADDRESS': 'unix:path=/run/user/1000/bus,guid=93d3290e7b812fe3c4b33f80680d88c5', 'BUILDDIR': '/home/vbharath/aesd_final_project/build', 'OLDPWD': '/home/vbharath/aesd_final_project', '_': '/home/vbharath/aesd_final_project/poky/bitbake/bin/bitbake-layers'}, ['/home/vbharath/aesd_final_project/poky/bitbake/bin/bitbake-layers', 'add-layer', '../meta-virtualization']]
557451 22:37:34.578781 Command Completed
557451 22:37:34.579338 Running command ['parseConfiguration']
557451 22:37:34.580931 Command Completed
557451 22:37:34.581270 Running command ['dataStoreConnectorCmd', 0, 'getVar', ('BBMULTICONFIG',), {}]
557451 22:37:34.581474 Command Completed
557451 22:37:34.581910 Running command ['dataStoreConnectorCmd', 0, 'getVar', ('BBPATH',), {}]
557451 22:37:34.582098 Command Completed
557451 22:37:34.585949 Running command ['dataStoreConnectorCmd', 0, 'getVar', ('BBLAYERS',), {}]
557451 22:37:34.586165 Command Completed
557451 22:37:34.586494 Running command ['dataStoreConnectorVarHistCmd', 0, 'get_variable_items_files', ('BBFILE_COLLECTIONS',), {}]
557451 22:37:34.586709 Command Completed
557451 22:37:34.587552 Running command ['dataStoreConnectorCmd', 0, 'getVar', ('BBLAYERS',), {}]
557451 22:37:34.587661 Command Completed
557451 22:37:34.587817 Running command ['dataStoreConnectorVarHistCmd', 0, 'get_variable_items_files', ('BBFILE_COLLECTIONS',), {}]
557451 22:37:34.587940 Command Completed
557451 22:37:34.588853 Running command ['dataStoreConnectorCmd', 0, 'getVar', ('BBLAYERS',), {}]
557451 22:37:34.588978 Command Completed
557451 22:37:34.589287 Running command ['dataStoreConnectorVarHistCmd', 0, 'get_variable_items_files', ('BBFILE_COLLECTIONS',), {}]
557451 22:37:34.589459 Command Completed
557451 22:37:34.590508 Running command ['dataStoreConnectorCmd', 0, 'getVar', ('BBLAYERS',), {}]
557451 22:37:34.590630 Command Completed
557451 22:37:34.590845 Running command ['dataStoreConnectorVarHistCmd', 0, 'get_variable_items_files', ('BBFILE_COLLECTIONS',), {}]
557451 22:37:34.590963 Command Completed
557451 22:37:34.592413 Running command ['clientComplete']
557451 22:37:34.592485 Command Completed
557451 22:37:34.592894 Processing Client
557451 22:37:34.592930 Disconnecting Client
557451 22:37:34.593191 No timeout, exiting.
557451 22:37:34.701117 Exiting
557451 22:37:34.703687 Original lockfile contents: ['557451\n']
557451 22:37:34.704466 Exiting as we could obtain the lock
sys:1: ResourceWarning: unclosed file <_io.TextIOWrapper name='/home/vbharath/aesd_final_project/build/bitbake-cookerdaemon.log' mode='a+' encoding='UTF-8'>
557463 22:37:34.935712 --- Starting bitbake server pid 557463 at 2025-04-29 22:37:34.935693 ---
557463 22:37:34.936306 Started bitbake server pid 557463
557463 22:37:34.936528 Entering server connection loop
557463 22:37:34.936850 Accepting [<socket.socket fd=6, family=AddressFamily.AF_UNIX, type=SocketKind.SOCK_STREAM, proto=0, laddr=bitbake.sock>] ([])
557463 22:37:34.937656 Processing Client
557463 22:37:34.937694 Connecting Client
557463 22:37:34.937847 Running command ['setFeatures', [2, 1]]
557463 22:37:34.937935 Command Completed
557463 22:37:34.938750 Running command ['updateConfig', {'halt': True, 'force': False, 'invalidate_stamp': None, 'dry_run': False, 'dump_signatures': [], 'extra_assume_provided': [], 'profile': False, 'prefile': [], 'postfile': [], 'server_timeout': None, 'nosetscene': False, 'setsceneonly': False, 'skipsetscene': False, 'runall': None, 'runonly': None, 'writeeventlog': None, 'build_verbose_shell': False, 'build_verbose_stdout': False, 'default_loglevel': 20, 'debug_domains': {}}, {'SHELL': '/bin/bash', 'BB_ENV_PASSTHROUGH_ADDITIONS': 'ALL_PROXY BBPATH_EXTRA BB_LOGCONFIG BB_NO_NETWORK BB_NUMBER_THREADS BB_SETSCENE_ENFORCE BB_SRCREV_POLICY DISTRO FTPS_PROXY FTP_PROXY GIT_PROXY_COMMAND HTTPS_PROXY HTTP_PROXY MACHINE NO_PROXY PARALLEL_MAKE SCREENDIR SDKMACHINE SOCKS5_PASSWD SOCKS5_USER SSH_AGENT_PID SSH_AUTH_SOCK STAMPS_DIR TCLIBC TCMODE all_proxy ftp_proxy ftps_proxy http_proxy https_proxy no_proxy ', 'SSH_AUTH_SOCK': '/run/user/1000/keyring/ssh', 'PWD': '/home/vbharath/aesd_final_project/build', 'LOGNAME': 'vbharath', 'HOME': '/home/vbharath', 'BBPATH': '/home/vbharath/aesd_final_project/build', 'USER': 'vbharath', 'PATH': '/home/vbharath/aesd_final_project/poky/scripts:/home/vbharath/aesd_final_project/poky/bitbake/bin:/usr/local/sbin:/usr/local/bin:/usr/sbin:/usr/bin:/sbin:/bin:/usr/games:/usr/local/games:/snap/bin:/snap/bin', 'LC_ALL': 'en_US.UTF-8', 'SESSION_MANAGER': 'local/ubuntu:@/tmp/.ICE-unix/1868,unix/ubuntu:/tmp/.ICE-unix/1868', 'QT_ACCESSIBILITY': '1', 'COLORTERM': 'truecolor', 'XDG_CONFIG_DIRS': '/etc/xdg/xdg-ubuntu:/etc/xdg', 'SSH_AGENT_LAUNCHER': 'gnome-keyring', 'XDG_MENU_PREFIX': 'gnome-', 'GNOME_DESKTOP_SESSION_ID': 'this-is-deprecated', 'GNOME_SHELL_SESSION_MODE': 'ubuntu', 'XMODIFIERS': '@im=ibus', 'DESKTOP_SESSION': 'ubuntu', 'GTK_MODULES': 'gail:atk-bridge', 'DBUS_STARTER_BUS_TYPE': 'session', 'XDG_SESSION_DESKTOP': 'ubuntu', 'XDG_SESSION_TYPE': 'wayland', 'SYSTEMD_EXEC_PID': '1868', 'XAUTHORITY': '/run/user/1000/.mutter-Xwaylandauth.XP1D52', 'USERNAME': 'vbharath', 'IM_CONFIG_PHASE': '1', 'LANG': 'en_US.UTF-8', 'LS_COLORS': 'rs=0:di=01;34:ln=01;36:mh=00:pi=40;33:so=01;35:do=01;35:bd=40;33;01:cd=40;33;01:or=40;31;01:mi=00:su=37;41:sg=30;43:ca=30;41:tw=30;42:ow=34;42:st=37;44:ex=01;32:*.tar=01;31:*.tgz=01;31:*.arc=01;31:*.arj=01;31:*.taz=01;31:*.lha=01;31:*.lz4=01;31:*.lzh=01;31:*.lzma=01;31:*.tlz=01;31:*.txz=01;31:*.tzo=01;31:*.t7z=01;31:*.zip=01;31:*.z=01;31:*.dz=01;31:*.gz=01;31:*.lrz=01;31:*.lz=01;31:*.lzo=01;31:*.xz=01;31:*.zst=01;31:*.tzst=01;31:*.bz2=01;31:*.bz=01;31:*.tbz=01;31:*.tbz2=01;31:*.tz=01;31:*.deb=01;31:*.rpm=01;31:*.jar=01;31:*.war=01;31:*.ear=01;31:*.sar=01;31:*.rar=01;31:*.alz=01;31:*.ace=01;31:*.zoo=01;31:*.cpio=01;31:*.7z=01;31:*.rz=01;31:*.cab=01;31:*.wim=01;31:*.swm=01;31:*.dwm=01;31:*.esd=01;31:*.jpg=01;35:*.jpeg=01;35:*.mjpg=01;35:*.mjpeg=01;35:*.gif=01;35:*.bmp=01;35:*.pbm=01;35:*.pgm=01;35:*.ppm=01;35:*.tga=01;35:*.xbm=01;35:*.xpm=01;35:*.tif=01;35:*.tiff=01;35:*.png=01;35:*.svg=01;35:*.svgz=01;35:*.mng=01;35:*.pcx=01;35:*.mov=01;35:*.mpg=01;35:*.mpeg=01;35:*.m2v=01;35:*.mkv=01;35:*.webm=01;35:*.webp=01;35:*.ogm=01;35:*.mp4=01;35:*.m4v=01;35:*.mp4v=01;35:*.vob=01;35:*.qt=01;35:*.nuv=01;35:*.wmv=01;35:*.asf=01;35:*.rm=01;35:*.rmvb=01;35:*.flc=01;35:*.avi=01;35:*.fli=01;35:*.flv=01;35:*.gl=01;35:*.dl=01;35:*.xcf=01;35:*.xwd=01;35:*.yuv=01;35:*.cgm=01;35:*.emf=01;35:*.ogv=01;35:*.ogx=01;35:*.aac=00;36:*.au=00;36:*.flac=00;36:*.m4a=00;36:*.mid=00;36:*.midi=00;36:*.mka=00;36:*.mp3=00;36:*.mpc=00;36:*.ogg=00;36:*.ra=00;36:*.wav=00;36:*.oga=00;36:*.opus=00;36:*.spx=00;36:*.xspf=00;36:', 'XDG_CURRENT_DESKTOP': 'ubuntu:GNOME', 'VTE_VERSION': '6800', 'WAYLAND_DISPLAY': 'wayland-0', 'GNOME_TERMINAL_SCREEN': '/org/gnome/Terminal/screen/b9f111c6_1614_4566_a43d_02029e2771b3', 'GNOME_SETUP_DISPLAY': ':1', 'LESSCLOSE': '/usr/bin/lesspipe %s %s', 'XDG_SESSION_CLASS': 'user', 'PYTHONPATH': '/home/vbharath/aesd_final_project/poky/bitbake/lib:', 'TERM': 'xterm-256color', 'LESSOPEN': '| /usr/bin/lesspipe %s', 'GNOME_TERMINAL_SERVICE': ':1.110', 'DISPLAY': ':0', 'SHLVL': '2', 'QT_IM_MODULE': 'ibus', 'DBUS_STARTER_ADDRESS': 'unix:path=/run/user/1000/bus,guid=93d3290e7b812fe3c4b33f80680d88c5', 'XDG_RUNTIME_DIR': '/run/user/1000', 'XDG_DATA_DIRS': '/usr/share/ubuntu:/usr/local/share/:/usr/share/:/var/lib/snapd/desktop', 'GDMSESSION': 'ubuntu', 'DBUS_SESSION_BUS_ADDRESS': 'unix:path=/run/user/1000/bus,guid=93d3290e7b812fe3c4b33f80680d88c5', 'BUILDDIR': '/home/vbharath/aesd_final_project/build', 'OLDPWD': '/home/vbharath/aesd_final_project', '_': '/home/vbharath/aesd_final_project/poky/bitbake/bin/bitbake-layers'}, ['/home/vbharath/aesd_final_project/poky/bitbake/bin/bitbake-layers', 'add-layer', '../meta-custom']]
557463 22:37:35.136058 Command Completed
557463 22:37:35.136432 Running command ['parseConfiguration']
557463 22:37:35.138043 Command Completed
557463 22:37:35.138754 Running command ['dataStoreConnectorCmd', 0, 'getVar', ('BBMULTICONFIG',), {}]
557463 22:37:35.138903 Command Completed
557463 22:37:35.139218 Running command ['dataStoreConnectorCmd', 0, 'getVar', ('BBPATH',), {}]
557463 22:37:35.139394 Command Completed
557463 22:37:35.143398 Running command ['dataStoreConnectorCmd', 0, 'getVar', ('BBLAYERS',), {}]
557463 22:37:35.143564 Command Completed
557463 22:37:35.143844 Running command ['dataStoreConnectorVarHistCmd', 0, 'get_variable_items_files', ('BBFILE_COLLECTIONS',), {}]
557463 22:37:35.144050 Command Completed
557463 22:37:35.145094 Running command ['dataStoreConnectorCmd', 0, 'getVar', ('BBLAYERS',), {}]
557463 22:37:35.145228 Command Completed
557463 22:37:35.145498 Running command ['dataStoreConnectorVarHistCmd', 0, 'get_variable_items_files', ('BBFILE_COLLECTIONS',), {}]
557463 22:37:35.145631 Command Completed
557463 22:37:35.146753 Running command ['dataStoreConnectorCmd', 0, 'getVar', ('BBLAYERS',), {}]
557463 22:37:35.146989 Command Completed
557463 22:37:35.147274 Running command ['dataStoreConnectorVarHistCmd', 0, 'get_variable_items_files', ('BBFILE_COLLECTIONS',), {}]
557463 22:37:35.147435 Command Completed
557463 22:37:35.148195 Running command ['dataStoreConnectorCmd', 0, 'getVar', ('BBLAYERS',), {}]
557463 22:37:35.148304 Command Completed
557463 22:37:35.148547 Running command ['dataStoreConnectorVarHistCmd', 0, 'get_variable_items_files', ('BBFILE_COLLECTIONS',), {}]
557463 22:37:35.148661 Command Completed
557463 22:37:35.150496 Running command ['parseConfiguration']
557463 22:37:35.297533 Command Completed
557463 22:37:35.298062 Running command ['clientComplete']
557463 22:37:35.298162 Command Completed
557463 22:37:35.298763 Processing Client
557463 22:37:35.298808 Disconnecting Client
557463 22:37:35.298893 No timeout, exiting.
557463 22:37:35.405957 Exiting
557463 22:37:35.408532 Original lockfile contents: ['557463\n']
557463 22:37:35.409018 Exiting as we could obtain the lock
sys:1: ResourceWarning: unclosed file <_io.TextIOWrapper name='/home/vbharath/aesd_final_project/build/bitbake-cookerdaemon.log' mode='a+' encoding='UTF-8'>
557557 22:39:20.905174 --- Starting bitbake server pid 557557 at 2025-04-29 22:39:20.905160 ---
557557 22:39:20.906288 Started bitbake server pid 557557
557557 22:39:20.906447 Entering server connection loop
557557 22:39:20.906829 Accepting [<socket.socket fd=6, family=AddressFamily.AF_UNIX, type=SocketKind.SOCK_STREAM, proto=0, laddr=bitbake.sock>] ([])
557557 22:39:20.907583 Processing Client
557557 22:39:20.907621 Connecting Client
557557 22:39:20.907843 Running command ['setFeatures', [2, 1]]
557557 22:39:20.907928 Command Completed
557557 22:39:20.908505 Running command ['updateConfig', {'halt': True, 'force': False, 'invalidate_stamp': None, 'dry_run': False, 'dump_signatures': [], 'extra_assume_provided': [], 'profile': False, 'prefile': [], 'postfile': [], 'server_timeout': None, 'nosetscene': False, 'setsceneonly': False, 'skipsetscene': False, 'runall': None, 'runonly': None, 'writeeventlog': None, 'build_verbose_shell': False, 'build_verbose_stdout': False, 'default_loglevel': 20, 'debug_domains': {}}, {'SHELL': '/bin/bash', 'BB_ENV_PASSTHROUGH_ADDITIONS': 'ALL_PROXY BBPATH_EXTRA BB_LOGCONFIG BB_NO_NETWORK BB_NUMBER_THREADS BB_SETSCENE_ENFORCE BB_SRCREV_POLICY DISTRO FTPS_PROXY FTP_PROXY GIT_PROXY_COMMAND HTTPS_PROXY HTTP_PROXY MACHINE NO_PROXY PARALLEL_MAKE SCREENDIR SDKMACHINE SOCKS5_PASSWD SOCKS5_USER SSH_AGENT_PID SSH_AUTH_SOCK STAMPS_DIR TCLIBC TCMODE all_proxy ftp_proxy ftps_proxy http_proxy https_proxy no_proxy ', 'SSH_AUTH_SOCK': '/run/user/1000/keyring/ssh', 'PWD': '/home/vbharath/aesd_final_project/build', 'LOGNAME': 'vbharath', 'HOME': '/home/vbharath', 'BBPATH': '/home/vbharath/aesd_final_project/build', 'USER': 'vbharath', 'PATH': '/home/vbharath/aesd_final_project/poky/scripts:/home/vbharath/aesd_final_project/poky/bitbake/bin:/usr/local/sbin:/usr/local/bin:/usr/sbin:/usr/bin:/sbin:/bin:/usr/games:/usr/local/games:/snap/bin:/snap/bin', 'LC_ALL': 'en_US.UTF-8', 'SESSION_MANAGER': 'local/ubuntu:@/tmp/.ICE-unix/1868,unix/ubuntu:/tmp/.ICE-unix/1868', 'QT_ACCESSIBILITY': '1', 'COLORTERM': 'truecolor', 'XDG_CONFIG_DIRS': '/etc/xdg/xdg-ubuntu:/etc/xdg', 'SSH_AGENT_LAUNCHER': 'gnome-keyring', 'XDG_MENU_PREFIX': 'gnome-', 'GNOME_DESKTOP_SESSION_ID': 'this-is-deprecated', 'GNOME_SHELL_SESSION_MODE': 'ubuntu', 'XMODIFIERS': '@im=ibus', 'DESKTOP_SESSION': 'ubuntu', 'GTK_MODULES': 'gail:atk-bridge', 'DBUS_STARTER_BUS_TYPE': 'session', 'XDG_SESSION_DESKTOP': 'ubuntu', 'XDG_SESSION_TYPE': 'wayland', 'SYSTEMD_EXEC_PID': '1868', 'XAUTHORITY': '/run/user/1000/.mutter-Xwaylandauth.XP1D52', 'USERNAME': 'vbharath', 'IM_CONFIG_PHASE': '1', 'LANG': 'en_US.UTF-8', 'LS_COLORS': 'rs=0:di=01;34:ln=01;36:mh=00:pi=40;33:so=01;35:do=01;35:bd=40;33;01:cd=40;33;01:or=40;31;01:mi=00:su=37;41:sg=30;43:ca=30;41:tw=30;42:ow=34;42:st=37;44:ex=01;32:*.tar=01;31:*.tgz=01;31:*.arc=01;31:*.arj=01;31:*.taz=01;31:*.lha=01;31:*.lz4=01;31:*.lzh=01;31:*.lzma=01;31:*.tlz=01;31:*.txz=01;31:*.tzo=01;31:*.t7z=01;31:*.zip=01;31:*.z=01;31:*.dz=01;31:*.gz=01;31:*.lrz=01;31:*.lz=01;31:*.lzo=01;31:*.xz=01;31:*.zst=01;31:*.tzst=01;31:*.bz2=01;31:*.bz=01;31:*.tbz=01;31:*.tbz2=01;31:*.tz=01;31:*.deb=01;31:*.rpm=01;31:*.jar=01;31:*.war=01;31:*.ear=01;31:*.sar=01;31:*.rar=01;31:*.alz=01;31:*.ace=01;31:*.zoo=01;31:*.cpio=01;31:*.7z=01;31:*.rz=01;31:*.cab=01;31:*.wim=01;31:*.swm=01;31:*.dwm=01;31:*.esd=01;31:*.jpg=01;35:*.jpeg=01;35:*.mjpg=01;35:*.mjpeg=01;35:*.gif=01;35:*.bmp=01;35:*.pbm=01;35:*.pgm=01;35:*.ppm=01;35:*.tga=01;35:*.xbm=01;35:*.xpm=01;35:*.tif=01;35:*.tiff=01;35:*.png=01;35:*.svg=01;35:*.svgz=01;35:*.mng=01;35:*.pcx=01;35:*.mov=01;35:*.mpg=01;35:*.mpeg=01;35:*.m2v=01;35:*.mkv=01;35:*.webm=01;35:*.webp=01;35:*.ogm=01;35:*.mp4=01;35:*.m4v=01;35:*.mp4v=01;35:*.vob=01;35:*.qt=01;35:*.nuv=01;35:*.wmv=01;35:*.asf=01;35:*.rm=01;35:*.rmvb=01;35:*.flc=01;35:*.avi=01;35:*.fli=01;35:*.flv=01;35:*.gl=01;35:*.dl=01;35:*.xcf=01;35:*.xwd=01;35:*.yuv=01;35:*.cgm=01;35:*.emf=01;35:*.ogv=01;35:*.ogx=01;35:*.aac=00;36:*.au=00;36:*.flac=00;36:*.m4a=00;36:*.mid=00;36:*.midi=00;36:*.mka=00;36:*.mp3=00;36:*.mpc=00;36:*.ogg=00;36:*.ra=00;36:*.wav=00;36:*.oga=00;36:*.opus=00;36:*.spx=00;36:*.xspf=00;36:', 'XDG_CURRENT_DESKTOP': 'ubuntu:GNOME', 'VTE_VERSION': '6800', 'WAYLAND_DISPLAY': 'wayland-0', 'GNOME_TERMINAL_SCREEN': '/org/gnome/Terminal/screen/b9f111c6_1614_4566_a43d_02029e2771b3', 'GNOME_SETUP_DISPLAY': ':1', 'LESSCLOSE': '/usr/bin/lesspipe %s %s', 'XDG_SESSION_CLASS': 'user', 'PYTHONPATH': '/home/vbharath/aesd_final_project/poky/bitbake/lib:', 'TERM': 'xterm-256color', 'LESSOPEN': '| /usr/bin/lesspipe %s', 'GNOME_TERMINAL_SERVICE': ':1.110', 'DISPLAY': ':0', 'SHLVL': '1', 'QT_IM_MODULE': 'ibus', 'DBUS_STARTER_ADDRESS': 'unix:path=/run/user/1000/bus,guid=93d3290e7b812fe3c4b33f80680d88c5', 'XDG_RUNTIME_DIR': '/run/user/1000', 'XDG_DATA_DIRS': '/usr/share/ubuntu:/usr/local/share/:/usr/share/:/var/lib/snapd/desktop', 'GDMSESSION': 'ubuntu', 'DBUS_SESSION_BUS_ADDRESS': 'unix:path=/run/user/1000/bus,guid=93d3290e7b812fe3c4b33f80680d88c5', 'BUILDDIR': '/home/vbharath/aesd_final_project/build', 'OLDPWD': '/home/vbharath/aesd_final_project', '_': '/home/vbharath/aesd_final_project/poky/bitbake/bin/bitbake'}, ['/home/vbharath/aesd_final_project/poky/bitbake/bin/bitbake', 'core-image-sato-dev']]
557557 22:39:21.107343 Command Completed
557557 22:39:21.107724 Running command ['getVariable', 'BBINCLUDELOGS']
557557 22:39:21.107924 Command Completed
557557 22:39:21.107984 Running command ['getVariable', 'BBINCLUDELOGS_LINES']
557557 22:39:21.108064 Command Completed
557557 22:39:21.108396 Running command ['getSetVariable', 'BB_CONSOLELOG']
557557 22:39:21.108619 Command Completed
557557 22:39:21.109301 Running command ['getSetVariable', 'BB_LOGCONFIG']
557557 22:39:21.109454 Command Completed
557557 22:39:21.110962 Running command ['getUIHandlerNum']
557557 22:39:21.111111 Command Completed
557557 22:39:21.111418 Running command ['setEventMask', 1, 20, {'BitBake.SigGen.HashEquiv': 19, 'BitBake.RunQueue.HashEquiv': 19}, ['bb.runqueue.runQueueExitWait', 'bb.event.LogExecTTY', 'logging.LogRecord', 'bb.build.TaskFailed', 'bb.build.TaskBase', 'bb.event.ParseStarted', 'bb.event.ParseProgress', 'bb.event.ParseCompleted', 'bb.event.CacheLoadStarted', 'bb.event.CacheLoadProgress', 'bb.event.CacheLoadCompleted', 'bb.command.CommandFailed', 'bb.command.CommandExit', 'bb.command.CommandCompleted', 'bb.cooker.CookerExit', 'bb.event.MultipleProviders', 'bb.event.NoProvider', 'bb.runqueue.sceneQueueTaskStarted', 'bb.runqueue.runQueueTaskStarted', 'bb.runqueue.runQueueTaskFailed', 'bb.runqueue.sceneQueueTaskFailed', 'bb.event.BuildBase', 'bb.build.TaskStarted', 'bb.build.TaskSucceeded', 'bb.build.TaskFailedSilent', 'bb.build.TaskProgress', 'bb.event.ProcessStarted', 'bb.event.ProcessProgress', 'bb.event.ProcessFinished']]
557557 22:39:21.111558 Command Completed
557557 22:39:21.111943 Running command ['getVariable', 'BB_DEFAULT_TASK']
557557 22:39:21.112033 Command Completed
557557 22:39:21.112306 Running command ['setConfig', 'cmd', 'build']
557557 22:39:21.112438 Command Completed
557557 22:39:21.112920 Running command ['buildTargets', ['core-image-sato-dev'], 'build']
557557 22:39:21.113008 Command Completed
/home/vbharath/aesd_final_project/poky/meta/classes/sanity.bbclass:649: DeprecationWarning: The distutils package is deprecated and slated for removal in Python 3.12. Use setuptools or check PEP 632 for potential alternatives
  import distutils.sysconfig
/home/vbharath/aesd_final_project/poky/meta/classes/sanity.bbclass:649: DeprecationWarning: The distutils.sysconfig module is deprecated, use sysconfig instead
  import distutils.sysconfig
557557 22:40:16.601535 Running command ['stateShutdown']
557557 22:40:16.604079 Command Completed
557557 22:40:18.749664 Running command ['stateForceShutdown']
557557 22:40:18.749893 Command Completed
557557 22:40:18.751489 Processing Client
557557 22:40:18.751535 Disconnecting Client
557557 22:40:18.751658 No timeout, exiting.
557557 22:40:18.852251 Exiting
557557 22:40:18.862517 Original lockfile contents: ['557557\n']
557557 22:40:18.862906 Exiting as we could obtain the lock
sys:1: ResourceWarning: unclosed file <_io.TextIOWrapper name='/home/vbharath/aesd_final_project/build/bitbake-cookerdaemon.log' mode='a+' encoding='UTF-8'>
563578 22:42:14.023784 --- Starting bitbake server pid 563578 at 2025-04-29 22:42:14.023766 ---
563578 22:42:14.024439 Started bitbake server pid 563578
563578 22:42:14.024655 Entering server connection loop
563578 22:42:14.025753 Accepting [<socket.socket fd=6, family=AddressFamily.AF_UNIX, type=SocketKind.SOCK_STREAM, proto=0, laddr=bitbake.sock>] ([])
563578 22:42:14.027065 Processing Client
563578 22:42:14.027101 Connecting Client
563578 22:42:14.027247 Running command ['setFeatures', [2, 1]]
563578 22:42:14.027328 Command Completed
563578 22:42:14.027969 Running command ['updateConfig', {'halt': True, 'force': False, 'invalidate_stamp': None, 'dry_run': False, 'dump_signatures': [], 'extra_assume_provided': [], 'profile': False, 'prefile': [], 'postfile': [], 'server_timeout': None, 'nosetscene': False, 'setsceneonly': False, 'skipsetscene': False, 'runall': None, 'runonly': None, 'writeeventlog': None, 'build_verbose_shell': False, 'build_verbose_stdout': False, 'default_loglevel': 20, 'debug_domains': {}}, {'SHELL': '/bin/bash', 'BB_ENV_PASSTHROUGH_ADDITIONS': 'ALL_PROXY BBPATH_EXTRA BB_LOGCONFIG BB_NO_NETWORK BB_NUMBER_THREADS BB_SETSCENE_ENFORCE BB_SRCREV_POLICY DISTRO FTPS_PROXY FTP_PROXY GIT_PROXY_COMMAND HTTPS_PROXY HTTP_PROXY MACHINE NO_PROXY PARALLEL_MAKE SCREENDIR SDKMACHINE SOCKS5_PASSWD SOCKS5_USER SSH_AGENT_PID SSH_AUTH_SOCK STAMPS_DIR TCLIBC TCMODE all_proxy ftp_proxy ftps_proxy http_proxy https_proxy no_proxy ', 'SSH_AUTH_SOCK': '/run/user/1000/keyring/ssh', 'PWD': '/home/vbharath/aesd_final_project/build', 'LOGNAME': 'vbharath', 'HOME': '/home/vbharath', 'BBPATH': '/home/vbharath/aesd_final_project/build', 'USER': 'vbharath', 'PATH': '/home/vbharath/aesd_final_project/poky/scripts:/home/vbharath/aesd_final_project/poky/bitbake/bin:/usr/local/sbin:/usr/local/bin:/usr/sbin:/usr/bin:/sbin:/bin:/usr/games:/usr/local/games:/snap/bin:/snap/bin', 'LC_ALL': 'en_US.UTF-8', 'SESSION_MANAGER': 'local/ubuntu:@/tmp/.ICE-unix/1868,unix/ubuntu:/tmp/.ICE-unix/1868', 'QT_ACCESSIBILITY': '1', 'COLORTERM': 'truecolor', 'XDG_CONFIG_DIRS': '/etc/xdg/xdg-ubuntu:/etc/xdg', 'SSH_AGENT_LAUNCHER': 'gnome-keyring', 'XDG_MENU_PREFIX': 'gnome-', 'GNOME_DESKTOP_SESSION_ID': 'this-is-deprecated', 'GNOME_SHELL_SESSION_MODE': 'ubuntu', 'XMODIFIERS': '@im=ibus', 'DESKTOP_SESSION': 'ubuntu', 'GTK_MODULES': 'gail:atk-bridge', 'DBUS_STARTER_BUS_TYPE': 'session', 'XDG_SESSION_DESKTOP': 'ubuntu', 'XDG_SESSION_TYPE': 'wayland', 'SYSTEMD_EXEC_PID': '1868', 'XAUTHORITY': '/run/user/1000/.mutter-Xwaylandauth.XP1D52', 'USERNAME': 'vbharath', 'IM_CONFIG_PHASE': '1', 'LANG': 'en_US.UTF-8', 'LS_COLORS': 'rs=0:di=01;34:ln=01;36:mh=00:pi=40;33:so=01;35:do=01;35:bd=40;33;01:cd=40;33;01:or=40;31;01:mi=00:su=37;41:sg=30;43:ca=30;41:tw=30;42:ow=34;42:st=37;44:ex=01;32:*.tar=01;31:*.tgz=01;31:*.arc=01;31:*.arj=01;31:*.taz=01;31:*.lha=01;31:*.lz4=01;31:*.lzh=01;31:*.lzma=01;31:*.tlz=01;31:*.txz=01;31:*.tzo=01;31:*.t7z=01;31:*.zip=01;31:*.z=01;31:*.dz=01;31:*.gz=01;31:*.lrz=01;31:*.lz=01;31:*.lzo=01;31:*.xz=01;31:*.zst=01;31:*.tzst=01;31:*.bz2=01;31:*.bz=01;31:*.tbz=01;31:*.tbz2=01;31:*.tz=01;31:*.deb=01;31:*.rpm=01;31:*.jar=01;31:*.war=01;31:*.ear=01;31:*.sar=01;31:*.rar=01;31:*.alz=01;31:*.ace=01;31:*.zoo=01;31:*.cpio=01;31:*.7z=01;31:*.rz=01;31:*.cab=01;31:*.wim=01;31:*.swm=01;31:*.dwm=01;31:*.esd=01;31:*.jpg=01;35:*.jpeg=01;35:*.mjpg=01;35:*.mjpeg=01;35:*.gif=01;35:*.bmp=01;35:*.pbm=01;35:*.pgm=01;35:*.ppm=01;35:*.tga=01;35:*.xbm=01;35:*.xpm=01;35:*.tif=01;35:*.tiff=01;35:*.png=01;35:*.svg=01;35:*.svgz=01;35:*.mng=01;35:*.pcx=01;35:*.mov=01;35:*.mpg=01;35:*.mpeg=01;35:*.m2v=01;35:*.mkv=01;35:*.webm=01;35:*.webp=01;35:*.ogm=01;35:*.mp4=01;35:*.m4v=01;35:*.mp4v=01;35:*.vob=01;35:*.qt=01;35:*.nuv=01;35:*.wmv=01;35:*.asf=01;35:*.rm=01;35:*.rmvb=01;35:*.flc=01;35:*.avi=01;35:*.fli=01;35:*.flv=01;35:*.gl=01;35:*.dl=01;35:*.xcf=01;35:*.xwd=01;35:*.yuv=01;35:*.cgm=01;35:*.emf=01;35:*.ogv=01;35:*.ogx=01;35:*.aac=00;36:*.au=00;36:*.flac=00;36:*.m4a=00;36:*.mid=00;36:*.midi=00;36:*.mka=00;36:*.mp3=00;36:*.mpc=00;36:*.ogg=00;36:*.ra=00;36:*.wav=00;36:*.oga=00;36:*.opus=00;36:*.spx=00;36:*.xspf=00;36:', 'XDG_CURRENT_DESKTOP': 'ubuntu:GNOME', 'VTE_VERSION': '6800', 'WAYLAND_DISPLAY': 'wayland-0', 'GNOME_TERMINAL_SCREEN': '/org/gnome/Terminal/screen/b9f111c6_1614_4566_a43d_02029e2771b3', 'GNOME_SETUP_DISPLAY': ':1', 'LESSCLOSE': '/usr/bin/lesspipe %s %s', 'XDG_SESSION_CLASS': 'user', 'PYTHONPATH': '/home/vbharath/aesd_final_project/poky/bitbake/lib:/home/vbharath/aesd_final_project/poky/bitbake/lib:', 'TERM': 'xterm-256color', 'LESSOPEN': '| /usr/bin/lesspipe %s', 'GNOME_TERMINAL_SERVICE': ':1.110', 'DISPLAY': ':0', 'SHLVL': '2', 'QT_IM_MODULE': 'ibus', 'DBUS_STARTER_ADDRESS': 'unix:path=/run/user/1000/bus,guid=93d3290e7b812fe3c4b33f80680d88c5', 'XDG_RUNTIME_DIR': '/run/user/1000', 'XDG_DATA_DIRS': '/usr/share/ubuntu:/usr/local/share/:/usr/share/:/var/lib/snapd/desktop', 'GDMSESSION': 'ubuntu', 'DBUS_SESSION_BUS_ADDRESS': 'unix:path=/run/user/1000/bus,guid=93d3290e7b812fe3c4b33f80680d88c5', 'BUILDDIR': '/home/vbharath/aesd_final_project/build', 'OLDPWD': '/home/vbharath/aesd_final_project', '_': '/home/vbharath/aesd_final_project/poky/bitbake/bin/bitbake-layers'}, ['/home/vbharath/aesd_final_project/poky/bitbake/bin/bitbake-layers', 'add-layer', '../meta-openembedded/meta-oe']]
563578 22:42:14.281495 Command Completed
563578 22:42:14.281960 Running command ['parseConfiguration']
563578 22:42:14.283374 Command Completed
563578 22:42:14.283714 Running command ['dataStoreConnectorCmd', 0, 'getVar', ('BBMULTICONFIG',), {}]
563578 22:42:14.283911 Command Completed
563578 22:42:14.284250 Running command ['dataStoreConnectorCmd', 0, 'getVar', ('BBPATH',), {}]
563578 22:42:14.284419 Command Completed
563578 22:42:14.288206 Running command ['dataStoreConnectorCmd', 0, 'getVar', ('BBLAYERS',), {}]
563578 22:42:14.288337 Command Completed
563578 22:42:14.288490 Running command ['dataStoreConnectorVarHistCmd', 0, 'get_variable_items_files', ('BBFILE_COLLECTIONS',), {}]
563578 22:42:14.288634 Command Completed
563578 22:42:14.289822 Running command ['dataStoreConnectorCmd', 0, 'getVar', ('BBLAYERS',), {}]
563578 22:42:14.289921 Command Completed
563578 22:42:14.290151 Running command ['dataStoreConnectorVarHistCmd', 0, 'get_variable_items_files', ('BBFILE_COLLECTIONS',), {}]
563578 22:42:14.290272 Command Completed
563578 22:42:14.291038 Running command ['dataStoreConnectorCmd', 0, 'getVar', ('BBLAYERS',), {}]
563578 22:42:14.291135 Command Completed
563578 22:42:14.291374 Running command ['dataStoreConnectorVarHistCmd', 0, 'get_variable_items_files', ('BBFILE_COLLECTIONS',), {}]
563578 22:42:14.291530 Command Completed
563578 22:42:14.292458 Running command ['dataStoreConnectorCmd', 0, 'getVar', ('BBLAYERS',), {}]
563578 22:42:14.292614 Command Completed
563578 22:42:14.292886 Running command ['dataStoreConnectorVarHistCmd', 0, 'get_variable_items_files', ('BBFILE_COLLECTIONS',), {}]
563578 22:42:14.293049 Command Completed
563578 22:42:14.294536 Running command ['clientComplete']
563578 22:42:14.294620 Command Completed
563578 22:42:14.295115 Processing Client
563578 22:42:14.295152 Disconnecting Client
563578 22:42:14.295245 No timeout, exiting.
563578 22:42:14.398343 Exiting
563578 22:42:14.401645 Original lockfile contents: ['563578\n']
563578 22:42:14.402387 Exiting as we could obtain the lock
sys:1: ResourceWarning: unclosed file <_io.TextIOWrapper name='/home/vbharath/aesd_final_project/build/bitbake-cookerdaemon.log' mode='a+' encoding='UTF-8'>
563591 22:42:14.615674 --- Starting bitbake server pid 563591 at 2025-04-29 22:42:14.615660 ---
563591 22:42:14.616212 Started bitbake server pid 563591
563591 22:42:14.616327 Entering server connection loop
563591 22:42:14.616920 Accepting [<socket.socket fd=6, family=AddressFamily.AF_UNIX, type=SocketKind.SOCK_STREAM, proto=0, laddr=bitbake.sock>] ([])
563591 22:42:14.617648 Processing Client
563591 22:42:14.617681 Connecting Client
563591 22:42:14.617829 Running command ['setFeatures', [2, 1]]
563591 22:42:14.617914 Command Completed
563591 22:42:14.618478 Running command ['updateConfig', {'halt': True, 'force': False, 'invalidate_stamp': None, 'dry_run': False, 'dump_signatures': [], 'extra_assume_provided': [], 'profile': False, 'prefile': [], 'postfile': [], 'server_timeout': None, 'nosetscene': False, 'setsceneonly': False, 'skipsetscene': False, 'runall': None, 'runonly': None, 'writeeventlog': None, 'build_verbose_shell': False, 'build_verbose_stdout': False, 'default_loglevel': 20, 'debug_domains': {}}, {'SHELL': '/bin/bash', 'BB_ENV_PASSTHROUGH_ADDITIONS': 'ALL_PROXY BBPATH_EXTRA BB_LOGCONFIG BB_NO_NETWORK BB_NUMBER_THREADS BB_SETSCENE_ENFORCE BB_SRCREV_POLICY DISTRO FTPS_PROXY FTP_PROXY GIT_PROXY_COMMAND HTTPS_PROXY HTTP_PROXY MACHINE NO_PROXY PARALLEL_MAKE SCREENDIR SDKMACHINE SOCKS5_PASSWD SOCKS5_USER SSH_AGENT_PID SSH_AUTH_SOCK STAMPS_DIR TCLIBC TCMODE all_proxy ftp_proxy ftps_proxy http_proxy https_proxy no_proxy ', 'SSH_AUTH_SOCK': '/run/user/1000/keyring/ssh', 'PWD': '/home/vbharath/aesd_final_project/build', 'LOGNAME': 'vbharath', 'HOME': '/home/vbharath', 'BBPATH': '/home/vbharath/aesd_final_project/build', 'USER': 'vbharath', 'PATH': '/home/vbharath/aesd_final_project/poky/scripts:/home/vbharath/aesd_final_project/poky/bitbake/bin:/usr/local/sbin:/usr/local/bin:/usr/sbin:/usr/bin:/sbin:/bin:/usr/games:/usr/local/games:/snap/bin:/snap/bin', 'LC_ALL': 'en_US.UTF-8', 'SESSION_MANAGER': 'local/ubuntu:@/tmp/.ICE-unix/1868,unix/ubuntu:/tmp/.ICE-unix/1868', 'QT_ACCESSIBILITY': '1', 'COLORTERM': 'truecolor', 'XDG_CONFIG_DIRS': '/etc/xdg/xdg-ubuntu:/etc/xdg', 'SSH_AGENT_LAUNCHER': 'gnome-keyring', 'XDG_MENU_PREFIX': 'gnome-', 'GNOME_DESKTOP_SESSION_ID': 'this-is-deprecated', 'GNOME_SHELL_SESSION_MODE': 'ubuntu', 'XMODIFIERS': '@im=ibus', 'DESKTOP_SESSION': 'ubuntu', 'GTK_MODULES': 'gail:atk-bridge', 'DBUS_STARTER_BUS_TYPE': 'session', 'XDG_SESSION_DESKTOP': 'ubuntu', 'XDG_SESSION_TYPE': 'wayland', 'SYSTEMD_EXEC_PID': '1868', 'XAUTHORITY': '/run/user/1000/.mutter-Xwaylandauth.XP1D52', 'USERNAME': 'vbharath', 'IM_CONFIG_PHASE': '1', 'LANG': 'en_US.UTF-8', 'LS_COLORS': 'rs=0:di=01;34:ln=01;36:mh=00:pi=40;33:so=01;35:do=01;35:bd=40;33;01:cd=40;33;01:or=40;31;01:mi=00:su=37;41:sg=30;43:ca=30;41:tw=30;42:ow=34;42:st=37;44:ex=01;32:*.tar=01;31:*.tgz=01;31:*.arc=01;31:*.arj=01;31:*.taz=01;31:*.lha=01;31:*.lz4=01;31:*.lzh=01;31:*.lzma=01;31:*.tlz=01;31:*.txz=01;31:*.tzo=01;31:*.t7z=01;31:*.zip=01;31:*.z=01;31:*.dz=01;31:*.gz=01;31:*.lrz=01;31:*.lz=01;31:*.lzo=01;31:*.xz=01;31:*.zst=01;31:*.tzst=01;31:*.bz2=01;31:*.bz=01;31:*.tbz=01;31:*.tbz2=01;31:*.tz=01;31:*.deb=01;31:*.rpm=01;31:*.jar=01;31:*.war=01;31:*.ear=01;31:*.sar=01;31:*.rar=01;31:*.alz=01;31:*.ace=01;31:*.zoo=01;31:*.cpio=01;31:*.7z=01;31:*.rz=01;31:*.cab=01;31:*.wim=01;31:*.swm=01;31:*.dwm=01;31:*.esd=01;31:*.jpg=01;35:*.jpeg=01;35:*.mjpg=01;35:*.mjpeg=01;35:*.gif=01;35:*.bmp=01;35:*.pbm=01;35:*.pgm=01;35:*.ppm=01;35:*.tga=01;35:*.xbm=01;35:*.xpm=01;35:*.tif=01;35:*.tiff=01;35:*.png=01;35:*.svg=01;35:*.svgz=01;35:*.mng=01;35:*.pcx=01;35:*.mov=01;35:*.mpg=01;35:*.mpeg=01;35:*.m2v=01;35:*.mkv=01;35:*.webm=01;35:*.webp=01;35:*.ogm=01;35:*.mp4=01;35:*.m4v=01;35:*.mp4v=01;35:*.vob=01;35:*.qt=01;35:*.nuv=01;35:*.wmv=01;35:*.asf=01;35:*.rm=01;35:*.rmvb=01;35:*.flc=01;35:*.avi=01;35:*.fli=01;35:*.flv=01;35:*.gl=01;35:*.dl=01;35:*.xcf=01;35:*.xwd=01;35:*.yuv=01;35:*.cgm=01;35:*.emf=01;35:*.ogv=01;35:*.ogx=01;35:*.aac=00;36:*.au=00;36:*.flac=00;36:*.m4a=00;36:*.mid=00;36:*.midi=00;36:*.mka=00;36:*.mp3=00;36:*.mpc=00;36:*.ogg=00;36:*.ra=00;36:*.wav=00;36:*.oga=00;36:*.opus=00;36:*.spx=00;36:*.xspf=00;36:', 'XDG_CURRENT_DESKTOP': 'ubuntu:GNOME', 'VTE_VERSION': '6800', 'WAYLAND_DISPLAY': 'wayland-0', 'GNOME_TERMINAL_SCREEN': '/org/gnome/Terminal/screen/b9f111c6_1614_4566_a43d_02029e2771b3', 'GNOME_SETUP_DISPLAY': ':1', 'LESSCLOSE': '/usr/bin/lesspipe %s %s', 'XDG_SESSION_CLASS': 'user', 'PYTHONPATH': '/home/vbharath/aesd_final_project/poky/bitbake/lib:/home/vbharath/aesd_final_project/poky/bitbake/lib:', 'TERM': 'xterm-256color', 'LESSOPEN': '| /usr/bin/lesspipe %s', 'GNOME_TERMINAL_SERVICE': ':1.110', 'DISPLAY': ':0', 'SHLVL': '2', 'QT_IM_MODULE': 'ibus', 'DBUS_STARTER_ADDRESS': 'unix:path=/run/user/1000/bus,guid=93d3290e7b812fe3c4b33f80680d88c5', 'XDG_RUNTIME_DIR': '/run/user/1000', 'XDG_DATA_DIRS': '/usr/share/ubuntu:/usr/local/share/:/usr/share/:/var/lib/snapd/desktop', 'GDMSESSION': 'ubuntu', 'DBUS_SESSION_BUS_ADDRESS': 'unix:path=/run/user/1000/bus,guid=93d3290e7b812fe3c4b33f80680d88c5', 'BUILDDIR': '/home/vbharath/aesd_final_project/build', 'OLDPWD': '/home/vbharath/aesd_final_project', '_': '/home/vbharath/aesd_final_project/poky/bitbake/bin/bitbake-layers'}, ['/home/vbharath/aesd_final_project/poky/bitbake/bin/bitbake-layers', 'add-layer', '../meta-qt5']]
563591 22:42:14.864139 Command Completed
563591 22:42:14.864583 Running command ['parseConfiguration']
563591 22:42:14.866075 Command Completed
563591 22:42:14.866408 Running command ['dataStoreConnectorCmd', 0, 'getVar', ('BBMULTICONFIG',), {}]
563591 22:42:14.866560 Command Completed
563591 22:42:14.867103 Running command ['dataStoreConnectorCmd', 0, 'getVar', ('BBPATH',), {}]
563591 22:42:14.867398 Command Completed
563591 22:42:14.871170 Running command ['dataStoreConnectorCmd', 0, 'getVar', ('BBLAYERS',), {}]
563591 22:42:14.871302 Command Completed
563591 22:42:14.871545 Running command ['dataStoreConnectorVarHistCmd', 0, 'get_variable_items_files', ('BBFILE_COLLECTIONS',), {}]
563591 22:42:14.871696 Command Completed
563591 22:42:14.872588 Running command ['dataStoreConnectorCmd', 0, 'getVar', ('BBLAYERS',), {}]
563591 22:42:14.872691 Command Completed
563591 22:42:14.873190 Running command ['dataStoreConnectorVarHistCmd', 0, 'get_variable_items_files', ('BBFILE_COLLECTIONS',), {}]
563591 22:42:14.873390 Command Completed
563591 22:42:14.874465 Running command ['dataStoreConnectorCmd', 0, 'getVar', ('BBLAYERS',), {}]
563591 22:42:14.874627 Command Completed
563591 22:42:14.874912 Running command ['dataStoreConnectorVarHistCmd', 0, 'get_variable_items_files', ('BBFILE_COLLECTIONS',), {}]
563591 22:42:14.875042 Command Completed
563591 22:42:14.875782 Running command ['dataStoreConnectorCmd', 0, 'getVar', ('BBLAYERS',), {}]
563591 22:42:14.875912 Command Completed
563591 22:42:14.876064 Running command ['dataStoreConnectorVarHistCmd', 0, 'get_variable_items_files', ('BBFILE_COLLECTIONS',), {}]
563591 22:42:14.876177 Command Completed
563591 22:42:14.877532 Running command ['clientComplete']
563591 22:42:14.877600 Command Completed
563591 22:42:14.877997 Processing Client
563591 22:42:14.878031 Disconnecting Client
563591 22:42:14.878226 No timeout, exiting.
563591 22:42:15.008400 Exiting
563591 22:42:15.011228 Original lockfile contents: ['563591\n']
563591 22:42:15.011880 Exiting as we could obtain the lock
sys:1: ResourceWarning: unclosed file <_io.TextIOWrapper name='/home/vbharath/aesd_final_project/build/bitbake-cookerdaemon.log' mode='a+' encoding='UTF-8'>
563604 22:42:15.207741 --- Starting bitbake server pid 563604 at 2025-04-29 22:42:15.207729 ---
563604 22:42:15.208382 Started bitbake server pid 563604
563604 22:42:15.208503 Entering server connection loop
563604 22:42:15.208778 Accepting [<socket.socket fd=6, family=AddressFamily.AF_UNIX, type=SocketKind.SOCK_STREAM, proto=0, laddr=bitbake.sock>] ([])
563604 22:42:15.209478 Processing Client
563604 22:42:15.209501 Connecting Client
563604 22:42:15.209625 Running command ['setFeatures', [2, 1]]
563604 22:42:15.209702 Command Completed
563604 22:42:15.210227 Running command ['updateConfig', {'halt': True, 'force': False, 'invalidate_stamp': None, 'dry_run': False, 'dump_signatures': [], 'extra_assume_provided': [], 'profile': False, 'prefile': [], 'postfile': [], 'server_timeout': None, 'nosetscene': False, 'setsceneonly': False, 'skipsetscene': False, 'runall': None, 'runonly': None, 'writeeventlog': None, 'build_verbose_shell': False, 'build_verbose_stdout': False, 'default_loglevel': 20, 'debug_domains': {}}, {'SHELL': '/bin/bash', 'BB_ENV_PASSTHROUGH_ADDITIONS': 'ALL_PROXY BBPATH_EXTRA BB_LOGCONFIG BB_NO_NETWORK BB_NUMBER_THREADS BB_SETSCENE_ENFORCE BB_SRCREV_POLICY DISTRO FTPS_PROXY FTP_PROXY GIT_PROXY_COMMAND HTTPS_PROXY HTTP_PROXY MACHINE NO_PROXY PARALLEL_MAKE SCREENDIR SDKMACHINE SOCKS5_PASSWD SOCKS5_USER SSH_AGENT_PID SSH_AUTH_SOCK STAMPS_DIR TCLIBC TCMODE all_proxy ftp_proxy ftps_proxy http_proxy https_proxy no_proxy ', 'SSH_AUTH_SOCK': '/run/user/1000/keyring/ssh', 'PWD': '/home/vbharath/aesd_final_project/build', 'LOGNAME': 'vbharath', 'HOME': '/home/vbharath', 'BBPATH': '/home/vbharath/aesd_final_project/build', 'USER': 'vbharath', 'PATH': '/home/vbharath/aesd_final_project/poky/scripts:/home/vbharath/aesd_final_project/poky/bitbake/bin:/usr/local/sbin:/usr/local/bin:/usr/sbin:/usr/bin:/sbin:/bin:/usr/games:/usr/local/games:/snap/bin:/snap/bin', 'LC_ALL': 'en_US.UTF-8', 'SESSION_MANAGER': 'local/ubuntu:@/tmp/.ICE-unix/1868,unix/ubuntu:/tmp/.ICE-unix/1868', 'QT_ACCESSIBILITY': '1', 'COLORTERM': 'truecolor', 'XDG_CONFIG_DIRS': '/etc/xdg/xdg-ubuntu:/etc/xdg', 'SSH_AGENT_LAUNCHER': 'gnome-keyring', 'XDG_MENU_PREFIX': 'gnome-', 'GNOME_DESKTOP_SESSION_ID': 'this-is-deprecated', 'GNOME_SHELL_SESSION_MODE': 'ubuntu', 'XMODIFIERS': '@im=ibus', 'DESKTOP_SESSION': 'ubuntu', 'GTK_MODULES': 'gail:atk-bridge', 'DBUS_STARTER_BUS_TYPE': 'session', 'XDG_SESSION_DESKTOP': 'ubuntu', 'XDG_SESSION_TYPE': 'wayland', 'SYSTEMD_EXEC_PID': '1868', 'XAUTHORITY': '/run/user/1000/.mutter-Xwaylandauth.XP1D52', 'USERNAME': 'vbharath', 'IM_CONFIG_PHASE': '1', 'LANG': 'en_US.UTF-8', 'LS_COLORS': 'rs=0:di=01;34:ln=01;36:mh=00:pi=40;33:so=01;35:do=01;35:bd=40;33;01:cd=40;33;01:or=40;31;01:mi=00:su=37;41:sg=30;43:ca=30;41:tw=30;42:ow=34;42:st=37;44:ex=01;32:*.tar=01;31:*.tgz=01;31:*.arc=01;31:*.arj=01;31:*.taz=01;31:*.lha=01;31:*.lz4=01;31:*.lzh=01;31:*.lzma=01;31:*.tlz=01;31:*.txz=01;31:*.tzo=01;31:*.t7z=01;31:*.zip=01;31:*.z=01;31:*.dz=01;31:*.gz=01;31:*.lrz=01;31:*.lz=01;31:*.lzo=01;31:*.xz=01;31:*.zst=01;31:*.tzst=01;31:*.bz2=01;31:*.bz=01;31:*.tbz=01;31:*.tbz2=01;31:*.tz=01;31:*.deb=01;31:*.rpm=01;31:*.jar=01;31:*.war=01;31:*.ear=01;31:*.sar=01;31:*.rar=01;31:*.alz=01;31:*.ace=01;31:*.zoo=01;31:*.cpio=01;31:*.7z=01;31:*.rz=01;31:*.cab=01;31:*.wim=01;31:*.swm=01;31:*.dwm=01;31:*.esd=01;31:*.jpg=01;35:*.jpeg=01;35:*.mjpg=01;35:*.mjpeg=01;35:*.gif=01;35:*.bmp=01;35:*.pbm=01;35:*.pgm=01;35:*.ppm=01;35:*.tga=01;35:*.xbm=01;35:*.xpm=01;35:*.tif=01;35:*.tiff=01;35:*.png=01;35:*.svg=01;35:*.svgz=01;35:*.mng=01;35:*.pcx=01;35:*.mov=01;35:*.mpg=01;35:*.mpeg=01;35:*.m2v=01;35:*.mkv=01;35:*.webm=01;35:*.webp=01;35:*.ogm=01;35:*.mp4=01;35:*.m4v=01;35:*.mp4v=01;35:*.vob=01;35:*.qt=01;35:*.nuv=01;35:*.wmv=01;35:*.asf=01;35:*.rm=01;35:*.rmvb=01;35:*.flc=01;35:*.avi=01;35:*.fli=01;35:*.flv=01;35:*.gl=01;35:*.dl=01;35:*.xcf=01;35:*.xwd=01;35:*.yuv=01;35:*.cgm=01;35:*.emf=01;35:*.ogv=01;35:*.ogx=01;35:*.aac=00;36:*.au=00;36:*.flac=00;36:*.m4a=00;36:*.mid=00;36:*.midi=00;36:*.mka=00;36:*.mp3=00;36:*.mpc=00;36:*.ogg=00;36:*.ra=00;36:*.wav=00;36:*.oga=00;36:*.opus=00;36:*.spx=00;36:*.xspf=00;36:', 'XDG_CURRENT_DESKTOP': 'ubuntu:GNOME', 'VTE_VERSION': '6800', 'WAYLAND_DISPLAY': 'wayland-0', 'GNOME_TERMINAL_SCREEN': '/org/gnome/Terminal/screen/b9f111c6_1614_4566_a43d_02029e2771b3', 'GNOME_SETUP_DISPLAY': ':1', 'LESSCLOSE': '/usr/bin/lesspipe %s %s', 'XDG_SESSION_CLASS': 'user', 'PYTHONPATH': '/home/vbharath/aesd_final_project/poky/bitbake/lib:/home/vbharath/aesd_final_project/poky/bitbake/lib:', 'TERM': 'xterm-256color', 'LESSOPEN': '| /usr/bin/lesspipe %s', 'GNOME_TERMINAL_SERVICE': ':1.110', 'DISPLAY': ':0', 'SHLVL': '2', 'QT_IM_MODULE': 'ibus', 'DBUS_STARTER_ADDRESS': 'unix:path=/run/user/1000/bus,guid=93d3290e7b812fe3c4b33f80680d88c5', 'XDG_RUNTIME_DIR': '/run/user/1000', 'XDG_DATA_DIRS': '/usr/share/ubuntu:/usr/local/share/:/usr/share/:/var/lib/snapd/desktop', 'GDMSESSION': 'ubuntu', 'DBUS_SESSION_BUS_ADDRESS': 'unix:path=/run/user/1000/bus,guid=93d3290e7b812fe3c4b33f80680d88c5', 'BUILDDIR': '/home/vbharath/aesd_final_project/build', 'OLDPWD': '/home/vbharath/aesd_final_project', '_': '/home/vbharath/aesd_final_project/poky/bitbake/bin/bitbake-layers'}, ['/home/vbharath/aesd_final_project/poky/bitbake/bin/bitbake-layers', 'add-layer', '../meta-openembedded/meta-python']]
563604 22:42:15.444765 Command Completed
563604 22:42:15.445274 Running command ['parseConfiguration']
563604 22:42:15.446690 Command Completed
563604 22:42:15.447439 Running command ['dataStoreConnectorCmd', 0, 'getVar', ('BBMULTICONFIG',), {}]
563604 22:42:15.447604 Command Completed
563604 22:42:15.448038 Running command ['dataStoreConnectorCmd', 0, 'getVar', ('BBPATH',), {}]
563604 22:42:15.448188 Command Completed
563604 22:42:15.451819 Running command ['dataStoreConnectorCmd', 0, 'getVar', ('BBLAYERS',), {}]
563604 22:42:15.451950 Command Completed
563604 22:42:15.452166 Running command ['dataStoreConnectorVarHistCmd', 0, 'get_variable_items_files', ('BBFILE_COLLECTIONS',), {}]
563604 22:42:15.452306 Command Completed
563604 22:42:15.453438 Running command ['dataStoreConnectorCmd', 0, 'getVar', ('BBLAYERS',), {}]
563604 22:42:15.453523 Command Completed
563604 22:42:15.453730 Running command ['dataStoreConnectorVarHistCmd', 0, 'get_variable_items_files', ('BBFILE_COLLECTIONS',), {}]
563604 22:42:15.453905 Command Completed
563604 22:42:15.454484 Running command ['dataStoreConnectorCmd', 0, 'getVar', ('BBLAYERS',), {}]
563604 22:42:15.454564 Command Completed
563604 22:42:15.454858 Running command ['dataStoreConnectorVarHistCmd', 0, 'get_variable_items_files', ('BBFILE_COLLECTIONS',), {}]
563604 22:42:15.454951 Command Completed
563604 22:42:15.455443 Running command ['dataStoreConnectorCmd', 0, 'getVar', ('BBLAYERS',), {}]
563604 22:42:15.455520 Command Completed
563604 22:42:15.455762 Running command ['dataStoreConnectorVarHistCmd', 0, 'get_variable_items_files', ('BBFILE_COLLECTIONS',), {}]
563604 22:42:15.455853 Command Completed
563604 22:42:15.457502 Running command ['clientComplete']
563604 22:42:15.457640 Command Completed
563604 22:42:15.458077 Processing Client
563604 22:42:15.458109 Disconnecting Client
563604 22:42:15.458199 No timeout, exiting.
563604 22:42:15.575831 Exiting
563604 22:42:15.578463 Original lockfile contents: ['563604\n']
563604 22:42:15.578859 Exiting as we could obtain the lock
sys:1: ResourceWarning: unclosed file <_io.TextIOWrapper name='/home/vbharath/aesd_final_project/build/bitbake-cookerdaemon.log' mode='a+' encoding='UTF-8'>
563617 22:42:15.767279 --- Starting bitbake server pid 563617 at 2025-04-29 22:42:15.767261 ---
563617 22:42:15.767907 Started bitbake server pid 563617
563617 22:42:15.768020 Entering server connection loop
563617 22:42:15.768278 Accepting [<socket.socket fd=6, family=AddressFamily.AF_UNIX, type=SocketKind.SOCK_STREAM, proto=0, laddr=bitbake.sock>] ([])
563617 22:42:15.769457 Processing Client
563617 22:42:15.769554 Connecting Client
563617 22:42:15.769854 Running command ['setFeatures', [2, 1]]
563617 22:42:15.769939 Command Completed
563617 22:42:15.770419 Running command ['updateConfig', {'halt': True, 'force': False, 'invalidate_stamp': None, 'dry_run': False, 'dump_signatures': [], 'extra_assume_provided': [], 'profile': False, 'prefile': [], 'postfile': [], 'server_timeout': None, 'nosetscene': False, 'setsceneonly': False, 'skipsetscene': False, 'runall': None, 'runonly': None, 'writeeventlog': None, 'build_verbose_shell': False, 'build_verbose_stdout': False, 'default_loglevel': 20, 'debug_domains': {}}, {'SHELL': '/bin/bash', 'BB_ENV_PASSTHROUGH_ADDITIONS': 'ALL_PROXY BBPATH_EXTRA BB_LOGCONFIG BB_NO_NETWORK BB_NUMBER_THREADS BB_SETSCENE_ENFORCE BB_SRCREV_POLICY DISTRO FTPS_PROXY FTP_PROXY GIT_PROXY_COMMAND HTTPS_PROXY HTTP_PROXY MACHINE NO_PROXY PARALLEL_MAKE SCREENDIR SDKMACHINE SOCKS5_PASSWD SOCKS5_USER SSH_AGENT_PID SSH_AUTH_SOCK STAMPS_DIR TCLIBC TCMODE all_proxy ftp_proxy ftps_proxy http_proxy https_proxy no_proxy ', 'SSH_AUTH_SOCK': '/run/user/1000/keyring/ssh', 'PWD': '/home/vbharath/aesd_final_project/build', 'LOGNAME': 'vbharath', 'HOME': '/home/vbharath', 'BBPATH': '/home/vbharath/aesd_final_project/build', 'USER': 'vbharath', 'PATH': '/home/vbharath/aesd_final_project/poky/scripts:/home/vbharath/aesd_final_project/poky/bitbake/bin:/usr/local/sbin:/usr/local/bin:/usr/sbin:/usr/bin:/sbin:/bin:/usr/games:/usr/local/games:/snap/bin:/snap/bin', 'LC_ALL': 'en_US.UTF-8', 'SESSION_MANAGER': 'local/ubuntu:@/tmp/.ICE-unix/1868,unix/ubuntu:/tmp/.ICE-unix/1868', 'QT_ACCESSIBILITY': '1', 'COLORTERM': 'truecolor', 'XDG_CONFIG_DIRS': '/etc/xdg/xdg-ubuntu:/etc/xdg', 'SSH_AGENT_LAUNCHER': 'gnome-keyring', 'XDG_MENU_PREFIX': 'gnome-', 'GNOME_DESKTOP_SESSION_ID': 'this-is-deprecated', 'GNOME_SHELL_SESSION_MODE': 'ubuntu', 'XMODIFIERS': '@im=ibus', 'DESKTOP_SESSION': 'ubuntu', 'GTK_MODULES': 'gail:atk-bridge', 'DBUS_STARTER_BUS_TYPE': 'session', 'XDG_SESSION_DESKTOP': 'ubuntu', 'XDG_SESSION_TYPE': 'wayland', 'SYSTEMD_EXEC_PID': '1868', 'XAUTHORITY': '/run/user/1000/.mutter-Xwaylandauth.XP1D52', 'USERNAME': 'vbharath', 'IM_CONFIG_PHASE': '1', 'LANG': 'en_US.UTF-8', 'LS_COLORS': 'rs=0:di=01;34:ln=01;36:mh=00:pi=40;33:so=01;35:do=01;35:bd=40;33;01:cd=40;33;01:or=40;31;01:mi=00:su=37;41:sg=30;43:ca=30;41:tw=30;42:ow=34;42:st=37;44:ex=01;32:*.tar=01;31:*.tgz=01;31:*.arc=01;31:*.arj=01;31:*.taz=01;31:*.lha=01;31:*.lz4=01;31:*.lzh=01;31:*.lzma=01;31:*.tlz=01;31:*.txz=01;31:*.tzo=01;31:*.t7z=01;31:*.zip=01;31:*.z=01;31:*.dz=01;31:*.gz=01;31:*.lrz=01;31:*.lz=01;31:*.lzo=01;31:*.xz=01;31:*.zst=01;31:*.tzst=01;31:*.bz2=01;31:*.bz=01;31:*.tbz=01;31:*.tbz2=01;31:*.tz=01;31:*.deb=01;31:*.rpm=01;31:*.jar=01;31:*.war=01;31:*.ear=01;31:*.sar=01;31:*.rar=01;31:*.alz=01;31:*.ace=01;31:*.zoo=01;31:*.cpio=01;31:*.7z=01;31:*.rz=01;31:*.cab=01;31:*.wim=01;31:*.swm=01;31:*.dwm=01;31:*.esd=01;31:*.jpg=01;35:*.jpeg=01;35:*.mjpg=01;35:*.mjpeg=01;35:*.gif=01;35:*.bmp=01;35:*.pbm=01;35:*.pgm=01;35:*.ppm=01;35:*.tga=01;35:*.xbm=01;35:*.xpm=01;35:*.tif=01;35:*.tiff=01;35:*.png=01;35:*.svg=01;35:*.svgz=01;35:*.mng=01;35:*.pcx=01;35:*.mov=01;35:*.mpg=01;35:*.mpeg=01;35:*.m2v=01;35:*.mkv=01;35:*.webm=01;35:*.webp=01;35:*.ogm=01;35:*.mp4=01;35:*.m4v=01;35:*.mp4v=01;35:*.vob=01;35:*.qt=01;35:*.nuv=01;35:*.wmv=01;35:*.asf=01;35:*.rm=01;35:*.rmvb=01;35:*.flc=01;35:*.avi=01;35:*.fli=01;35:*.flv=01;35:*.gl=01;35:*.dl=01;35:*.xcf=01;35:*.xwd=01;35:*.yuv=01;35:*.cgm=01;35:*.emf=01;35:*.ogv=01;35:*.ogx=01;35:*.aac=00;36:*.au=00;36:*.flac=00;36:*.m4a=00;36:*.mid=00;36:*.midi=00;36:*.mka=00;36:*.mp3=00;36:*.mpc=00;36:*.ogg=00;36:*.ra=00;36:*.wav=00;36:*.oga=00;36:*.opus=00;36:*.spx=00;36:*.xspf=00;36:', 'XDG_CURRENT_DESKTOP': 'ubuntu:GNOME', 'VTE_VERSION': '6800', 'WAYLAND_DISPLAY': 'wayland-0', 'GNOME_TERMINAL_SCREEN': '/org/gnome/Terminal/screen/b9f111c6_1614_4566_a43d_02029e2771b3', 'GNOME_SETUP_DISPLAY': ':1', 'LESSCLOSE': '/usr/bin/lesspipe %s %s', 'XDG_SESSION_CLASS': 'user', 'PYTHONPATH': '/home/vbharath/aesd_final_project/poky/bitbake/lib:/home/vbharath/aesd_final_project/poky/bitbake/lib:', 'TERM': 'xterm-256color', 'LESSOPEN': '| /usr/bin/lesspipe %s', 'GNOME_TERMINAL_SERVICE': ':1.110', 'DISPLAY': ':0', 'SHLVL': '2', 'QT_IM_MODULE': 'ibus', 'DBUS_STARTER_ADDRESS': 'unix:path=/run/user/1000/bus,guid=93d3290e7b812fe3c4b33f80680d88c5', 'XDG_RUNTIME_DIR': '/run/user/1000', 'XDG_DATA_DIRS': '/usr/share/ubuntu:/usr/local/share/:/usr/share/:/var/lib/snapd/desktop', 'GDMSESSION': 'ubuntu', 'DBUS_SESSION_BUS_ADDRESS': 'unix:path=/run/user/1000/bus,guid=93d3290e7b812fe3c4b33f80680d88c5', 'BUILDDIR': '/home/vbharath/aesd_final_project/build', 'OLDPWD': '/home/vbharath/aesd_final_project', '_': '/home/vbharath/aesd_final_project/poky/bitbake/bin/bitbake-layers'}, ['/home/vbharath/aesd_final_project/poky/bitbake/bin/bitbake-layers', 'add-layer', '../meta-openembedded/meta-webserver']]
563617 22:42:16.007492 Command Completed
563617 22:42:16.007981 Running command ['parseConfiguration']
563617 22:42:16.009483 Command Completed
563617 22:42:16.009805 Running command ['dataStoreConnectorCmd', 0, 'getVar', ('BBMULTICONFIG',), {}]
563617 22:42:16.009957 Command Completed
563617 22:42:16.010575 Running command ['dataStoreConnectorCmd', 0, 'getVar', ('BBPATH',), {}]
563617 22:42:16.010748 Command Completed
563617 22:42:16.015000 Running command ['dataStoreConnectorCmd', 0, 'getVar', ('BBLAYERS',), {}]
563617 22:42:16.015151 Command Completed
563617 22:42:16.015422 Running command ['dataStoreConnectorVarHistCmd', 0, 'get_variable_items_files', ('BBFILE_COLLECTIONS',), {}]
563617 22:42:16.015564 Command Completed
563617 22:42:16.016577 Running command ['dataStoreConnectorCmd', 0, 'getVar', ('BBLAYERS',), {}]
563617 22:42:16.016919 Command Completed
563617 22:42:16.017066 Running command ['dataStoreConnectorVarHistCmd', 0, 'get_variable_items_files', ('BBFILE_COLLECTIONS',), {}]
563617 22:42:16.017195 Command Completed
563617 22:42:16.017766 Running command ['dataStoreConnectorCmd', 0, 'getVar', ('BBLAYERS',), {}]
563617 22:42:16.017853 Command Completed
563617 22:42:16.018054 Running command ['dataStoreConnectorVarHistCmd', 0, 'get_variable_items_files', ('BBFILE_COLLECTIONS',), {}]
563617 22:42:16.018166 Command Completed
563617 22:42:16.018733 Running command ['dataStoreConnectorCmd', 0, 'getVar', ('BBLAYERS',), {}]
563617 22:42:16.018817 Command Completed
563617 22:42:16.019023 Running command ['dataStoreConnectorVarHistCmd', 0, 'get_variable_items_files', ('BBFILE_COLLECTIONS',), {}]
563617 22:42:16.019165 Command Completed
563617 22:42:16.020735 Running command ['clientComplete']
563617 22:42:16.020818 Command Completed
563617 22:42:16.021293 Processing Client
563617 22:42:16.021326 Disconnecting Client
563617 22:42:16.021412 No timeout, exiting.
563617 22:42:16.124541 Exiting
563617 22:42:16.127288 Original lockfile contents: ['563617\n']
563617 22:42:16.127805 Exiting as we could obtain the lock
sys:1: ResourceWarning: unclosed file <_io.TextIOWrapper name='/home/vbharath/aesd_final_project/build/bitbake-cookerdaemon.log' mode='a+' encoding='UTF-8'>
563630 22:42:16.302349 --- Starting bitbake server pid 563630 at 2025-04-29 22:42:16.302331 ---
563630 22:42:16.303106 Started bitbake server pid 563630
563630 22:42:16.303224 Entering server connection loop
563630 22:42:16.303481 Accepting [<socket.socket fd=6, family=AddressFamily.AF_UNIX, type=SocketKind.SOCK_STREAM, proto=0, laddr=bitbake.sock>] ([])
563630 22:42:16.304212 Processing Client
563630 22:42:16.304242 Connecting Client
563630 22:42:16.304382 Running command ['setFeatures', [2, 1]]
563630 22:42:16.304462 Command Completed
563630 22:42:16.305131 Running command ['updateConfig', {'halt': True, 'force': False, 'invalidate_stamp': None, 'dry_run': False, 'dump_signatures': [], 'extra_assume_provided': [], 'profile': False, 'prefile': [], 'postfile': [], 'server_timeout': None, 'nosetscene': False, 'setsceneonly': False, 'skipsetscene': False, 'runall': None, 'runonly': None, 'writeeventlog': None, 'build_verbose_shell': False, 'build_verbose_stdout': False, 'default_loglevel': 20, 'debug_domains': {}}, {'SHELL': '/bin/bash', 'BB_ENV_PASSTHROUGH_ADDITIONS': 'ALL_PROXY BBPATH_EXTRA BB_LOGCONFIG BB_NO_NETWORK BB_NUMBER_THREADS BB_SETSCENE_ENFORCE BB_SRCREV_POLICY DISTRO FTPS_PROXY FTP_PROXY GIT_PROXY_COMMAND HTTPS_PROXY HTTP_PROXY MACHINE NO_PROXY PARALLEL_MAKE SCREENDIR SDKMACHINE SOCKS5_PASSWD SOCKS5_USER SSH_AGENT_PID SSH_AUTH_SOCK STAMPS_DIR TCLIBC TCMODE all_proxy ftp_proxy ftps_proxy http_proxy https_proxy no_proxy ', 'SSH_AUTH_SOCK': '/run/user/1000/keyring/ssh', 'PWD': '/home/vbharath/aesd_final_project/build', 'LOGNAME': 'vbharath', 'HOME': '/home/vbharath', 'BBPATH': '/home/vbharath/aesd_final_project/build', 'USER': 'vbharath', 'PATH': '/home/vbharath/aesd_final_project/poky/scripts:/home/vbharath/aesd_final_project/poky/bitbake/bin:/usr/local/sbin:/usr/local/bin:/usr/sbin:/usr/bin:/sbin:/bin:/usr/games:/usr/local/games:/snap/bin:/snap/bin', 'LC_ALL': 'en_US.UTF-8', 'SESSION_MANAGER': 'local/ubuntu:@/tmp/.ICE-unix/1868,unix/ubuntu:/tmp/.ICE-unix/1868', 'QT_ACCESSIBILITY': '1', 'COLORTERM': 'truecolor', 'XDG_CONFIG_DIRS': '/etc/xdg/xdg-ubuntu:/etc/xdg', 'SSH_AGENT_LAUNCHER': 'gnome-keyring', 'XDG_MENU_PREFIX': 'gnome-', 'GNOME_DESKTOP_SESSION_ID': 'this-is-deprecated', 'GNOME_SHELL_SESSION_MODE': 'ubuntu', 'XMODIFIERS': '@im=ibus', 'DESKTOP_SESSION': 'ubuntu', 'GTK_MODULES': 'gail:atk-bridge', 'DBUS_STARTER_BUS_TYPE': 'session', 'XDG_SESSION_DESKTOP': 'ubuntu', 'XDG_SESSION_TYPE': 'wayland', 'SYSTEMD_EXEC_PID': '1868', 'XAUTHORITY': '/run/user/1000/.mutter-Xwaylandauth.XP1D52', 'USERNAME': 'vbharath', 'IM_CONFIG_PHASE': '1', 'LANG': 'en_US.UTF-8', 'LS_COLORS': 'rs=0:di=01;34:ln=01;36:mh=00:pi=40;33:so=01;35:do=01;35:bd=40;33;01:cd=40;33;01:or=40;31;01:mi=00:su=37;41:sg=30;43:ca=30;41:tw=30;42:ow=34;42:st=37;44:ex=01;32:*.tar=01;31:*.tgz=01;31:*.arc=01;31:*.arj=01;31:*.taz=01;31:*.lha=01;31:*.lz4=01;31:*.lzh=01;31:*.lzma=01;31:*.tlz=01;31:*.txz=01;31:*.tzo=01;31:*.t7z=01;31:*.zip=01;31:*.z=01;31:*.dz=01;31:*.gz=01;31:*.lrz=01;31:*.lz=01;31:*.lzo=01;31:*.xz=01;31:*.zst=01;31:*.tzst=01;31:*.bz2=01;31:*.bz=01;31:*.tbz=01;31:*.tbz2=01;31:*.tz=01;31:*.deb=01;31:*.rpm=01;31:*.jar=01;31:*.war=01;31:*.ear=01;31:*.sar=01;31:*.rar=01;31:*.alz=01;31:*.ace=01;31:*.zoo=01;31:*.cpio=01;31:*.7z=01;31:*.rz=01;31:*.cab=01;31:*.wim=01;31:*.swm=01;31:*.dwm=01;31:*.esd=01;31:*.jpg=01;35:*.jpeg=01;35:*.mjpg=01;35:*.mjpeg=01;35:*.gif=01;35:*.bmp=01;35:*.pbm=01;35:*.pgm=01;35:*.ppm=01;35:*.tga=01;35:*.xbm=01;35:*.xpm=01;35:*.tif=01;35:*.tiff=01;35:*.png=01;35:*.svg=01;35:*.svgz=01;35:*.mng=01;35:*.pcx=01;35:*.mov=01;35:*.mpg=01;35:*.mpeg=01;35:*.m2v=01;35:*.mkv=01;35:*.webm=01;35:*.webp=01;35:*.ogm=01;35:*.mp4=01;35:*.m4v=01;35:*.mp4v=01;35:*.vob=01;35:*.qt=01;35:*.nuv=01;35:*.wmv=01;35:*.asf=01;35:*.rm=01;35:*.rmvb=01;35:*.flc=01;35:*.avi=01;35:*.fli=01;35:*.flv=01;35:*.gl=01;35:*.dl=01;35:*.xcf=01;35:*.xwd=01;35:*.yuv=01;35:*.cgm=01;35:*.emf=01;35:*.ogv=01;35:*.ogx=01;35:*.aac=00;36:*.au=00;36:*.flac=00;36:*.m4a=00;36:*.mid=00;36:*.midi=00;36:*.mka=00;36:*.mp3=00;36:*.mpc=00;36:*.ogg=00;36:*.ra=00;36:*.wav=00;36:*.oga=00;36:*.opus=00;36:*.spx=00;36:*.xspf=00;36:', 'XDG_CURRENT_DESKTOP': 'ubuntu:GNOME', 'VTE_VERSION': '6800', 'WAYLAND_DISPLAY': 'wayland-0', 'GNOME_TERMINAL_SCREEN': '/org/gnome/Terminal/screen/b9f111c6_1614_4566_a43d_02029e2771b3', 'GNOME_SETUP_DISPLAY': ':1', 'LESSCLOSE': '/usr/bin/lesspipe %s %s', 'XDG_SESSION_CLASS': 'user', 'PYTHONPATH': '/home/vbharath/aesd_final_project/poky/bitbake/lib:/home/vbharath/aesd_final_project/poky/bitbake/lib:', 'TERM': 'xterm-256color', 'LESSOPEN': '| /usr/bin/lesspipe %s', 'GNOME_TERMINAL_SERVICE': ':1.110', 'DISPLAY': ':0', 'SHLVL': '2', 'QT_IM_MODULE': 'ibus', 'DBUS_STARTER_ADDRESS': 'unix:path=/run/user/1000/bus,guid=93d3290e7b812fe3c4b33f80680d88c5', 'XDG_RUNTIME_DIR': '/run/user/1000', 'XDG_DATA_DIRS': '/usr/share/ubuntu:/usr/local/share/:/usr/share/:/var/lib/snapd/desktop', 'GDMSESSION': 'ubuntu', 'DBUS_SESSION_BUS_ADDRESS': 'unix:path=/run/user/1000/bus,guid=93d3290e7b812fe3c4b33f80680d88c5', 'BUILDDIR': '/home/vbharath/aesd_final_project/build', 'OLDPWD': '/home/vbharath/aesd_final_project', '_': '/home/vbharath/aesd_final_project/poky/bitbake/bin/bitbake-layers'}, ['/home/vbharath/aesd_final_project/poky/bitbake/bin/bitbake-layers', 'add-layer', '../meta-openembedded/meta-networking']]
563630 22:42:16.522766 Command Completed
563630 22:42:16.523127 Running command ['parseConfiguration']
563630 22:42:16.524642 Command Completed
563630 22:42:16.524840 Running command ['dataStoreConnectorCmd', 0, 'getVar', ('BBMULTICONFIG',), {}]
563630 22:42:16.524988 Command Completed
563630 22:42:16.525266 Running command ['dataStoreConnectorCmd', 0, 'getVar', ('BBPATH',), {}]
563630 22:42:16.525407 Command Completed
563630 22:42:16.529656 Running command ['dataStoreConnectorCmd', 0, 'getVar', ('BBLAYERS',), {}]
563630 22:42:16.529805 Command Completed
563630 22:42:16.529959 Running command ['dataStoreConnectorVarHistCmd', 0, 'get_variable_items_files', ('BBFILE_COLLECTIONS',), {}]
563630 22:42:16.530109 Command Completed
563630 22:42:16.530935 Running command ['dataStoreConnectorCmd', 0, 'getVar', ('BBLAYERS',), {}]
563630 22:42:16.531067 Command Completed
563630 22:42:16.531210 Running command ['dataStoreConnectorVarHistCmd', 0, 'get_variable_items_files', ('BBFILE_COLLECTIONS',), {}]
563630 22:42:16.531414 Command Completed
563630 22:42:16.532694 Running command ['dataStoreConnectorCmd', 0, 'getVar', ('BBLAYERS',), {}]
563630 22:42:16.532831 Command Completed
563630 22:42:16.532955 Running command ['dataStoreConnectorVarHistCmd', 0, 'get_variable_items_files', ('BBFILE_COLLECTIONS',), {}]
563630 22:42:16.533066 Command Completed
563630 22:42:16.533946 Running command ['dataStoreConnectorCmd', 0, 'getVar', ('BBLAYERS',), {}]
563630 22:42:16.534071 Command Completed
563630 22:42:16.534269 Running command ['dataStoreConnectorVarHistCmd', 0, 'get_variable_items_files', ('BBFILE_COLLECTIONS',), {}]
563630 22:42:16.534396 Command Completed
563630 22:42:16.535734 Running command ['clientComplete']
563630 22:42:16.535775 Command Completed
563630 22:42:16.536139 Processing Client
563630 22:42:16.536172 Disconnecting Client
563630 22:42:16.536261 No timeout, exiting.
563630 22:42:16.667034 Exiting
563630 22:42:16.669737 Original lockfile contents: ['563630\n']
563630 22:42:16.670051 Exiting as we could obtain the lock
sys:1: ResourceWarning: unclosed file <_io.TextIOWrapper name='/home/vbharath/aesd_final_project/build/bitbake-cookerdaemon.log' mode='a+' encoding='UTF-8'>
563643 22:42:16.867102 --- Starting bitbake server pid 563643 at 2025-04-29 22:42:16.867084 ---
563643 22:42:16.867778 Started bitbake server pid 563643
563643 22:42:16.867904 Entering server connection loop
563643 22:42:16.868246 Accepting [<socket.socket fd=6, family=AddressFamily.AF_UNIX, type=SocketKind.SOCK_STREAM, proto=0, laddr=bitbake.sock>] ([])
563643 22:42:16.868969 Processing Client
563643 22:42:16.869006 Connecting Client
563643 22:42:16.869154 Running command ['setFeatures', [2, 1]]
563643 22:42:16.869240 Command Completed
563643 22:42:16.869919 Running command ['updateConfig', {'halt': True, 'force': False, 'invalidate_stamp': None, 'dry_run': False, 'dump_signatures': [], 'extra_assume_provided': [], 'profile': False, 'prefile': [], 'postfile': [], 'server_timeout': None, 'nosetscene': False, 'setsceneonly': False, 'skipsetscene': False, 'runall': None, 'runonly': None, 'writeeventlog': None, 'build_verbose_shell': False, 'build_verbose_stdout': False, 'default_loglevel': 20, 'debug_domains': {}}, {'SHELL': '/bin/bash', 'BB_ENV_PASSTHROUGH_ADDITIONS': 'ALL_PROXY BBPATH_EXTRA BB_LOGCONFIG BB_NO_NETWORK BB_NUMBER_THREADS BB_SETSCENE_ENFORCE BB_SRCREV_POLICY DISTRO FTPS_PROXY FTP_PROXY GIT_PROXY_COMMAND HTTPS_PROXY HTTP_PROXY MACHINE NO_PROXY PARALLEL_MAKE SCREENDIR SDKMACHINE SOCKS5_PASSWD SOCKS5_USER SSH_AGENT_PID SSH_AUTH_SOCK STAMPS_DIR TCLIBC TCMODE all_proxy ftp_proxy ftps_proxy http_proxy https_proxy no_proxy ', 'SSH_AUTH_SOCK': '/run/user/1000/keyring/ssh', 'PWD': '/home/vbharath/aesd_final_project/build', 'LOGNAME': 'vbharath', 'HOME': '/home/vbharath', 'BBPATH': '/home/vbharath/aesd_final_project/build', 'USER': 'vbharath', 'PATH': '/home/vbharath/aesd_final_project/poky/scripts:/home/vbharath/aesd_final_project/poky/bitbake/bin:/usr/local/sbin:/usr/local/bin:/usr/sbin:/usr/bin:/sbin:/bin:/usr/games:/usr/local/games:/snap/bin:/snap/bin', 'LC_ALL': 'en_US.UTF-8', 'SESSION_MANAGER': 'local/ubuntu:@/tmp/.ICE-unix/1868,unix/ubuntu:/tmp/.ICE-unix/1868', 'QT_ACCESSIBILITY': '1', 'COLORTERM': 'truecolor', 'XDG_CONFIG_DIRS': '/etc/xdg/xdg-ubuntu:/etc/xdg', 'SSH_AGENT_LAUNCHER': 'gnome-keyring', 'XDG_MENU_PREFIX': 'gnome-', 'GNOME_DESKTOP_SESSION_ID': 'this-is-deprecated', 'GNOME_SHELL_SESSION_MODE': 'ubuntu', 'XMODIFIERS': '@im=ibus', 'DESKTOP_SESSION': 'ubuntu', 'GTK_MODULES': 'gail:atk-bridge', 'DBUS_STARTER_BUS_TYPE': 'session', 'XDG_SESSION_DESKTOP': 'ubuntu', 'XDG_SESSION_TYPE': 'wayland', 'SYSTEMD_EXEC_PID': '1868', 'XAUTHORITY': '/run/user/1000/.mutter-Xwaylandauth.XP1D52', 'USERNAME': 'vbharath', 'IM_CONFIG_PHASE': '1', 'LANG': 'en_US.UTF-8', 'LS_COLORS': 'rs=0:di=01;34:ln=01;36:mh=00:pi=40;33:so=01;35:do=01;35:bd=40;33;01:cd=40;33;01:or=40;31;01:mi=00:su=37;41:sg=30;43:ca=30;41:tw=30;42:ow=34;42:st=37;44:ex=01;32:*.tar=01;31:*.tgz=01;31:*.arc=01;31:*.arj=01;31:*.taz=01;31:*.lha=01;31:*.lz4=01;31:*.lzh=01;31:*.lzma=01;31:*.tlz=01;31:*.txz=01;31:*.tzo=01;31:*.t7z=01;31:*.zip=01;31:*.z=01;31:*.dz=01;31:*.gz=01;31:*.lrz=01;31:*.lz=01;31:*.lzo=01;31:*.xz=01;31:*.zst=01;31:*.tzst=01;31:*.bz2=01;31:*.bz=01;31:*.tbz=01;31:*.tbz2=01;31:*.tz=01;31:*.deb=01;31:*.rpm=01;31:*.jar=01;31:*.war=01;31:*.ear=01;31:*.sar=01;31:*.rar=01;31:*.alz=01;31:*.ace=01;31:*.zoo=01;31:*.cpio=01;31:*.7z=01;31:*.rz=01;31:*.cab=01;31:*.wim=01;31:*.swm=01;31:*.dwm=01;31:*.esd=01;31:*.jpg=01;35:*.jpeg=01;35:*.mjpg=01;35:*.mjpeg=01;35:*.gif=01;35:*.bmp=01;35:*.pbm=01;35:*.pgm=01;35:*.ppm=01;35:*.tga=01;35:*.xbm=01;35:*.xpm=01;35:*.tif=01;35:*.tiff=01;35:*.png=01;35:*.svg=01;35:*.svgz=01;35:*.mng=01;35:*.pcx=01;35:*.mov=01;35:*.mpg=01;35:*.mpeg=01;35:*.m2v=01;35:*.mkv=01;35:*.webm=01;35:*.webp=01;35:*.ogm=01;35:*.mp4=01;35:*.m4v=01;35:*.mp4v=01;35:*.vob=01;35:*.qt=01;35:*.nuv=01;35:*.wmv=01;35:*.asf=01;35:*.rm=01;35:*.rmvb=01;35:*.flc=01;35:*.avi=01;35:*.fli=01;35:*.flv=01;35:*.gl=01;35:*.dl=01;35:*.xcf=01;35:*.xwd=01;35:*.yuv=01;35:*.cgm=01;35:*.emf=01;35:*.ogv=01;35:*.ogx=01;35:*.aac=00;36:*.au=00;36:*.flac=00;36:*.m4a=00;36:*.mid=00;36:*.midi=00;36:*.mka=00;36:*.mp3=00;36:*.mpc=00;36:*.ogg=00;36:*.ra=00;36:*.wav=00;36:*.oga=00;36:*.opus=00;36:*.spx=00;36:*.xspf=00;36:', 'XDG_CURRENT_DESKTOP': 'ubuntu:GNOME', 'VTE_VERSION': '6800', 'WAYLAND_DISPLAY': 'wayland-0', 'GNOME_TERMINAL_SCREEN': '/org/gnome/Terminal/screen/b9f111c6_1614_4566_a43d_02029e2771b3', 'GNOME_SETUP_DISPLAY': ':1', 'LESSCLOSE': '/usr/bin/lesspipe %s %s', 'XDG_SESSION_CLASS': 'user', 'PYTHONPATH': '/home/vbharath/aesd_final_project/poky/bitbake/lib:/home/vbharath/aesd_final_project/poky/bitbake/lib:', 'TERM': 'xterm-256color', 'LESSOPEN': '| /usr/bin/lesspipe %s', 'GNOME_TERMINAL_SERVICE': ':1.110', 'DISPLAY': ':0', 'SHLVL': '2', 'QT_IM_MODULE': 'ibus', 'DBUS_STARTER_ADDRESS': 'unix:path=/run/user/1000/bus,guid=93d3290e7b812fe3c4b33f80680d88c5', 'XDG_RUNTIME_DIR': '/run/user/1000', 'XDG_DATA_DIRS': '/usr/share/ubuntu:/usr/local/share/:/usr/share/:/var/lib/snapd/desktop', 'GDMSESSION': 'ubuntu', 'DBUS_SESSION_BUS_ADDRESS': 'unix:path=/run/user/1000/bus,guid=93d3290e7b812fe3c4b33f80680d88c5', 'BUILDDIR': '/home/vbharath/aesd_final_project/build', 'OLDPWD': '/home/vbharath/aesd_final_project', '_': '/home/vbharath/aesd_final_project/poky/bitbake/bin/bitbake-layers'}, ['/home/vbharath/aesd_final_project/poky/bitbake/bin/bitbake-layers', 'add-layer', '../meta-openembedded/meta-multimedia']]
563643 22:42:17.130981 Command Completed
563643 22:42:17.131425 Running command ['parseConfiguration']
563643 22:42:17.133138 Command Completed
563643 22:42:17.133607 Running command ['dataStoreConnectorCmd', 0, 'getVar', ('BBMULTICONFIG',), {}]
563643 22:42:17.133806 Command Completed
563643 22:42:17.134143 Running command ['dataStoreConnectorCmd', 0, 'getVar', ('BBPATH',), {}]
563643 22:42:17.134347 Command Completed
563643 22:42:17.138279 Running command ['dataStoreConnectorCmd', 0, 'getVar', ('BBLAYERS',), {}]
563643 22:42:17.138427 Command Completed
563643 22:42:17.138711 Running command ['dataStoreConnectorVarHistCmd', 0, 'get_variable_items_files', ('BBFILE_COLLECTIONS',), {}]
563643 22:42:17.138909 Command Completed
563643 22:42:17.140276 Running command ['dataStoreConnectorCmd', 0, 'getVar', ('BBLAYERS',), {}]
563643 22:42:17.140744 Command Completed
563643 22:42:17.140849 Running command ['dataStoreConnectorVarHistCmd', 0, 'get_variable_items_files', ('BBFILE_COLLECTIONS',), {}]
563643 22:42:17.140972 Command Completed
563643 22:42:17.141708 Running command ['dataStoreConnectorCmd', 0, 'getVar', ('BBLAYERS',), {}]
563643 22:42:17.141837 Command Completed
563643 22:42:17.142057 Running command ['dataStoreConnectorVarHistCmd', 0, 'get_variable_items_files', ('BBFILE_COLLECTIONS',), {}]
563643 22:42:17.142206 Command Completed
563643 22:42:17.143522 Running command ['dataStoreConnectorCmd', 0, 'getVar', ('BBLAYERS',), {}]
563643 22:42:17.143771 Command Completed
563643 22:42:17.143963 Running command ['dataStoreConnectorVarHistCmd', 0, 'get_variable_items_files', ('BBFILE_COLLECTIONS',), {}]
563643 22:42:17.144086 Command Completed
563643 22:42:17.145717 Running command ['clientComplete']
563643 22:42:17.145799 Command Completed
563643 22:42:17.146194 Processing Client
563643 22:42:17.146229 Disconnecting Client
563643 22:42:17.146412 No timeout, exiting.
563643 22:42:17.275896 Exiting
563643 22:42:17.278865 Original lockfile contents: ['563643\n']
563643 22:42:17.279915 Exiting as we could obtain the lock
sys:1: ResourceWarning: unclosed file <_io.TextIOWrapper name='/home/vbharath/aesd_final_project/build/bitbake-cookerdaemon.log' mode='a+' encoding='UTF-8'>
563656 22:42:17.479948 --- Starting bitbake server pid 563656 at 2025-04-29 22:42:17.479935 ---
563656 22:42:17.480590 Started bitbake server pid 563656
563656 22:42:17.480780 Entering server connection loop
563656 22:42:17.481219 Accepting [<socket.socket fd=6, family=AddressFamily.AF_UNIX, type=SocketKind.SOCK_STREAM, proto=0, laddr=bitbake.sock>] ([])
563656 22:42:17.481879 Processing Client
563656 22:42:17.481914 Connecting Client
563656 22:42:17.482057 Running command ['setFeatures', [2, 1]]
563656 22:42:17.482212 Command Completed
563656 22:42:17.483165 Running command ['updateConfig', {'halt': True, 'force': False, 'invalidate_stamp': None, 'dry_run': False, 'dump_signatures': [], 'extra_assume_provided': [], 'profile': False, 'prefile': [], 'postfile': [], 'server_timeout': None, 'nosetscene': False, 'setsceneonly': False, 'skipsetscene': False, 'runall': None, 'runonly': None, 'writeeventlog': None, 'build_verbose_shell': False, 'build_verbose_stdout': False, 'default_loglevel': 20, 'debug_domains': {}}, {'SHELL': '/bin/bash', 'BB_ENV_PASSTHROUGH_ADDITIONS': 'ALL_PROXY BBPATH_EXTRA BB_LOGCONFIG BB_NO_NETWORK BB_NUMBER_THREADS BB_SETSCENE_ENFORCE BB_SRCREV_POLICY DISTRO FTPS_PROXY FTP_PROXY GIT_PROXY_COMMAND HTTPS_PROXY HTTP_PROXY MACHINE NO_PROXY PARALLEL_MAKE SCREENDIR SDKMACHINE SOCKS5_PASSWD SOCKS5_USER SSH_AGENT_PID SSH_AUTH_SOCK STAMPS_DIR TCLIBC TCMODE all_proxy ftp_proxy ftps_proxy http_proxy https_proxy no_proxy ', 'SSH_AUTH_SOCK': '/run/user/1000/keyring/ssh', 'PWD': '/home/vbharath/aesd_final_project/build', 'LOGNAME': 'vbharath', 'HOME': '/home/vbharath', 'BBPATH': '/home/vbharath/aesd_final_project/build', 'USER': 'vbharath', 'PATH': '/home/vbharath/aesd_final_project/poky/scripts:/home/vbharath/aesd_final_project/poky/bitbake/bin:/usr/local/sbin:/usr/local/bin:/usr/sbin:/usr/bin:/sbin:/bin:/usr/games:/usr/local/games:/snap/bin:/snap/bin', 'LC_ALL': 'en_US.UTF-8', 'SESSION_MANAGER': 'local/ubuntu:@/tmp/.ICE-unix/1868,unix/ubuntu:/tmp/.ICE-unix/1868', 'QT_ACCESSIBILITY': '1', 'COLORTERM': 'truecolor', 'XDG_CONFIG_DIRS': '/etc/xdg/xdg-ubuntu:/etc/xdg', 'SSH_AGENT_LAUNCHER': 'gnome-keyring', 'XDG_MENU_PREFIX': 'gnome-', 'GNOME_DESKTOP_SESSION_ID': 'this-is-deprecated', 'GNOME_SHELL_SESSION_MODE': 'ubuntu', 'XMODIFIERS': '@im=ibus', 'DESKTOP_SESSION': 'ubuntu', 'GTK_MODULES': 'gail:atk-bridge', 'DBUS_STARTER_BUS_TYPE': 'session', 'XDG_SESSION_DESKTOP': 'ubuntu', 'XDG_SESSION_TYPE': 'wayland', 'SYSTEMD_EXEC_PID': '1868', 'XAUTHORITY': '/run/user/1000/.mutter-Xwaylandauth.XP1D52', 'USERNAME': 'vbharath', 'IM_CONFIG_PHASE': '1', 'LANG': 'en_US.UTF-8', 'LS_COLORS': 'rs=0:di=01;34:ln=01;36:mh=00:pi=40;33:so=01;35:do=01;35:bd=40;33;01:cd=40;33;01:or=40;31;01:mi=00:su=37;41:sg=30;43:ca=30;41:tw=30;42:ow=34;42:st=37;44:ex=01;32:*.tar=01;31:*.tgz=01;31:*.arc=01;31:*.arj=01;31:*.taz=01;31:*.lha=01;31:*.lz4=01;31:*.lzh=01;31:*.lzma=01;31:*.tlz=01;31:*.txz=01;31:*.tzo=01;31:*.t7z=01;31:*.zip=01;31:*.z=01;31:*.dz=01;31:*.gz=01;31:*.lrz=01;31:*.lz=01;31:*.lzo=01;31:*.xz=01;31:*.zst=01;31:*.tzst=01;31:*.bz2=01;31:*.bz=01;31:*.tbz=01;31:*.tbz2=01;31:*.tz=01;31:*.deb=01;31:*.rpm=01;31:*.jar=01;31:*.war=01;31:*.ear=01;31:*.sar=01;31:*.rar=01;31:*.alz=01;31:*.ace=01;31:*.zoo=01;31:*.cpio=01;31:*.7z=01;31:*.rz=01;31:*.cab=01;31:*.wim=01;31:*.swm=01;31:*.dwm=01;31:*.esd=01;31:*.jpg=01;35:*.jpeg=01;35:*.mjpg=01;35:*.mjpeg=01;35:*.gif=01;35:*.bmp=01;35:*.pbm=01;35:*.pgm=01;35:*.ppm=01;35:*.tga=01;35:*.xbm=01;35:*.xpm=01;35:*.tif=01;35:*.tiff=01;35:*.png=01;35:*.svg=01;35:*.svgz=01;35:*.mng=01;35:*.pcx=01;35:*.mov=01;35:*.mpg=01;35:*.mpeg=01;35:*.m2v=01;35:*.mkv=01;35:*.webm=01;35:*.webp=01;35:*.ogm=01;35:*.mp4=01;35:*.m4v=01;35:*.mp4v=01;35:*.vob=01;35:*.qt=01;35:*.nuv=01;35:*.wmv=01;35:*.asf=01;35:*.rm=01;35:*.rmvb=01;35:*.flc=01;35:*.avi=01;35:*.fli=01;35:*.flv=01;35:*.gl=01;35:*.dl=01;35:*.xcf=01;35:*.xwd=01;35:*.yuv=01;35:*.cgm=01;35:*.emf=01;35:*.ogv=01;35:*.ogx=01;35:*.aac=00;36:*.au=00;36:*.flac=00;36:*.m4a=00;36:*.mid=00;36:*.midi=00;36:*.mka=00;36:*.mp3=00;36:*.mpc=00;36:*.ogg=00;36:*.ra=00;36:*.wav=00;36:*.oga=00;36:*.opus=00;36:*.spx=00;36:*.xspf=00;36:', 'XDG_CURRENT_DESKTOP': 'ubuntu:GNOME', 'VTE_VERSION': '6800', 'WAYLAND_DISPLAY': 'wayland-0', 'GNOME_TERMINAL_SCREEN': '/org/gnome/Terminal/screen/b9f111c6_1614_4566_a43d_02029e2771b3', 'GNOME_SETUP_DISPLAY': ':1', 'LESSCLOSE': '/usr/bin/lesspipe %s %s', 'XDG_SESSION_CLASS': 'user', 'PYTHONPATH': '/home/vbharath/aesd_final_project/poky/bitbake/lib:/home/vbharath/aesd_final_project/poky/bitbake/lib:', 'TERM': 'xterm-256color', 'LESSOPEN': '| /usr/bin/lesspipe %s', 'GNOME_TERMINAL_SERVICE': ':1.110', 'DISPLAY': ':0', 'SHLVL': '2', 'QT_IM_MODULE': 'ibus', 'DBUS_STARTER_ADDRESS': 'unix:path=/run/user/1000/bus,guid=93d3290e7b812fe3c4b33f80680d88c5', 'XDG_RUNTIME_DIR': '/run/user/1000', 'XDG_DATA_DIRS': '/usr/share/ubuntu:/usr/local/share/:/usr/share/:/var/lib/snapd/desktop', 'GDMSESSION': 'ubuntu', 'DBUS_SESSION_BUS_ADDRESS': 'unix:path=/run/user/1000/bus,guid=93d3290e7b812fe3c4b33f80680d88c5', 'BUILDDIR': '/home/vbharath/aesd_final_project/build', 'OLDPWD': '/home/vbharath/aesd_final_project', '_': '/home/vbharath/aesd_final_project/poky/bitbake/bin/bitbake-layers'}, ['/home/vbharath/aesd_final_project/poky/bitbake/bin/bitbake-layers', 'add-layer', '../meta-tegra']]
563656 22:42:17.723621 Command Completed
563656 22:42:17.723996 Running command ['parseConfiguration']
563656 22:42:17.725459 Command Completed
563656 22:42:17.725661 Running command ['dataStoreConnectorCmd', 0, 'getVar', ('BBMULTICONFIG',), {}]
563656 22:42:17.725801 Command Completed
563656 22:42:17.725968 Running command ['dataStoreConnectorCmd', 0, 'getVar', ('BBPATH',), {}]
563656 22:42:17.726099 Command Completed
563656 22:42:17.729510 Running command ['dataStoreConnectorCmd', 0, 'getVar', ('BBLAYERS',), {}]
563656 22:42:17.729650 Command Completed
563656 22:42:17.729825 Running command ['dataStoreConnectorVarHistCmd', 0, 'get_variable_items_files', ('BBFILE_COLLECTIONS',), {}]
563656 22:42:17.729992 Command Completed
563656 22:42:17.730741 Running command ['dataStoreConnectorCmd', 0, 'getVar', ('BBLAYERS',), {}]
563656 22:42:17.730888 Command Completed
563656 22:42:17.731015 Running command ['dataStoreConnectorVarHistCmd', 0, 'get_variable_items_files', ('BBFILE_COLLECTIONS',), {}]
563656 22:42:17.731204 Command Completed
563656 22:42:17.731837 Running command ['dataStoreConnectorCmd', 0, 'getVar', ('BBLAYERS',), {}]
563656 22:42:17.731963 Command Completed
563656 22:42:17.732088 Running command ['dataStoreConnectorVarHistCmd', 0, 'get_variable_items_files', ('BBFILE_COLLECTIONS',), {}]
563656 22:42:17.732202 Command Completed
563656 22:42:17.733170 Running command ['dataStoreConnectorCmd', 0, 'getVar', ('BBLAYERS',), {}]
563656 22:42:17.733291 Command Completed
563656 22:42:17.733415 Running command ['dataStoreConnectorVarHistCmd', 0, 'get_variable_items_files', ('BBFILE_COLLECTIONS',), {}]
563656 22:42:17.733522 Command Completed
563656 22:42:17.734688 Running command ['clientComplete']
563656 22:42:17.734766 Command Completed
563656 22:42:17.735152 Processing Client
563656 22:42:17.735187 Disconnecting Client
563656 22:42:17.735278 No timeout, exiting.
563656 22:42:17.876137 Exiting
563656 22:42:17.879116 Original lockfile contents: ['563656\n']
563656 22:42:17.879227 Exiting as we could obtain the lock
sys:1: ResourceWarning: unclosed file <_io.TextIOWrapper name='/home/vbharath/aesd_final_project/build/bitbake-cookerdaemon.log' mode='a+' encoding='UTF-8'>
563670 22:42:18.025093 --- Starting bitbake server pid 563670 at 2025-04-29 22:42:18.025078 ---
563670 22:42:18.025643 Started bitbake server pid 563670
563670 22:42:18.025848 Entering server connection loop
563670 22:42:18.026071 Accepting [<socket.socket fd=6, family=AddressFamily.AF_UNIX, type=SocketKind.SOCK_STREAM, proto=0, laddr=bitbake.sock>] ([])
563670 22:42:18.027761 Processing Client
563670 22:42:18.027799 Connecting Client
563670 22:42:18.027938 Running command ['setFeatures', [2, 1]]
563670 22:42:18.028025 Command Completed
563670 22:42:18.028667 Running command ['updateConfig', {'halt': True, 'force': False, 'invalidate_stamp': None, 'dry_run': False, 'dump_signatures': [], 'extra_assume_provided': [], 'profile': False, 'prefile': [], 'postfile': [], 'server_timeout': None, 'nosetscene': False, 'setsceneonly': False, 'skipsetscene': False, 'runall': None, 'runonly': None, 'writeeventlog': None, 'build_verbose_shell': False, 'build_verbose_stdout': False, 'default_loglevel': 20, 'debug_domains': {}}, {'SHELL': '/bin/bash', 'BB_ENV_PASSTHROUGH_ADDITIONS': 'ALL_PROXY BBPATH_EXTRA BB_LOGCONFIG BB_NO_NETWORK BB_NUMBER_THREADS BB_SETSCENE_ENFORCE BB_SRCREV_POLICY DISTRO FTPS_PROXY FTP_PROXY GIT_PROXY_COMMAND HTTPS_PROXY HTTP_PROXY MACHINE NO_PROXY PARALLEL_MAKE SCREENDIR SDKMACHINE SOCKS5_PASSWD SOCKS5_USER SSH_AGENT_PID SSH_AUTH_SOCK STAMPS_DIR TCLIBC TCMODE all_proxy ftp_proxy ftps_proxy http_proxy https_proxy no_proxy ', 'SSH_AUTH_SOCK': '/run/user/1000/keyring/ssh', 'PWD': '/home/vbharath/aesd_final_project/build', 'LOGNAME': 'vbharath', 'HOME': '/home/vbharath', 'BBPATH': '/home/vbharath/aesd_final_project/build', 'USER': 'vbharath', 'PATH': '/home/vbharath/aesd_final_project/poky/scripts:/home/vbharath/aesd_final_project/poky/bitbake/bin:/usr/local/sbin:/usr/local/bin:/usr/sbin:/usr/bin:/sbin:/bin:/usr/games:/usr/local/games:/snap/bin:/snap/bin', 'LC_ALL': 'en_US.UTF-8', 'SESSION_MANAGER': 'local/ubuntu:@/tmp/.ICE-unix/1868,unix/ubuntu:/tmp/.ICE-unix/1868', 'QT_ACCESSIBILITY': '1', 'COLORTERM': 'truecolor', 'XDG_CONFIG_DIRS': '/etc/xdg/xdg-ubuntu:/etc/xdg', 'SSH_AGENT_LAUNCHER': 'gnome-keyring', 'XDG_MENU_PREFIX': 'gnome-', 'GNOME_DESKTOP_SESSION_ID': 'this-is-deprecated', 'GNOME_SHELL_SESSION_MODE': 'ubuntu', 'XMODIFIERS': '@im=ibus', 'DESKTOP_SESSION': 'ubuntu', 'GTK_MODULES': 'gail:atk-bridge', 'DBUS_STARTER_BUS_TYPE': 'session', 'XDG_SESSION_DESKTOP': 'ubuntu', 'XDG_SESSION_TYPE': 'wayland', 'SYSTEMD_EXEC_PID': '1868', 'XAUTHORITY': '/run/user/1000/.mutter-Xwaylandauth.XP1D52', 'USERNAME': 'vbharath', 'IM_CONFIG_PHASE': '1', 'LANG': 'en_US.UTF-8', 'LS_COLORS': 'rs=0:di=01;34:ln=01;36:mh=00:pi=40;33:so=01;35:do=01;35:bd=40;33;01:cd=40;33;01:or=40;31;01:mi=00:su=37;41:sg=30;43:ca=30;41:tw=30;42:ow=34;42:st=37;44:ex=01;32:*.tar=01;31:*.tgz=01;31:*.arc=01;31:*.arj=01;31:*.taz=01;31:*.lha=01;31:*.lz4=01;31:*.lzh=01;31:*.lzma=01;31:*.tlz=01;31:*.txz=01;31:*.tzo=01;31:*.t7z=01;31:*.zip=01;31:*.z=01;31:*.dz=01;31:*.gz=01;31:*.lrz=01;31:*.lz=01;31:*.lzo=01;31:*.xz=01;31:*.zst=01;31:*.tzst=01;31:*.bz2=01;31:*.bz=01;31:*.tbz=01;31:*.tbz2=01;31:*.tz=01;31:*.deb=01;31:*.rpm=01;31:*.jar=01;31:*.war=01;31:*.ear=01;31:*.sar=01;31:*.rar=01;31:*.alz=01;31:*.ace=01;31:*.zoo=01;31:*.cpio=01;31:*.7z=01;31:*.rz=01;31:*.cab=01;31:*.wim=01;31:*.swm=01;31:*.dwm=01;31:*.esd=01;31:*.jpg=01;35:*.jpeg=01;35:*.mjpg=01;35:*.mjpeg=01;35:*.gif=01;35:*.bmp=01;35:*.pbm=01;35:*.pgm=01;35:*.ppm=01;35:*.tga=01;35:*.xbm=01;35:*.xpm=01;35:*.tif=01;35:*.tiff=01;35:*.png=01;35:*.svg=01;35:*.svgz=01;35:*.mng=01;35:*.pcx=01;35:*.mov=01;35:*.mpg=01;35:*.mpeg=01;35:*.m2v=01;35:*.mkv=01;35:*.webm=01;35:*.webp=01;35:*.ogm=01;35:*.mp4=01;35:*.m4v=01;35:*.mp4v=01;35:*.vob=01;35:*.qt=01;35:*.nuv=01;35:*.wmv=01;35:*.asf=01;35:*.rm=01;35:*.rmvb=01;35:*.flc=01;35:*.avi=01;35:*.fli=01;35:*.flv=01;35:*.gl=01;35:*.dl=01;35:*.xcf=01;35:*.xwd=01;35:*.yuv=01;35:*.cgm=01;35:*.emf=01;35:*.ogv=01;35:*.ogx=01;35:*.aac=00;36:*.au=00;36:*.flac=00;36:*.m4a=00;36:*.mid=00;36:*.midi=00;36:*.mka=00;36:*.mp3=00;36:*.mpc=00;36:*.ogg=00;36:*.ra=00;36:*.wav=00;36:*.oga=00;36:*.opus=00;36:*.spx=00;36:*.xspf=00;36:', 'XDG_CURRENT_DESKTOP': 'ubuntu:GNOME', 'VTE_VERSION': '6800', 'WAYLAND_DISPLAY': 'wayland-0', 'GNOME_TERMINAL_SCREEN': '/org/gnome/Terminal/screen/b9f111c6_1614_4566_a43d_02029e2771b3', 'GNOME_SETUP_DISPLAY': ':1', 'LESSCLOSE': '/usr/bin/lesspipe %s %s', 'XDG_SESSION_CLASS': 'user', 'PYTHONPATH': '/home/vbharath/aesd_final_project/poky/bitbake/lib:/home/vbharath/aesd_final_project/poky/bitbake/lib:', 'TERM': 'xterm-256color', 'LESSOPEN': '| /usr/bin/lesspipe %s', 'GNOME_TERMINAL_SERVICE': ':1.110', 'DISPLAY': ':0', 'SHLVL': '2', 'QT_IM_MODULE': 'ibus', 'DBUS_STARTER_ADDRESS': 'unix:path=/run/user/1000/bus,guid=93d3290e7b812fe3c4b33f80680d88c5', 'XDG_RUNTIME_DIR': '/run/user/1000', 'XDG_DATA_DIRS': '/usr/share/ubuntu:/usr/local/share/:/usr/share/:/var/lib/snapd/desktop', 'GDMSESSION': 'ubuntu', 'DBUS_SESSION_BUS_ADDRESS': 'unix:path=/run/user/1000/bus,guid=93d3290e7b812fe3c4b33f80680d88c5', 'BUILDDIR': '/home/vbharath/aesd_final_project/build', 'OLDPWD': '/home/vbharath/aesd_final_project', '_': '/home/vbharath/aesd_final_project/poky/bitbake/bin/bitbake-layers'}, ['/home/vbharath/aesd_final_project/poky/bitbake/bin/bitbake-layers', 'add-layer', '../meta-openembedded/meta-filesystems']]
563670 22:42:18.265258 Command Completed
563670 22:42:18.265772 Running command ['parseConfiguration']
563670 22:42:18.267368 Command Completed
563670 22:42:18.267969 Running command ['dataStoreConnectorCmd', 0, 'getVar', ('BBMULTICONFIG',), {}]
563670 22:42:18.268154 Command Completed
563670 22:42:18.268549 Running command ['dataStoreConnectorCmd', 0, 'getVar', ('BBPATH',), {}]
563670 22:42:18.268783 Command Completed
563670 22:42:18.272326 Running command ['dataStoreConnectorCmd', 0, 'getVar', ('BBLAYERS',), {}]
563670 22:42:18.272470 Command Completed
563670 22:42:18.272763 Running command ['dataStoreConnectorVarHistCmd', 0, 'get_variable_items_files', ('BBFILE_COLLECTIONS',), {}]
563670 22:42:18.272958 Command Completed
563670 22:42:18.273891 Running command ['dataStoreConnectorCmd', 0, 'getVar', ('BBLAYERS',), {}]
563670 22:42:18.274020 Command Completed
563670 22:42:18.274186 Running command ['dataStoreConnectorVarHistCmd', 0, 'get_variable_items_files', ('BBFILE_COLLECTIONS',), {}]
563670 22:42:18.274325 Command Completed
563670 22:42:18.274983 Running command ['dataStoreConnectorCmd', 0, 'getVar', ('BBLAYERS',), {}]
563670 22:42:18.275110 Command Completed
563670 22:42:18.275291 Running command ['dataStoreConnectorVarHistCmd', 0, 'get_variable_items_files', ('BBFILE_COLLECTIONS',), {}]
563670 22:42:18.275405 Command Completed
563670 22:42:18.276603 Running command ['dataStoreConnectorCmd', 0, 'getVar', ('BBLAYERS',), {}]
563670 22:42:18.276718 Command Completed
563670 22:42:18.277009 Running command ['dataStoreConnectorVarHistCmd', 0, 'get_variable_items_files', ('BBFILE_COLLECTIONS',), {}]
563670 22:42:18.277157 Command Completed
563670 22:42:18.278828 Running command ['clientComplete']
563670 22:42:18.278912 Command Completed
563670 22:42:18.279294 Processing Client
563670 22:42:18.279326 Disconnecting Client
563670 22:42:18.279417 No timeout, exiting.
563670 22:42:18.408093 Exiting
563670 22:42:18.411514 Original lockfile contents: ['563670\n']
563670 22:42:18.411650 Exiting as we could obtain the lock
sys:1: ResourceWarning: unclosed file <_io.TextIOWrapper name='/home/vbharath/aesd_final_project/build/bitbake-cookerdaemon.log' mode='a+' encoding='UTF-8'>
563683 22:42:18.567051 --- Starting bitbake server pid 563683 at 2025-04-29 22:42:18.567033 ---
563683 22:42:18.567699 Started bitbake server pid 563683
563683 22:42:18.567815 Entering server connection loop
563683 22:42:18.568378 Accepting [<socket.socket fd=6, family=AddressFamily.AF_UNIX, type=SocketKind.SOCK_STREAM, proto=0, laddr=bitbake.sock>] ([])
563683 22:42:18.569222 Processing Client
563683 22:42:18.569320 Connecting Client
563683 22:42:18.569472 Running command ['setFeatures', [2, 1]]
563683 22:42:18.569555 Command Completed
563683 22:42:18.571274 Running command ['updateConfig', {'halt': True, 'force': False, 'invalidate_stamp': None, 'dry_run': False, 'dump_signatures': [], 'extra_assume_provided': [], 'profile': False, 'prefile': [], 'postfile': [], 'server_timeout': None, 'nosetscene': False, 'setsceneonly': False, 'skipsetscene': False, 'runall': None, 'runonly': None, 'writeeventlog': None, 'build_verbose_shell': False, 'build_verbose_stdout': False, 'default_loglevel': 20, 'debug_domains': {}}, {'SHELL': '/bin/bash', 'BB_ENV_PASSTHROUGH_ADDITIONS': 'ALL_PROXY BBPATH_EXTRA BB_LOGCONFIG BB_NO_NETWORK BB_NUMBER_THREADS BB_SETSCENE_ENFORCE BB_SRCREV_POLICY DISTRO FTPS_PROXY FTP_PROXY GIT_PROXY_COMMAND HTTPS_PROXY HTTP_PROXY MACHINE NO_PROXY PARALLEL_MAKE SCREENDIR SDKMACHINE SOCKS5_PASSWD SOCKS5_USER SSH_AGENT_PID SSH_AUTH_SOCK STAMPS_DIR TCLIBC TCMODE all_proxy ftp_proxy ftps_proxy http_proxy https_proxy no_proxy ', 'SSH_AUTH_SOCK': '/run/user/1000/keyring/ssh', 'PWD': '/home/vbharath/aesd_final_project/build', 'LOGNAME': 'vbharath', 'HOME': '/home/vbharath', 'BBPATH': '/home/vbharath/aesd_final_project/build', 'USER': 'vbharath', 'PATH': '/home/vbharath/aesd_final_project/poky/scripts:/home/vbharath/aesd_final_project/poky/bitbake/bin:/usr/local/sbin:/usr/local/bin:/usr/sbin:/usr/bin:/sbin:/bin:/usr/games:/usr/local/games:/snap/bin:/snap/bin', 'LC_ALL': 'en_US.UTF-8', 'SESSION_MANAGER': 'local/ubuntu:@/tmp/.ICE-unix/1868,unix/ubuntu:/tmp/.ICE-unix/1868', 'QT_ACCESSIBILITY': '1', 'COLORTERM': 'truecolor', 'XDG_CONFIG_DIRS': '/etc/xdg/xdg-ubuntu:/etc/xdg', 'SSH_AGENT_LAUNCHER': 'gnome-keyring', 'XDG_MENU_PREFIX': 'gnome-', 'GNOME_DESKTOP_SESSION_ID': 'this-is-deprecated', 'GNOME_SHELL_SESSION_MODE': 'ubuntu', 'XMODIFIERS': '@im=ibus', 'DESKTOP_SESSION': 'ubuntu', 'GTK_MODULES': 'gail:atk-bridge', 'DBUS_STARTER_BUS_TYPE': 'session', 'XDG_SESSION_DESKTOP': 'ubuntu', 'XDG_SESSION_TYPE': 'wayland', 'SYSTEMD_EXEC_PID': '1868', 'XAUTHORITY': '/run/user/1000/.mutter-Xwaylandauth.XP1D52', 'USERNAME': 'vbharath', 'IM_CONFIG_PHASE': '1', 'LANG': 'en_US.UTF-8', 'LS_COLORS': 'rs=0:di=01;34:ln=01;36:mh=00:pi=40;33:so=01;35:do=01;35:bd=40;33;01:cd=40;33;01:or=40;31;01:mi=00:su=37;41:sg=30;43:ca=30;41:tw=30;42:ow=34;42:st=37;44:ex=01;32:*.tar=01;31:*.tgz=01;31:*.arc=01;31:*.arj=01;31:*.taz=01;31:*.lha=01;31:*.lz4=01;31:*.lzh=01;31:*.lzma=01;31:*.tlz=01;31:*.txz=01;31:*.tzo=01;31:*.t7z=01;31:*.zip=01;31:*.z=01;31:*.dz=01;31:*.gz=01;31:*.lrz=01;31:*.lz=01;31:*.lzo=01;31:*.xz=01;31:*.zst=01;31:*.tzst=01;31:*.bz2=01;31:*.bz=01;31:*.tbz=01;31:*.tbz2=01;31:*.tz=01;31:*.deb=01;31:*.rpm=01;31:*.jar=01;31:*.war=01;31:*.ear=01;31:*.sar=01;31:*.rar=01;31:*.alz=01;31:*.ace=01;31:*.zoo=01;31:*.cpio=01;31:*.7z=01;31:*.rz=01;31:*.cab=01;31:*.wim=01;31:*.swm=01;31:*.dwm=01;31:*.esd=01;31:*.jpg=01;35:*.jpeg=01;35:*.mjpg=01;35:*.mjpeg=01;35:*.gif=01;35:*.bmp=01;35:*.pbm=01;35:*.pgm=01;35:*.ppm=01;35:*.tga=01;35:*.xbm=01;35:*.xpm=01;35:*.tif=01;35:*.tiff=01;35:*.png=01;35:*.svg=01;35:*.svgz=01;35:*.mng=01;35:*.pcx=01;35:*.mov=01;35:*.mpg=01;35:*.mpeg=01;35:*.m2v=01;35:*.mkv=01;35:*.webm=01;35:*.webp=01;35:*.ogm=01;35:*.mp4=01;35:*.m4v=01;35:*.mp4v=01;35:*.vob=01;35:*.qt=01;35:*.nuv=01;35:*.wmv=01;35:*.asf=01;35:*.rm=01;35:*.rmvb=01;35:*.flc=01;35:*.avi=01;35:*.fli=01;35:*.flv=01;35:*.gl=01;35:*.dl=01;35:*.xcf=01;35:*.xwd=01;35:*.yuv=01;35:*.cgm=01;35:*.emf=01;35:*.ogv=01;35:*.ogx=01;35:*.aac=00;36:*.au=00;36:*.flac=00;36:*.m4a=00;36:*.mid=00;36:*.midi=00;36:*.mka=00;36:*.mp3=00;36:*.mpc=00;36:*.ogg=00;36:*.ra=00;36:*.wav=00;36:*.oga=00;36:*.opus=00;36:*.spx=00;36:*.xspf=00;36:', 'XDG_CURRENT_DESKTOP': 'ubuntu:GNOME', 'VTE_VERSION': '6800', 'WAYLAND_DISPLAY': 'wayland-0', 'GNOME_TERMINAL_SCREEN': '/org/gnome/Terminal/screen/b9f111c6_1614_4566_a43d_02029e2771b3', 'GNOME_SETUP_DISPLAY': ':1', 'LESSCLOSE': '/usr/bin/lesspipe %s %s', 'XDG_SESSION_CLASS': 'user', 'PYTHONPATH': '/home/vbharath/aesd_final_project/poky/bitbake/lib:/home/vbharath/aesd_final_project/poky/bitbake/lib:', 'TERM': 'xterm-256color', 'LESSOPEN': '| /usr/bin/lesspipe %s', 'GNOME_TERMINAL_SERVICE': ':1.110', 'DISPLAY': ':0', 'SHLVL': '2', 'QT_IM_MODULE': 'ibus', 'DBUS_STARTER_ADDRESS': 'unix:path=/run/user/1000/bus,guid=93d3290e7b812fe3c4b33f80680d88c5', 'XDG_RUNTIME_DIR': '/run/user/1000', 'XDG_DATA_DIRS': '/usr/share/ubuntu:/usr/local/share/:/usr/share/:/var/lib/snapd/desktop', 'GDMSESSION': 'ubuntu', 'DBUS_SESSION_BUS_ADDRESS': 'unix:path=/run/user/1000/bus,guid=93d3290e7b812fe3c4b33f80680d88c5', 'BUILDDIR': '/home/vbharath/aesd_final_project/build', 'OLDPWD': '/home/vbharath/aesd_final_project', '_': '/home/vbharath/aesd_final_project/poky/bitbake/bin/bitbake-layers'}, ['/home/vbharath/aesd_final_project/poky/bitbake/bin/bitbake-layers', 'add-layer', '../meta-virtualization']]
563683 22:42:18.810895 Command Completed
563683 22:42:18.811277 Running command ['parseConfiguration']
563683 22:42:18.812791 Command Completed
563683 22:42:18.813063 Running command ['dataStoreConnectorCmd', 0, 'getVar', ('BBMULTICONFIG',), {}]
563683 22:42:18.813219 Command Completed
563683 22:42:18.813385 Running command ['dataStoreConnectorCmd', 0, 'getVar', ('BBPATH',), {}]
563683 22:42:18.813523 Command Completed
563683 22:42:18.816761 Running command ['dataStoreConnectorCmd', 0, 'getVar', ('BBLAYERS',), {}]
563683 22:42:18.816930 Command Completed
563683 22:42:18.817099 Running command ['dataStoreConnectorVarHistCmd', 0, 'get_variable_items_files', ('BBFILE_COLLECTIONS',), {}]
563683 22:42:18.817245 Command Completed
563683 22:42:18.818326 Running command ['dataStoreConnectorCmd', 0, 'getVar', ('BBLAYERS',), {}]
563683 22:42:18.818443 Command Completed
563683 22:42:18.818585 Running command ['dataStoreConnectorVarHistCmd', 0, 'get_variable_items_files', ('BBFILE_COLLECTIONS',), {}]
563683 22:42:18.818700 Command Completed
563683 22:42:18.819338 Running command ['dataStoreConnectorCmd', 0, 'getVar', ('BBLAYERS',), {}]
563683 22:42:18.819425 Command Completed
563683 22:42:18.819550 Running command ['dataStoreConnectorVarHistCmd', 0, 'get_variable_items_files', ('BBFILE_COLLECTIONS',), {}]
563683 22:42:18.819659 Command Completed
563683 22:42:18.820234 Running command ['dataStoreConnectorCmd', 0, 'getVar', ('BBLAYERS',), {}]
563683 22:42:18.820313 Command Completed
563683 22:42:18.820436 Running command ['dataStoreConnectorVarHistCmd', 0, 'get_variable_items_files', ('BBFILE_COLLECTIONS',), {}]
563683 22:42:18.820535 Command Completed
563683 22:42:18.821755 Running command ['clientComplete']
563683 22:42:18.821832 Command Completed
563683 22:42:18.822191 Processing Client
563683 22:42:18.822223 Disconnecting Client
563683 22:42:18.822680 No timeout, exiting.
563683 22:42:18.964413 Exiting
563683 22:42:18.966964 Original lockfile contents: ['563683\n']
563683 22:42:18.967395 Exiting as we could obtain the lock
sys:1: ResourceWarning: unclosed file <_io.TextIOWrapper name='/home/vbharath/aesd_final_project/build/bitbake-cookerdaemon.log' mode='a+' encoding='UTF-8'>
563696 22:42:19.119824 --- Starting bitbake server pid 563696 at 2025-04-29 22:42:19.119808 ---
563696 22:42:19.120379 Started bitbake server pid 563696
563696 22:42:19.120755 Entering server connection loop
563696 22:42:19.120837 Accepting [<socket.socket fd=6, family=AddressFamily.AF_UNIX, type=SocketKind.SOCK_STREAM, proto=0, laddr=bitbake.sock>] ([])
563696 22:42:19.121591 Processing Client
563696 22:42:19.121628 Connecting Client
563696 22:42:19.121871 Running command ['setFeatures', [2, 1]]
563696 22:42:19.121955 Command Completed
563696 22:42:19.122576 Running command ['updateConfig', {'halt': True, 'force': False, 'invalidate_stamp': None, 'dry_run': False, 'dump_signatures': [], 'extra_assume_provided': [], 'profile': False, 'prefile': [], 'postfile': [], 'server_timeout': None, 'nosetscene': False, 'setsceneonly': False, 'skipsetscene': False, 'runall': None, 'runonly': None, 'writeeventlog': None, 'build_verbose_shell': False, 'build_verbose_stdout': False, 'default_loglevel': 20, 'debug_domains': {}}, {'SHELL': '/bin/bash', 'BB_ENV_PASSTHROUGH_ADDITIONS': 'ALL_PROXY BBPATH_EXTRA BB_LOGCONFIG BB_NO_NETWORK BB_NUMBER_THREADS BB_SETSCENE_ENFORCE BB_SRCREV_POLICY DISTRO FTPS_PROXY FTP_PROXY GIT_PROXY_COMMAND HTTPS_PROXY HTTP_PROXY MACHINE NO_PROXY PARALLEL_MAKE SCREENDIR SDKMACHINE SOCKS5_PASSWD SOCKS5_USER SSH_AGENT_PID SSH_AUTH_SOCK STAMPS_DIR TCLIBC TCMODE all_proxy ftp_proxy ftps_proxy http_proxy https_proxy no_proxy ', 'SSH_AUTH_SOCK': '/run/user/1000/keyring/ssh', 'PWD': '/home/vbharath/aesd_final_project/build', 'LOGNAME': 'vbharath', 'HOME': '/home/vbharath', 'BBPATH': '/home/vbharath/aesd_final_project/build', 'USER': 'vbharath', 'PATH': '/home/vbharath/aesd_final_project/poky/scripts:/home/vbharath/aesd_final_project/poky/bitbake/bin:/usr/local/sbin:/usr/local/bin:/usr/sbin:/usr/bin:/sbin:/bin:/usr/games:/usr/local/games:/snap/bin:/snap/bin', 'LC_ALL': 'en_US.UTF-8', 'SESSION_MANAGER': 'local/ubuntu:@/tmp/.ICE-unix/1868,unix/ubuntu:/tmp/.ICE-unix/1868', 'QT_ACCESSIBILITY': '1', 'COLORTERM': 'truecolor', 'XDG_CONFIG_DIRS': '/etc/xdg/xdg-ubuntu:/etc/xdg', 'SSH_AGENT_LAUNCHER': 'gnome-keyring', 'XDG_MENU_PREFIX': 'gnome-', 'GNOME_DESKTOP_SESSION_ID': 'this-is-deprecated', 'GNOME_SHELL_SESSION_MODE': 'ubuntu', 'XMODIFIERS': '@im=ibus', 'DESKTOP_SESSION': 'ubuntu', 'GTK_MODULES': 'gail:atk-bridge', 'DBUS_STARTER_BUS_TYPE': 'session', 'XDG_SESSION_DESKTOP': 'ubuntu', 'XDG_SESSION_TYPE': 'wayland', 'SYSTEMD_EXEC_PID': '1868', 'XAUTHORITY': '/run/user/1000/.mutter-Xwaylandauth.XP1D52', 'USERNAME': 'vbharath', 'IM_CONFIG_PHASE': '1', 'LANG': 'en_US.UTF-8', 'LS_COLORS': 'rs=0:di=01;34:ln=01;36:mh=00:pi=40;33:so=01;35:do=01;35:bd=40;33;01:cd=40;33;01:or=40;31;01:mi=00:su=37;41:sg=30;43:ca=30;41:tw=30;42:ow=34;42:st=37;44:ex=01;32:*.tar=01;31:*.tgz=01;31:*.arc=01;31:*.arj=01;31:*.taz=01;31:*.lha=01;31:*.lz4=01;31:*.lzh=01;31:*.lzma=01;31:*.tlz=01;31:*.txz=01;31:*.tzo=01;31:*.t7z=01;31:*.zip=01;31:*.z=01;31:*.dz=01;31:*.gz=01;31:*.lrz=01;31:*.lz=01;31:*.lzo=01;31:*.xz=01;31:*.zst=01;31:*.tzst=01;31:*.bz2=01;31:*.bz=01;31:*.tbz=01;31:*.tbz2=01;31:*.tz=01;31:*.deb=01;31:*.rpm=01;31:*.jar=01;31:*.war=01;31:*.ear=01;31:*.sar=01;31:*.rar=01;31:*.alz=01;31:*.ace=01;31:*.zoo=01;31:*.cpio=01;31:*.7z=01;31:*.rz=01;31:*.cab=01;31:*.wim=01;31:*.swm=01;31:*.dwm=01;31:*.esd=01;31:*.jpg=01;35:*.jpeg=01;35:*.mjpg=01;35:*.mjpeg=01;35:*.gif=01;35:*.bmp=01;35:*.pbm=01;35:*.pgm=01;35:*.ppm=01;35:*.tga=01;35:*.xbm=01;35:*.xpm=01;35:*.tif=01;35:*.tiff=01;35:*.png=01;35:*.svg=01;35:*.svgz=01;35:*.mng=01;35:*.pcx=01;35:*.mov=01;35:*.mpg=01;35:*.mpeg=01;35:*.m2v=01;35:*.mkv=01;35:*.webm=01;35:*.webp=01;35:*.ogm=01;35:*.mp4=01;35:*.m4v=01;35:*.mp4v=01;35:*.vob=01;35:*.qt=01;35:*.nuv=01;35:*.wmv=01;35:*.asf=01;35:*.rm=01;35:*.rmvb=01;35:*.flc=01;35:*.avi=01;35:*.fli=01;35:*.flv=01;35:*.gl=01;35:*.dl=01;35:*.xcf=01;35:*.xwd=01;35:*.yuv=01;35:*.cgm=01;35:*.emf=01;35:*.ogv=01;35:*.ogx=01;35:*.aac=00;36:*.au=00;36:*.flac=00;36:*.m4a=00;36:*.mid=00;36:*.midi=00;36:*.mka=00;36:*.mp3=00;36:*.mpc=00;36:*.ogg=00;36:*.ra=00;36:*.wav=00;36:*.oga=00;36:*.opus=00;36:*.spx=00;36:*.xspf=00;36:', 'XDG_CURRENT_DESKTOP': 'ubuntu:GNOME', 'VTE_VERSION': '6800', 'WAYLAND_DISPLAY': 'wayland-0', 'GNOME_TERMINAL_SCREEN': '/org/gnome/Terminal/screen/b9f111c6_1614_4566_a43d_02029e2771b3', 'GNOME_SETUP_DISPLAY': ':1', 'LESSCLOSE': '/usr/bin/lesspipe %s %s', 'XDG_SESSION_CLASS': 'user', 'PYTHONPATH': '/home/vbharath/aesd_final_project/poky/bitbake/lib:/home/vbharath/aesd_final_project/poky/bitbake/lib:', 'TERM': 'xterm-256color', 'LESSOPEN': '| /usr/bin/lesspipe %s', 'GNOME_TERMINAL_SERVICE': ':1.110', 'DISPLAY': ':0', 'SHLVL': '2', 'QT_IM_MODULE': 'ibus', 'DBUS_STARTER_ADDRESS': 'unix:path=/run/user/1000/bus,guid=93d3290e7b812fe3c4b33f80680d88c5', 'XDG_RUNTIME_DIR': '/run/user/1000', 'XDG_DATA_DIRS': '/usr/share/ubuntu:/usr/local/share/:/usr/share/:/var/lib/snapd/desktop', 'GDMSESSION': 'ubuntu', 'DBUS_SESSION_BUS_ADDRESS': 'unix:path=/run/user/1000/bus,guid=93d3290e7b812fe3c4b33f80680d88c5', 'BUILDDIR': '/home/vbharath/aesd_final_project/build', 'OLDPWD': '/home/vbharath/aesd_final_project', '_': '/home/vbharath/aesd_final_project/poky/bitbake/bin/bitbake-layers'}, ['/home/vbharath/aesd_final_project/poky/bitbake/bin/bitbake-layers', 'add-layer', '../meta-custom']]
563696 22:42:19.360999 Command Completed
563696 22:42:19.361478 Running command ['parseConfiguration']
563696 22:42:19.363098 Command Completed
563696 22:42:19.363392 Running command ['dataStoreConnectorCmd', 0, 'getVar', ('BBMULTICONFIG',), {}]
563696 22:42:19.363600 Command Completed
563696 22:42:19.363812 Running command ['dataStoreConnectorCmd', 0, 'getVar', ('BBPATH',), {}]
563696 22:42:19.363947 Command Completed
563696 22:42:19.367503 Running command ['dataStoreConnectorCmd', 0, 'getVar', ('BBLAYERS',), {}]
563696 22:42:19.367656 Command Completed
563696 22:42:19.367819 Running command ['dataStoreConnectorVarHistCmd', 0, 'get_variable_items_files', ('BBFILE_COLLECTIONS',), {}]
563696 22:42:19.367970 Command Completed
563696 22:42:19.368803 Running command ['dataStoreConnectorCmd', 0, 'getVar', ('BBLAYERS',), {}]
563696 22:42:19.368906 Command Completed
563696 22:42:19.369116 Running command ['dataStoreConnectorVarHistCmd', 0, 'get_variable_items_files', ('BBFILE_COLLECTIONS',), {}]
563696 22:42:19.369233 Command Completed
563696 22:42:19.370371 Running command ['dataStoreConnectorCmd', 0, 'getVar', ('BBLAYERS',), {}]
563696 22:42:19.370505 Command Completed
563696 22:42:19.370661 Running command ['dataStoreConnectorVarHistCmd', 0, 'get_variable_items_files', ('BBFILE_COLLECTIONS',), {}]
563696 22:42:19.370779 Command Completed
563696 22:42:19.371412 Running command ['dataStoreConnectorCmd', 0, 'getVar', ('BBLAYERS',), {}]
563696 22:42:19.371550 Command Completed
563696 22:42:19.371689 Running command ['dataStoreConnectorVarHistCmd', 0, 'get_variable_items_files', ('BBFILE_COLLECTIONS',), {}]
563696 22:42:19.371813 Command Completed
563696 22:42:19.373347 Running command ['clientComplete']
563696 22:42:19.373437 Command Completed
563696 22:42:19.373829 Processing Client
563696 22:42:19.373860 Disconnecting Client
563696 22:42:19.374043 No timeout, exiting.
563696 22:42:19.488957 Exiting
563696 22:42:19.492059 Original lockfile contents: ['563696\n']
563696 22:42:19.492185 Exiting as we could obtain the lock
sys:1: ResourceWarning: unclosed file <_io.TextIOWrapper name='/home/vbharath/aesd_final_project/build/bitbake-cookerdaemon.log' mode='a+' encoding='UTF-8'>
563740 22:43:03.778643 --- Starting bitbake server pid 563740 at 2025-04-29 22:43:03.778624 ---
563740 22:43:03.779276 Started bitbake server pid 563740
563740 22:43:03.779512 Entering server connection loop
563740 22:43:03.779816 Accepting [<socket.socket fd=6, family=AddressFamily.AF_UNIX, type=SocketKind.SOCK_STREAM, proto=0, laddr=bitbake.sock>] ([])
563740 22:43:03.780615 Processing Client
563740 22:43:03.780654 Connecting Client
563740 22:43:03.780803 Running command ['setFeatures', [2, 1]]
563740 22:43:03.780888 Command Completed
563740 22:43:03.781496 Running command ['updateConfig', {'halt': True, 'force': False, 'invalidate_stamp': None, 'dry_run': False, 'dump_signatures': [], 'extra_assume_provided': [], 'profile': False, 'prefile': [], 'postfile': [], 'server_timeout': None, 'nosetscene': False, 'setsceneonly': False, 'skipsetscene': False, 'runall': None, 'runonly': None, 'writeeventlog': None, 'build_verbose_shell': False, 'build_verbose_stdout': False, 'default_loglevel': 20, 'debug_domains': {}}, {'SHELL': '/bin/bash', 'BB_ENV_PASSTHROUGH_ADDITIONS': 'ALL_PROXY BBPATH_EXTRA BB_LOGCONFIG BB_NO_NETWORK BB_NUMBER_THREADS BB_SETSCENE_ENFORCE BB_SRCREV_POLICY DISTRO FTPS_PROXY FTP_PROXY GIT_PROXY_COMMAND HTTPS_PROXY HTTP_PROXY MACHINE NO_PROXY PARALLEL_MAKE SCREENDIR SDKMACHINE SOCKS5_PASSWD SOCKS5_USER SSH_AGENT_PID SSH_AUTH_SOCK STAMPS_DIR TCLIBC TCMODE all_proxy ftp_proxy ftps_proxy http_proxy https_proxy no_proxy ', 'SSH_AUTH_SOCK': '/run/user/1000/keyring/ssh', 'PWD': '/home/vbharath/aesd_final_project/build', 'LOGNAME': 'vbharath', 'HOME': '/home/vbharath', 'BBPATH': '/home/vbharath/aesd_final_project/build', 'USER': 'vbharath', 'PATH': '/home/vbharath/aesd_final_project/poky/scripts:/home/vbharath/aesd_final_project/poky/bitbake/bin:/usr/local/sbin:/usr/local/bin:/usr/sbin:/usr/bin:/sbin:/bin:/usr/games:/usr/local/games:/snap/bin:/snap/bin', 'LC_ALL': 'en_US.UTF-8', 'SESSION_MANAGER': 'local/ubuntu:@/tmp/.ICE-unix/1868,unix/ubuntu:/tmp/.ICE-unix/1868', 'QT_ACCESSIBILITY': '1', 'COLORTERM': 'truecolor', 'XDG_CONFIG_DIRS': '/etc/xdg/xdg-ubuntu:/etc/xdg', 'SSH_AGENT_LAUNCHER': 'gnome-keyring', 'XDG_MENU_PREFIX': 'gnome-', 'GNOME_DESKTOP_SESSION_ID': 'this-is-deprecated', 'GNOME_SHELL_SESSION_MODE': 'ubuntu', 'XMODIFIERS': '@im=ibus', 'DESKTOP_SESSION': 'ubuntu', 'GTK_MODULES': 'gail:atk-bridge', 'DBUS_STARTER_BUS_TYPE': 'session', 'XDG_SESSION_DESKTOP': 'ubuntu', 'XDG_SESSION_TYPE': 'wayland', 'SYSTEMD_EXEC_PID': '1868', 'XAUTHORITY': '/run/user/1000/.mutter-Xwaylandauth.XP1D52', 'USERNAME': 'vbharath', 'IM_CONFIG_PHASE': '1', 'LANG': 'en_US.UTF-8', 'LS_COLORS': 'rs=0:di=01;34:ln=01;36:mh=00:pi=40;33:so=01;35:do=01;35:bd=40;33;01:cd=40;33;01:or=40;31;01:mi=00:su=37;41:sg=30;43:ca=30;41:tw=30;42:ow=34;42:st=37;44:ex=01;32:*.tar=01;31:*.tgz=01;31:*.arc=01;31:*.arj=01;31:*.taz=01;31:*.lha=01;31:*.lz4=01;31:*.lzh=01;31:*.lzma=01;31:*.tlz=01;31:*.txz=01;31:*.tzo=01;31:*.t7z=01;31:*.zip=01;31:*.z=01;31:*.dz=01;31:*.gz=01;31:*.lrz=01;31:*.lz=01;31:*.lzo=01;31:*.xz=01;31:*.zst=01;31:*.tzst=01;31:*.bz2=01;31:*.bz=01;31:*.tbz=01;31:*.tbz2=01;31:*.tz=01;31:*.deb=01;31:*.rpm=01;31:*.jar=01;31:*.war=01;31:*.ear=01;31:*.sar=01;31:*.rar=01;31:*.alz=01;31:*.ace=01;31:*.zoo=01;31:*.cpio=01;31:*.7z=01;31:*.rz=01;31:*.cab=01;31:*.wim=01;31:*.swm=01;31:*.dwm=01;31:*.esd=01;31:*.jpg=01;35:*.jpeg=01;35:*.mjpg=01;35:*.mjpeg=01;35:*.gif=01;35:*.bmp=01;35:*.pbm=01;35:*.pgm=01;35:*.ppm=01;35:*.tga=01;35:*.xbm=01;35:*.xpm=01;35:*.tif=01;35:*.tiff=01;35:*.png=01;35:*.svg=01;35:*.svgz=01;35:*.mng=01;35:*.pcx=01;35:*.mov=01;35:*.mpg=01;35:*.mpeg=01;35:*.m2v=01;35:*.mkv=01;35:*.webm=01;35:*.webp=01;35:*.ogm=01;35:*.mp4=01;35:*.m4v=01;35:*.mp4v=01;35:*.vob=01;35:*.qt=01;35:*.nuv=01;35:*.wmv=01;35:*.asf=01;35:*.rm=01;35:*.rmvb=01;35:*.flc=01;35:*.avi=01;35:*.fli=01;35:*.flv=01;35:*.gl=01;35:*.dl=01;35:*.xcf=01;35:*.xwd=01;35:*.yuv=01;35:*.cgm=01;35:*.emf=01;35:*.ogv=01;35:*.ogx=01;35:*.aac=00;36:*.au=00;36:*.flac=00;36:*.m4a=00;36:*.mid=00;36:*.midi=00;36:*.mka=00;36:*.mp3=00;36:*.mpc=00;36:*.ogg=00;36:*.ra=00;36:*.wav=00;36:*.oga=00;36:*.opus=00;36:*.spx=00;36:*.xspf=00;36:', 'XDG_CURRENT_DESKTOP': 'ubuntu:GNOME', 'VTE_VERSION': '6800', 'WAYLAND_DISPLAY': 'wayland-0', 'GNOME_TERMINAL_SCREEN': '/org/gnome/Terminal/screen/b9f111c6_1614_4566_a43d_02029e2771b3', 'GNOME_SETUP_DISPLAY': ':1', 'LESSCLOSE': '/usr/bin/lesspipe %s %s', 'XDG_SESSION_CLASS': 'user', 'PYTHONPATH': '/home/vbharath/aesd_final_project/poky/bitbake/lib:/home/vbharath/aesd_final_project/poky/bitbake/lib:', 'TERM': 'xterm-256color', 'LESSOPEN': '| /usr/bin/lesspipe %s', 'GNOME_TERMINAL_SERVICE': ':1.110', 'DISPLAY': ':0', 'SHLVL': '2', 'QT_IM_MODULE': 'ibus', 'DBUS_STARTER_ADDRESS': 'unix:path=/run/user/1000/bus,guid=93d3290e7b812fe3c4b33f80680d88c5', 'XDG_RUNTIME_DIR': '/run/user/1000', 'XDG_DATA_DIRS': '/usr/share/ubuntu:/usr/local/share/:/usr/share/:/var/lib/snapd/desktop', 'GDMSESSION': 'ubuntu', 'DBUS_SESSION_BUS_ADDRESS': 'unix:path=/run/user/1000/bus,guid=93d3290e7b812fe3c4b33f80680d88c5', 'BUILDDIR': '/home/vbharath/aesd_final_project/build', 'OLDPWD': '/home/vbharath/aesd_final_project', '_': '/home/vbharath/aesd_final_project/poky/bitbake/bin/bitbake-layers'}, ['/home/vbharath/aesd_final_project/poky/bitbake/bin/bitbake-layers', 'add-layer', '../meta-openembedded/meta-oe']]
563740 22:43:04.025090 Command Completed
563740 22:43:04.025474 Running command ['parseConfiguration']
563740 22:43:04.026971 Command Completed
563740 22:43:04.027313 Running command ['dataStoreConnectorCmd', 0, 'getVar', ('BBMULTICONFIG',), {}]
563740 22:43:04.027465 Command Completed
563740 22:43:04.027733 Running command ['dataStoreConnectorCmd', 0, 'getVar', ('BBPATH',), {}]
563740 22:43:04.027874 Command Completed
563740 22:43:04.031311 Running command ['dataStoreConnectorCmd', 0, 'getVar', ('BBLAYERS',), {}]
563740 22:43:04.031436 Command Completed
563740 22:43:04.031633 Running command ['dataStoreConnectorVarHistCmd', 0, 'get_variable_items_files', ('BBFILE_COLLECTIONS',), {}]
563740 22:43:04.031772 Command Completed
563740 22:43:04.032983 Running command ['dataStoreConnectorCmd', 0, 'getVar', ('BBLAYERS',), {}]
563740 22:43:04.033071 Command Completed
563740 22:43:04.033303 Running command ['dataStoreConnectorVarHistCmd', 0, 'get_variable_items_files', ('BBFILE_COLLECTIONS',), {}]
563740 22:43:04.033414 Command Completed
563740 22:43:04.034068 Running command ['dataStoreConnectorCmd', 0, 'getVar', ('BBLAYERS',), {}]
563740 22:43:04.034150 Command Completed
563740 22:43:04.034379 Running command ['dataStoreConnectorVarHistCmd', 0, 'get_variable_items_files', ('BBFILE_COLLECTIONS',), {}]
563740 22:43:04.034483 Command Completed
563740 22:43:04.035216 Running command ['dataStoreConnectorCmd', 0, 'getVar', ('BBLAYERS',), {}]
563740 22:43:04.035295 Command Completed
563740 22:43:04.035581 Running command ['dataStoreConnectorVarHistCmd', 0, 'get_variable_items_files', ('BBFILE_COLLECTIONS',), {}]
563740 22:43:04.035687 Command Completed
563740 22:43:04.037861 Running command ['clientComplete']
563740 22:43:04.038262 Command Completed
563740 22:43:04.038657 Processing Client
563740 22:43:04.038691 Disconnecting Client
563740 22:43:04.038785 No timeout, exiting.
563740 22:43:04.187528 Exiting
563740 22:43:04.190720 Original lockfile contents: ['563740\n']
563740 22:43:04.191627 Exiting as we could obtain the lock
sys:1: ResourceWarning: unclosed file <_io.TextIOWrapper name='/home/vbharath/aesd_final_project/build/bitbake-cookerdaemon.log' mode='a+' encoding='UTF-8'>
563753 22:43:04.345868 --- Starting bitbake server pid 563753 at 2025-04-29 22:43:04.345855 ---
563753 22:43:04.346395 Started bitbake server pid 563753
563753 22:43:04.346588 Entering server connection loop
563753 22:43:04.346795 Accepting [<socket.socket fd=6, family=AddressFamily.AF_UNIX, type=SocketKind.SOCK_STREAM, proto=0, laddr=bitbake.sock>] ([])
563753 22:43:04.347451 Processing Client
563753 22:43:04.347484 Connecting Client
563753 22:43:04.347627 Running command ['setFeatures', [2, 1]]
563753 22:43:04.347701 Command Completed
563753 22:43:04.348364 Running command ['updateConfig', {'halt': True, 'force': False, 'invalidate_stamp': None, 'dry_run': False, 'dump_signatures': [], 'extra_assume_provided': [], 'profile': False, 'prefile': [], 'postfile': [], 'server_timeout': None, 'nosetscene': False, 'setsceneonly': False, 'skipsetscene': False, 'runall': None, 'runonly': None, 'writeeventlog': None, 'build_verbose_shell': False, 'build_verbose_stdout': False, 'default_loglevel': 20, 'debug_domains': {}}, {'SHELL': '/bin/bash', 'BB_ENV_PASSTHROUGH_ADDITIONS': 'ALL_PROXY BBPATH_EXTRA BB_LOGCONFIG BB_NO_NETWORK BB_NUMBER_THREADS BB_SETSCENE_ENFORCE BB_SRCREV_POLICY DISTRO FTPS_PROXY FTP_PROXY GIT_PROXY_COMMAND HTTPS_PROXY HTTP_PROXY MACHINE NO_PROXY PARALLEL_MAKE SCREENDIR SDKMACHINE SOCKS5_PASSWD SOCKS5_USER SSH_AGENT_PID SSH_AUTH_SOCK STAMPS_DIR TCLIBC TCMODE all_proxy ftp_proxy ftps_proxy http_proxy https_proxy no_proxy ', 'SSH_AUTH_SOCK': '/run/user/1000/keyring/ssh', 'PWD': '/home/vbharath/aesd_final_project/build', 'LOGNAME': 'vbharath', 'HOME': '/home/vbharath', 'BBPATH': '/home/vbharath/aesd_final_project/build', 'USER': 'vbharath', 'PATH': '/home/vbharath/aesd_final_project/poky/scripts:/home/vbharath/aesd_final_project/poky/bitbake/bin:/usr/local/sbin:/usr/local/bin:/usr/sbin:/usr/bin:/sbin:/bin:/usr/games:/usr/local/games:/snap/bin:/snap/bin', 'LC_ALL': 'en_US.UTF-8', 'SESSION_MANAGER': 'local/ubuntu:@/tmp/.ICE-unix/1868,unix/ubuntu:/tmp/.ICE-unix/1868', 'QT_ACCESSIBILITY': '1', 'COLORTERM': 'truecolor', 'XDG_CONFIG_DIRS': '/etc/xdg/xdg-ubuntu:/etc/xdg', 'SSH_AGENT_LAUNCHER': 'gnome-keyring', 'XDG_MENU_PREFIX': 'gnome-', 'GNOME_DESKTOP_SESSION_ID': 'this-is-deprecated', 'GNOME_SHELL_SESSION_MODE': 'ubuntu', 'XMODIFIERS': '@im=ibus', 'DESKTOP_SESSION': 'ubuntu', 'GTK_MODULES': 'gail:atk-bridge', 'DBUS_STARTER_BUS_TYPE': 'session', 'XDG_SESSION_DESKTOP': 'ubuntu', 'XDG_SESSION_TYPE': 'wayland', 'SYSTEMD_EXEC_PID': '1868', 'XAUTHORITY': '/run/user/1000/.mutter-Xwaylandauth.XP1D52', 'USERNAME': 'vbharath', 'IM_CONFIG_PHASE': '1', 'LANG': 'en_US.UTF-8', 'LS_COLORS': 'rs=0:di=01;34:ln=01;36:mh=00:pi=40;33:so=01;35:do=01;35:bd=40;33;01:cd=40;33;01:or=40;31;01:mi=00:su=37;41:sg=30;43:ca=30;41:tw=30;42:ow=34;42:st=37;44:ex=01;32:*.tar=01;31:*.tgz=01;31:*.arc=01;31:*.arj=01;31:*.taz=01;31:*.lha=01;31:*.lz4=01;31:*.lzh=01;31:*.lzma=01;31:*.tlz=01;31:*.txz=01;31:*.tzo=01;31:*.t7z=01;31:*.zip=01;31:*.z=01;31:*.dz=01;31:*.gz=01;31:*.lrz=01;31:*.lz=01;31:*.lzo=01;31:*.xz=01;31:*.zst=01;31:*.tzst=01;31:*.bz2=01;31:*.bz=01;31:*.tbz=01;31:*.tbz2=01;31:*.tz=01;31:*.deb=01;31:*.rpm=01;31:*.jar=01;31:*.war=01;31:*.ear=01;31:*.sar=01;31:*.rar=01;31:*.alz=01;31:*.ace=01;31:*.zoo=01;31:*.cpio=01;31:*.7z=01;31:*.rz=01;31:*.cab=01;31:*.wim=01;31:*.swm=01;31:*.dwm=01;31:*.esd=01;31:*.jpg=01;35:*.jpeg=01;35:*.mjpg=01;35:*.mjpeg=01;35:*.gif=01;35:*.bmp=01;35:*.pbm=01;35:*.pgm=01;35:*.ppm=01;35:*.tga=01;35:*.xbm=01;35:*.xpm=01;35:*.tif=01;35:*.tiff=01;35:*.png=01;35:*.svg=01;35:*.svgz=01;35:*.mng=01;35:*.pcx=01;35:*.mov=01;35:*.mpg=01;35:*.mpeg=01;35:*.m2v=01;35:*.mkv=01;35:*.webm=01;35:*.webp=01;35:*.ogm=01;35:*.mp4=01;35:*.m4v=01;35:*.mp4v=01;35:*.vob=01;35:*.qt=01;35:*.nuv=01;35:*.wmv=01;35:*.asf=01;35:*.rm=01;35:*.rmvb=01;35:*.flc=01;35:*.avi=01;35:*.fli=01;35:*.flv=01;35:*.gl=01;35:*.dl=01;35:*.xcf=01;35:*.xwd=01;35:*.yuv=01;35:*.cgm=01;35:*.emf=01;35:*.ogv=01;35:*.ogx=01;35:*.aac=00;36:*.au=00;36:*.flac=00;36:*.m4a=00;36:*.mid=00;36:*.midi=00;36:*.mka=00;36:*.mp3=00;36:*.mpc=00;36:*.ogg=00;36:*.ra=00;36:*.wav=00;36:*.oga=00;36:*.opus=00;36:*.spx=00;36:*.xspf=00;36:', 'XDG_CURRENT_DESKTOP': 'ubuntu:GNOME', 'VTE_VERSION': '6800', 'WAYLAND_DISPLAY': 'wayland-0', 'GNOME_TERMINAL_SCREEN': '/org/gnome/Terminal/screen/b9f111c6_1614_4566_a43d_02029e2771b3', 'GNOME_SETUP_DISPLAY': ':1', 'LESSCLOSE': '/usr/bin/lesspipe %s %s', 'XDG_SESSION_CLASS': 'user', 'PYTHONPATH': '/home/vbharath/aesd_final_project/poky/bitbake/lib:/home/vbharath/aesd_final_project/poky/bitbake/lib:', 'TERM': 'xterm-256color', 'LESSOPEN': '| /usr/bin/lesspipe %s', 'GNOME_TERMINAL_SERVICE': ':1.110', 'DISPLAY': ':0', 'SHLVL': '2', 'QT_IM_MODULE': 'ibus', 'DBUS_STARTER_ADDRESS': 'unix:path=/run/user/1000/bus,guid=93d3290e7b812fe3c4b33f80680d88c5', 'XDG_RUNTIME_DIR': '/run/user/1000', 'XDG_DATA_DIRS': '/usr/share/ubuntu:/usr/local/share/:/usr/share/:/var/lib/snapd/desktop', 'GDMSESSION': 'ubuntu', 'DBUS_SESSION_BUS_ADDRESS': 'unix:path=/run/user/1000/bus,guid=93d3290e7b812fe3c4b33f80680d88c5', 'BUILDDIR': '/home/vbharath/aesd_final_project/build', 'OLDPWD': '/home/vbharath/aesd_final_project', '_': '/home/vbharath/aesd_final_project/poky/bitbake/bin/bitbake-layers'}, ['/home/vbharath/aesd_final_project/poky/bitbake/bin/bitbake-layers', 'add-layer', '../meta-qt5']]
563753 22:43:04.592229 Command Completed
563753 22:43:04.592835 Running command ['parseConfiguration']
563753 22:43:04.594274 Command Completed
563753 22:43:04.594463 Running command ['dataStoreConnectorCmd', 0, 'getVar', ('BBMULTICONFIG',), {}]
563753 22:43:04.594568 Command Completed
563753 22:43:04.594970 Running command ['dataStoreConnectorCmd', 0, 'getVar', ('BBPATH',), {}]
563753 22:43:04.595125 Command Completed
563753 22:43:04.598652 Running command ['dataStoreConnectorCmd', 0, 'getVar', ('BBLAYERS',), {}]
563753 22:43:04.598766 Command Completed
563753 22:43:04.598911 Running command ['dataStoreConnectorVarHistCmd', 0, 'get_variable_items_files', ('BBFILE_COLLECTIONS',), {}]
563753 22:43:04.599051 Command Completed
563753 22:43:04.599787 Running command ['dataStoreConnectorCmd', 0, 'getVar', ('BBLAYERS',), {}]
563753 22:43:04.599919 Command Completed
563753 22:43:04.600042 Running command ['dataStoreConnectorVarHistCmd', 0, 'get_variable_items_files', ('BBFILE_COLLECTIONS',), {}]
563753 22:43:04.600163 Command Completed
563753 22:43:04.600721 Running command ['dataStoreConnectorCmd', 0, 'getVar', ('BBLAYERS',), {}]
563753 22:43:04.600821 Command Completed
563753 22:43:04.600956 Running command ['dataStoreConnectorVarHistCmd', 0, 'get_variable_items_files', ('BBFILE_COLLECTIONS',), {}]
563753 22:43:04.601059 Command Completed
563753 22:43:04.602067 Running command ['dataStoreConnectorCmd', 0, 'getVar', ('BBLAYERS',), {}]
563753 22:43:04.602166 Command Completed
563753 22:43:04.602294 Running command ['dataStoreConnectorVarHistCmd', 0, 'get_variable_items_files', ('BBFILE_COLLECTIONS',), {}]
563753 22:43:04.602394 Command Completed
563753 22:43:04.603876 Running command ['clientComplete']
563753 22:43:04.603959 Command Completed
563753 22:43:04.604354 Processing Client
563753 22:43:04.604389 Disconnecting Client
563753 22:43:04.604485 No timeout, exiting.
563753 22:43:04.731202 Exiting
563753 22:43:04.734176 Original lockfile contents: ['563753\n']
563753 22:43:04.734308 Exiting as we could obtain the lock
sys:1: ResourceWarning: unclosed file <_io.TextIOWrapper name='/home/vbharath/aesd_final_project/build/bitbake-cookerdaemon.log' mode='a+' encoding='UTF-8'>
563766 22:43:04.915418 --- Starting bitbake server pid 563766 at 2025-04-29 22:43:04.915405 ---
563766 22:43:04.916064 Started bitbake server pid 563766
563766 22:43:04.916180 Entering server connection loop
563766 22:43:04.916517 Accepting [<socket.socket fd=6, family=AddressFamily.AF_UNIX, type=SocketKind.SOCK_STREAM, proto=0, laddr=bitbake.sock>] ([])
563766 22:43:04.917330 Processing Client
563766 22:43:04.917367 Connecting Client
563766 22:43:04.917508 Running command ['setFeatures', [2, 1]]
563766 22:43:04.917661 Command Completed
563766 22:43:04.918292 Running command ['updateConfig', {'halt': True, 'force': False, 'invalidate_stamp': None, 'dry_run': False, 'dump_signatures': [], 'extra_assume_provided': [], 'profile': False, 'prefile': [], 'postfile': [], 'server_timeout': None, 'nosetscene': False, 'setsceneonly': False, 'skipsetscene': False, 'runall': None, 'runonly': None, 'writeeventlog': None, 'build_verbose_shell': False, 'build_verbose_stdout': False, 'default_loglevel': 20, 'debug_domains': {}}, {'SHELL': '/bin/bash', 'BB_ENV_PASSTHROUGH_ADDITIONS': 'ALL_PROXY BBPATH_EXTRA BB_LOGCONFIG BB_NO_NETWORK BB_NUMBER_THREADS BB_SETSCENE_ENFORCE BB_SRCREV_POLICY DISTRO FTPS_PROXY FTP_PROXY GIT_PROXY_COMMAND HTTPS_PROXY HTTP_PROXY MACHINE NO_PROXY PARALLEL_MAKE SCREENDIR SDKMACHINE SOCKS5_PASSWD SOCKS5_USER SSH_AGENT_PID SSH_AUTH_SOCK STAMPS_DIR TCLIBC TCMODE all_proxy ftp_proxy ftps_proxy http_proxy https_proxy no_proxy ', 'SSH_AUTH_SOCK': '/run/user/1000/keyring/ssh', 'PWD': '/home/vbharath/aesd_final_project/build', 'LOGNAME': 'vbharath', 'HOME': '/home/vbharath', 'BBPATH': '/home/vbharath/aesd_final_project/build', 'USER': 'vbharath', 'PATH': '/home/vbharath/aesd_final_project/poky/scripts:/home/vbharath/aesd_final_project/poky/bitbake/bin:/usr/local/sbin:/usr/local/bin:/usr/sbin:/usr/bin:/sbin:/bin:/usr/games:/usr/local/games:/snap/bin:/snap/bin', 'LC_ALL': 'en_US.UTF-8', 'SESSION_MANAGER': 'local/ubuntu:@/tmp/.ICE-unix/1868,unix/ubuntu:/tmp/.ICE-unix/1868', 'QT_ACCESSIBILITY': '1', 'COLORTERM': 'truecolor', 'XDG_CONFIG_DIRS': '/etc/xdg/xdg-ubuntu:/etc/xdg', 'SSH_AGENT_LAUNCHER': 'gnome-keyring', 'XDG_MENU_PREFIX': 'gnome-', 'GNOME_DESKTOP_SESSION_ID': 'this-is-deprecated', 'GNOME_SHELL_SESSION_MODE': 'ubuntu', 'XMODIFIERS': '@im=ibus', 'DESKTOP_SESSION': 'ubuntu', 'GTK_MODULES': 'gail:atk-bridge', 'DBUS_STARTER_BUS_TYPE': 'session', 'XDG_SESSION_DESKTOP': 'ubuntu', 'XDG_SESSION_TYPE': 'wayland', 'SYSTEMD_EXEC_PID': '1868', 'XAUTHORITY': '/run/user/1000/.mutter-Xwaylandauth.XP1D52', 'USERNAME': 'vbharath', 'IM_CONFIG_PHASE': '1', 'LANG': 'en_US.UTF-8', 'LS_COLORS': 'rs=0:di=01;34:ln=01;36:mh=00:pi=40;33:so=01;35:do=01;35:bd=40;33;01:cd=40;33;01:or=40;31;01:mi=00:su=37;41:sg=30;43:ca=30;41:tw=30;42:ow=34;42:st=37;44:ex=01;32:*.tar=01;31:*.tgz=01;31:*.arc=01;31:*.arj=01;31:*.taz=01;31:*.lha=01;31:*.lz4=01;31:*.lzh=01;31:*.lzma=01;31:*.tlz=01;31:*.txz=01;31:*.tzo=01;31:*.t7z=01;31:*.zip=01;31:*.z=01;31:*.dz=01;31:*.gz=01;31:*.lrz=01;31:*.lz=01;31:*.lzo=01;31:*.xz=01;31:*.zst=01;31:*.tzst=01;31:*.bz2=01;31:*.bz=01;31:*.tbz=01;31:*.tbz2=01;31:*.tz=01;31:*.deb=01;31:*.rpm=01;31:*.jar=01;31:*.war=01;31:*.ear=01;31:*.sar=01;31:*.rar=01;31:*.alz=01;31:*.ace=01;31:*.zoo=01;31:*.cpio=01;31:*.7z=01;31:*.rz=01;31:*.cab=01;31:*.wim=01;31:*.swm=01;31:*.dwm=01;31:*.esd=01;31:*.jpg=01;35:*.jpeg=01;35:*.mjpg=01;35:*.mjpeg=01;35:*.gif=01;35:*.bmp=01;35:*.pbm=01;35:*.pgm=01;35:*.ppm=01;35:*.tga=01;35:*.xbm=01;35:*.xpm=01;35:*.tif=01;35:*.tiff=01;35:*.png=01;35:*.svg=01;35:*.svgz=01;35:*.mng=01;35:*.pcx=01;35:*.mov=01;35:*.mpg=01;35:*.mpeg=01;35:*.m2v=01;35:*.mkv=01;35:*.webm=01;35:*.webp=01;35:*.ogm=01;35:*.mp4=01;35:*.m4v=01;35:*.mp4v=01;35:*.vob=01;35:*.qt=01;35:*.nuv=01;35:*.wmv=01;35:*.asf=01;35:*.rm=01;35:*.rmvb=01;35:*.flc=01;35:*.avi=01;35:*.fli=01;35:*.flv=01;35:*.gl=01;35:*.dl=01;35:*.xcf=01;35:*.xwd=01;35:*.yuv=01;35:*.cgm=01;35:*.emf=01;35:*.ogv=01;35:*.ogx=01;35:*.aac=00;36:*.au=00;36:*.flac=00;36:*.m4a=00;36:*.mid=00;36:*.midi=00;36:*.mka=00;36:*.mp3=00;36:*.mpc=00;36:*.ogg=00;36:*.ra=00;36:*.wav=00;36:*.oga=00;36:*.opus=00;36:*.spx=00;36:*.xspf=00;36:', 'XDG_CURRENT_DESKTOP': 'ubuntu:GNOME', 'VTE_VERSION': '6800', 'WAYLAND_DISPLAY': 'wayland-0', 'GNOME_TERMINAL_SCREEN': '/org/gnome/Terminal/screen/b9f111c6_1614_4566_a43d_02029e2771b3', 'GNOME_SETUP_DISPLAY': ':1', 'LESSCLOSE': '/usr/bin/lesspipe %s %s', 'XDG_SESSION_CLASS': 'user', 'PYTHONPATH': '/home/vbharath/aesd_final_project/poky/bitbake/lib:/home/vbharath/aesd_final_project/poky/bitbake/lib:', 'TERM': 'xterm-256color', 'LESSOPEN': '| /usr/bin/lesspipe %s', 'GNOME_TERMINAL_SERVICE': ':1.110', 'DISPLAY': ':0', 'SHLVL': '2', 'QT_IM_MODULE': 'ibus', 'DBUS_STARTER_ADDRESS': 'unix:path=/run/user/1000/bus,guid=93d3290e7b812fe3c4b33f80680d88c5', 'XDG_RUNTIME_DIR': '/run/user/1000', 'XDG_DATA_DIRS': '/usr/share/ubuntu:/usr/local/share/:/usr/share/:/var/lib/snapd/desktop', 'GDMSESSION': 'ubuntu', 'DBUS_SESSION_BUS_ADDRESS': 'unix:path=/run/user/1000/bus,guid=93d3290e7b812fe3c4b33f80680d88c5', 'BUILDDIR': '/home/vbharath/aesd_final_project/build', 'OLDPWD': '/home/vbharath/aesd_final_project', '_': '/home/vbharath/aesd_final_project/poky/bitbake/bin/bitbake-layers'}, ['/home/vbharath/aesd_final_project/poky/bitbake/bin/bitbake-layers', 'add-layer', '../meta-openembedded/meta-python']]
563766 22:43:05.150408 Command Completed
563766 22:43:05.150931 Running command ['parseConfiguration']
563766 22:43:05.152780 Command Completed
563766 22:43:05.153128 Running command ['dataStoreConnectorCmd', 0, 'getVar', ('BBMULTICONFIG',), {}]
563766 22:43:05.153308 Command Completed
563766 22:43:05.153730 Running command ['dataStoreConnectorCmd', 0, 'getVar', ('BBPATH',), {}]
563766 22:43:05.153889 Command Completed
563766 22:43:05.157787 Running command ['dataStoreConnectorCmd', 0, 'getVar', ('BBLAYERS',), {}]
563766 22:43:05.157942 Command Completed
563766 22:43:05.158113 Running command ['dataStoreConnectorVarHistCmd', 0, 'get_variable_items_files', ('BBFILE_COLLECTIONS',), {}]
563766 22:43:05.158298 Command Completed
563766 22:43:05.159063 Running command ['dataStoreConnectorCmd', 0, 'getVar', ('BBLAYERS',), {}]
563766 22:43:05.159161 Command Completed
563766 22:43:05.159301 Running command ['dataStoreConnectorVarHistCmd', 0, 'get_variable_items_files', ('BBFILE_COLLECTIONS',), {}]
563766 22:43:05.159420 Command Completed
563766 22:43:05.160416 Running command ['dataStoreConnectorCmd', 0, 'getVar', ('BBLAYERS',), {}]
563766 22:43:05.160583 Command Completed
563766 22:43:05.160745 Running command ['dataStoreConnectorVarHistCmd', 0, 'get_variable_items_files', ('BBFILE_COLLECTIONS',), {}]
563766 22:43:05.160873 Command Completed
563766 22:43:05.161781 Running command ['dataStoreConnectorCmd', 0, 'getVar', ('BBLAYERS',), {}]
563766 22:43:05.161904 Command Completed
563766 22:43:05.162160 Running command ['dataStoreConnectorVarHistCmd', 0, 'get_variable_items_files', ('BBFILE_COLLECTIONS',), {}]
563766 22:43:05.162280 Command Completed
563766 22:43:05.163956 Running command ['clientComplete']
563766 22:43:05.164024 Command Completed
563766 22:43:05.164463 Processing Client
563766 22:43:05.164496 Disconnecting Client
563766 22:43:05.164575 No timeout, exiting.
563766 22:43:05.320548 Exiting
563766 22:43:05.323581 Original lockfile contents: ['563766\n']
563766 22:43:05.323692 Exiting as we could obtain the lock
sys:1: ResourceWarning: unclosed file <_io.TextIOWrapper name='/home/vbharath/aesd_final_project/build/bitbake-cookerdaemon.log' mode='a+' encoding='UTF-8'>
563780 22:43:05.451868 --- Starting bitbake server pid 563780 at 2025-04-29 22:43:05.451850 ---
563780 22:43:05.452406 Started bitbake server pid 563780
563780 22:43:05.452520 Entering server connection loop
563780 22:43:05.452795 Accepting [<socket.socket fd=6, family=AddressFamily.AF_UNIX, type=SocketKind.SOCK_STREAM, proto=0, laddr=bitbake.sock>] ([])
563780 22:43:05.453662 Processing Client
563780 22:43:05.453697 Connecting Client
563780 22:43:05.453837 Running command ['setFeatures', [2, 1]]
563780 22:43:05.453924 Command Completed
563780 22:43:05.454501 Running command ['updateConfig', {'halt': True, 'force': False, 'invalidate_stamp': None, 'dry_run': False, 'dump_signatures': [], 'extra_assume_provided': [], 'profile': False, 'prefile': [], 'postfile': [], 'server_timeout': None, 'nosetscene': False, 'setsceneonly': False, 'skipsetscene': False, 'runall': None, 'runonly': None, 'writeeventlog': None, 'build_verbose_shell': False, 'build_verbose_stdout': False, 'default_loglevel': 20, 'debug_domains': {}}, {'SHELL': '/bin/bash', 'BB_ENV_PASSTHROUGH_ADDITIONS': 'ALL_PROXY BBPATH_EXTRA BB_LOGCONFIG BB_NO_NETWORK BB_NUMBER_THREADS BB_SETSCENE_ENFORCE BB_SRCREV_POLICY DISTRO FTPS_PROXY FTP_PROXY GIT_PROXY_COMMAND HTTPS_PROXY HTTP_PROXY MACHINE NO_PROXY PARALLEL_MAKE SCREENDIR SDKMACHINE SOCKS5_PASSWD SOCKS5_USER SSH_AGENT_PID SSH_AUTH_SOCK STAMPS_DIR TCLIBC TCMODE all_proxy ftp_proxy ftps_proxy http_proxy https_proxy no_proxy ', 'SSH_AUTH_SOCK': '/run/user/1000/keyring/ssh', 'PWD': '/home/vbharath/aesd_final_project/build', 'LOGNAME': 'vbharath', 'HOME': '/home/vbharath', 'BBPATH': '/home/vbharath/aesd_final_project/build', 'USER': 'vbharath', 'PATH': '/home/vbharath/aesd_final_project/poky/scripts:/home/vbharath/aesd_final_project/poky/bitbake/bin:/usr/local/sbin:/usr/local/bin:/usr/sbin:/usr/bin:/sbin:/bin:/usr/games:/usr/local/games:/snap/bin:/snap/bin', 'LC_ALL': 'en_US.UTF-8', 'SESSION_MANAGER': 'local/ubuntu:@/tmp/.ICE-unix/1868,unix/ubuntu:/tmp/.ICE-unix/1868', 'QT_ACCESSIBILITY': '1', 'COLORTERM': 'truecolor', 'XDG_CONFIG_DIRS': '/etc/xdg/xdg-ubuntu:/etc/xdg', 'SSH_AGENT_LAUNCHER': 'gnome-keyring', 'XDG_MENU_PREFIX': 'gnome-', 'GNOME_DESKTOP_SESSION_ID': 'this-is-deprecated', 'GNOME_SHELL_SESSION_MODE': 'ubuntu', 'XMODIFIERS': '@im=ibus', 'DESKTOP_SESSION': 'ubuntu', 'GTK_MODULES': 'gail:atk-bridge', 'DBUS_STARTER_BUS_TYPE': 'session', 'XDG_SESSION_DESKTOP': 'ubuntu', 'XDG_SESSION_TYPE': 'wayland', 'SYSTEMD_EXEC_PID': '1868', 'XAUTHORITY': '/run/user/1000/.mutter-Xwaylandauth.XP1D52', 'USERNAME': 'vbharath', 'IM_CONFIG_PHASE': '1', 'LANG': 'en_US.UTF-8', 'LS_COLORS': 'rs=0:di=01;34:ln=01;36:mh=00:pi=40;33:so=01;35:do=01;35:bd=40;33;01:cd=40;33;01:or=40;31;01:mi=00:su=37;41:sg=30;43:ca=30;41:tw=30;42:ow=34;42:st=37;44:ex=01;32:*.tar=01;31:*.tgz=01;31:*.arc=01;31:*.arj=01;31:*.taz=01;31:*.lha=01;31:*.lz4=01;31:*.lzh=01;31:*.lzma=01;31:*.tlz=01;31:*.txz=01;31:*.tzo=01;31:*.t7z=01;31:*.zip=01;31:*.z=01;31:*.dz=01;31:*.gz=01;31:*.lrz=01;31:*.lz=01;31:*.lzo=01;31:*.xz=01;31:*.zst=01;31:*.tzst=01;31:*.bz2=01;31:*.bz=01;31:*.tbz=01;31:*.tbz2=01;31:*.tz=01;31:*.deb=01;31:*.rpm=01;31:*.jar=01;31:*.war=01;31:*.ear=01;31:*.sar=01;31:*.rar=01;31:*.alz=01;31:*.ace=01;31:*.zoo=01;31:*.cpio=01;31:*.7z=01;31:*.rz=01;31:*.cab=01;31:*.wim=01;31:*.swm=01;31:*.dwm=01;31:*.esd=01;31:*.jpg=01;35:*.jpeg=01;35:*.mjpg=01;35:*.mjpeg=01;35:*.gif=01;35:*.bmp=01;35:*.pbm=01;35:*.pgm=01;35:*.ppm=01;35:*.tga=01;35:*.xbm=01;35:*.xpm=01;35:*.tif=01;35:*.tiff=01;35:*.png=01;35:*.svg=01;35:*.svgz=01;35:*.mng=01;35:*.pcx=01;35:*.mov=01;35:*.mpg=01;35:*.mpeg=01;35:*.m2v=01;35:*.mkv=01;35:*.webm=01;35:*.webp=01;35:*.ogm=01;35:*.mp4=01;35:*.m4v=01;35:*.mp4v=01;35:*.vob=01;35:*.qt=01;35:*.nuv=01;35:*.wmv=01;35:*.asf=01;35:*.rm=01;35:*.rmvb=01;35:*.flc=01;35:*.avi=01;35:*.fli=01;35:*.flv=01;35:*.gl=01;35:*.dl=01;35:*.xcf=01;35:*.xwd=01;35:*.yuv=01;35:*.cgm=01;35:*.emf=01;35:*.ogv=01;35:*.ogx=01;35:*.aac=00;36:*.au=00;36:*.flac=00;36:*.m4a=00;36:*.mid=00;36:*.midi=00;36:*.mka=00;36:*.mp3=00;36:*.mpc=00;36:*.ogg=00;36:*.ra=00;36:*.wav=00;36:*.oga=00;36:*.opus=00;36:*.spx=00;36:*.xspf=00;36:', 'XDG_CURRENT_DESKTOP': 'ubuntu:GNOME', 'VTE_VERSION': '6800', 'WAYLAND_DISPLAY': 'wayland-0', 'GNOME_TERMINAL_SCREEN': '/org/gnome/Terminal/screen/b9f111c6_1614_4566_a43d_02029e2771b3', 'GNOME_SETUP_DISPLAY': ':1', 'LESSCLOSE': '/usr/bin/lesspipe %s %s', 'XDG_SESSION_CLASS': 'user', 'PYTHONPATH': '/home/vbharath/aesd_final_project/poky/bitbake/lib:/home/vbharath/aesd_final_project/poky/bitbake/lib:', 'TERM': 'xterm-256color', 'LESSOPEN': '| /usr/bin/lesspipe %s', 'GNOME_TERMINAL_SERVICE': ':1.110', 'DISPLAY': ':0', 'SHLVL': '2', 'QT_IM_MODULE': 'ibus', 'DBUS_STARTER_ADDRESS': 'unix:path=/run/user/1000/bus,guid=93d3290e7b812fe3c4b33f80680d88c5', 'XDG_RUNTIME_DIR': '/run/user/1000', 'XDG_DATA_DIRS': '/usr/share/ubuntu:/usr/local/share/:/usr/share/:/var/lib/snapd/desktop', 'GDMSESSION': 'ubuntu', 'DBUS_SESSION_BUS_ADDRESS': 'unix:path=/run/user/1000/bus,guid=93d3290e7b812fe3c4b33f80680d88c5', 'BUILDDIR': '/home/vbharath/aesd_final_project/build', 'OLDPWD': '/home/vbharath/aesd_final_project', '_': '/home/vbharath/aesd_final_project/poky/bitbake/bin/bitbake-layers'}, ['/home/vbharath/aesd_final_project/poky/bitbake/bin/bitbake-layers', 'add-layer', '../meta-openembedded/meta-webserver']]
563780 22:43:05.697208 Command Completed
563780 22:43:05.697576 Running command ['parseConfiguration']
563780 22:43:05.699261 Command Completed
563780 22:43:05.699681 Running command ['dataStoreConnectorCmd', 0, 'getVar', ('BBMULTICONFIG',), {}]
563780 22:43:05.699981 Command Completed
563780 22:43:05.700054 Running command ['dataStoreConnectorCmd', 0, 'getVar', ('BBPATH',), {}]
563780 22:43:05.700174 Command Completed
563780 22:43:05.703747 Running command ['dataStoreConnectorCmd', 0, 'getVar', ('BBLAYERS',), {}]
563780 22:43:05.703898 Command Completed
563780 22:43:05.704164 Running command ['dataStoreConnectorVarHistCmd', 0, 'get_variable_items_files', ('BBFILE_COLLECTIONS',), {}]
563780 22:43:05.704365 Command Completed
563780 22:43:05.705134 Running command ['dataStoreConnectorCmd', 0, 'getVar', ('BBLAYERS',), {}]
563780 22:43:05.705264 Command Completed
563780 22:43:05.705402 Running command ['dataStoreConnectorVarHistCmd', 0, 'get_variable_items_files', ('BBFILE_COLLECTIONS',), {}]
563780 22:43:05.705524 Command Completed
563780 22:43:05.706261 Running command ['dataStoreConnectorCmd', 0, 'getVar', ('BBLAYERS',), {}]
563780 22:43:05.706390 Command Completed
563780 22:43:05.706519 Running command ['dataStoreConnectorVarHistCmd', 0, 'get_variable_items_files', ('BBFILE_COLLECTIONS',), {}]
563780 22:43:05.706633 Command Completed
563780 22:43:05.707646 Running command ['dataStoreConnectorCmd', 0, 'getVar', ('BBLAYERS',), {}]
563780 22:43:05.707777 Command Completed
563780 22:43:05.708053 Running command ['dataStoreConnectorVarHistCmd', 0, 'get_variable_items_files', ('BBFILE_COLLECTIONS',), {}]
563780 22:43:05.708205 Command Completed
563780 22:43:05.709583 Running command ['clientComplete']
563780 22:43:05.709667 Command Completed
563780 22:43:05.710061 Processing Client
563780 22:43:05.710094 Disconnecting Client
563780 22:43:05.710179 No timeout, exiting.
563780 22:43:05.821904 Exiting
563780 22:43:05.827373 Original lockfile contents: ['563780\n']
563780 22:43:05.827519 Exiting as we could obtain the lock
sys:1: ResourceWarning: unclosed file <_io.TextIOWrapper name='/home/vbharath/aesd_final_project/build/bitbake-cookerdaemon.log' mode='a+' encoding='UTF-8'>
563793 22:43:06.019910 --- Starting bitbake server pid 563793 at 2025-04-29 22:43:06.019893 ---
563793 22:43:06.020465 Started bitbake server pid 563793
563793 22:43:06.020576 Entering server connection loop
563793 22:43:06.021251 Accepting [<socket.socket fd=6, family=AddressFamily.AF_UNIX, type=SocketKind.SOCK_STREAM, proto=0, laddr=bitbake.sock>] ([])
563793 22:43:06.021966 Processing Client
563793 22:43:06.022002 Connecting Client
563793 22:43:06.022146 Running command ['setFeatures', [2, 1]]
563793 22:43:06.022233 Command Completed
563793 22:43:06.022850 Running command ['updateConfig', {'halt': True, 'force': False, 'invalidate_stamp': None, 'dry_run': False, 'dump_signatures': [], 'extra_assume_provided': [], 'profile': False, 'prefile': [], 'postfile': [], 'server_timeout': None, 'nosetscene': False, 'setsceneonly': False, 'skipsetscene': False, 'runall': None, 'runonly': None, 'writeeventlog': None, 'build_verbose_shell': False, 'build_verbose_stdout': False, 'default_loglevel': 20, 'debug_domains': {}}, {'SHELL': '/bin/bash', 'BB_ENV_PASSTHROUGH_ADDITIONS': 'ALL_PROXY BBPATH_EXTRA BB_LOGCONFIG BB_NO_NETWORK BB_NUMBER_THREADS BB_SETSCENE_ENFORCE BB_SRCREV_POLICY DISTRO FTPS_PROXY FTP_PROXY GIT_PROXY_COMMAND HTTPS_PROXY HTTP_PROXY MACHINE NO_PROXY PARALLEL_MAKE SCREENDIR SDKMACHINE SOCKS5_PASSWD SOCKS5_USER SSH_AGENT_PID SSH_AUTH_SOCK STAMPS_DIR TCLIBC TCMODE all_proxy ftp_proxy ftps_proxy http_proxy https_proxy no_proxy ', 'SSH_AUTH_SOCK': '/run/user/1000/keyring/ssh', 'PWD': '/home/vbharath/aesd_final_project/build', 'LOGNAME': 'vbharath', 'HOME': '/home/vbharath', 'BBPATH': '/home/vbharath/aesd_final_project/build', 'USER': 'vbharath', 'PATH': '/home/vbharath/aesd_final_project/poky/scripts:/home/vbharath/aesd_final_project/poky/bitbake/bin:/usr/local/sbin:/usr/local/bin:/usr/sbin:/usr/bin:/sbin:/bin:/usr/games:/usr/local/games:/snap/bin:/snap/bin', 'LC_ALL': 'en_US.UTF-8', 'SESSION_MANAGER': 'local/ubuntu:@/tmp/.ICE-unix/1868,unix/ubuntu:/tmp/.ICE-unix/1868', 'QT_ACCESSIBILITY': '1', 'COLORTERM': 'truecolor', 'XDG_CONFIG_DIRS': '/etc/xdg/xdg-ubuntu:/etc/xdg', 'SSH_AGENT_LAUNCHER': 'gnome-keyring', 'XDG_MENU_PREFIX': 'gnome-', 'GNOME_DESKTOP_SESSION_ID': 'this-is-deprecated', 'GNOME_SHELL_SESSION_MODE': 'ubuntu', 'XMODIFIERS': '@im=ibus', 'DESKTOP_SESSION': 'ubuntu', 'GTK_MODULES': 'gail:atk-bridge', 'DBUS_STARTER_BUS_TYPE': 'session', 'XDG_SESSION_DESKTOP': 'ubuntu', 'XDG_SESSION_TYPE': 'wayland', 'SYSTEMD_EXEC_PID': '1868', 'XAUTHORITY': '/run/user/1000/.mutter-Xwaylandauth.XP1D52', 'USERNAME': 'vbharath', 'IM_CONFIG_PHASE': '1', 'LANG': 'en_US.UTF-8', 'LS_COLORS': 'rs=0:di=01;34:ln=01;36:mh=00:pi=40;33:so=01;35:do=01;35:bd=40;33;01:cd=40;33;01:or=40;31;01:mi=00:su=37;41:sg=30;43:ca=30;41:tw=30;42:ow=34;42:st=37;44:ex=01;32:*.tar=01;31:*.tgz=01;31:*.arc=01;31:*.arj=01;31:*.taz=01;31:*.lha=01;31:*.lz4=01;31:*.lzh=01;31:*.lzma=01;31:*.tlz=01;31:*.txz=01;31:*.tzo=01;31:*.t7z=01;31:*.zip=01;31:*.z=01;31:*.dz=01;31:*.gz=01;31:*.lrz=01;31:*.lz=01;31:*.lzo=01;31:*.xz=01;31:*.zst=01;31:*.tzst=01;31:*.bz2=01;31:*.bz=01;31:*.tbz=01;31:*.tbz2=01;31:*.tz=01;31:*.deb=01;31:*.rpm=01;31:*.jar=01;31:*.war=01;31:*.ear=01;31:*.sar=01;31:*.rar=01;31:*.alz=01;31:*.ace=01;31:*.zoo=01;31:*.cpio=01;31:*.7z=01;31:*.rz=01;31:*.cab=01;31:*.wim=01;31:*.swm=01;31:*.dwm=01;31:*.esd=01;31:*.jpg=01;35:*.jpeg=01;35:*.mjpg=01;35:*.mjpeg=01;35:*.gif=01;35:*.bmp=01;35:*.pbm=01;35:*.pgm=01;35:*.ppm=01;35:*.tga=01;35:*.xbm=01;35:*.xpm=01;35:*.tif=01;35:*.tiff=01;35:*.png=01;35:*.svg=01;35:*.svgz=01;35:*.mng=01;35:*.pcx=01;35:*.mov=01;35:*.mpg=01;35:*.mpeg=01;35:*.m2v=01;35:*.mkv=01;35:*.webm=01;35:*.webp=01;35:*.ogm=01;35:*.mp4=01;35:*.m4v=01;35:*.mp4v=01;35:*.vob=01;35:*.qt=01;35:*.nuv=01;35:*.wmv=01;35:*.asf=01;35:*.rm=01;35:*.rmvb=01;35:*.flc=01;35:*.avi=01;35:*.fli=01;35:*.flv=01;35:*.gl=01;35:*.dl=01;35:*.xcf=01;35:*.xwd=01;35:*.yuv=01;35:*.cgm=01;35:*.emf=01;35:*.ogv=01;35:*.ogx=01;35:*.aac=00;36:*.au=00;36:*.flac=00;36:*.m4a=00;36:*.mid=00;36:*.midi=00;36:*.mka=00;36:*.mp3=00;36:*.mpc=00;36:*.ogg=00;36:*.ra=00;36:*.wav=00;36:*.oga=00;36:*.opus=00;36:*.spx=00;36:*.xspf=00;36:', 'XDG_CURRENT_DESKTOP': 'ubuntu:GNOME', 'VTE_VERSION': '6800', 'WAYLAND_DISPLAY': 'wayland-0', 'GNOME_TERMINAL_SCREEN': '/org/gnome/Terminal/screen/b9f111c6_1614_4566_a43d_02029e2771b3', 'GNOME_SETUP_DISPLAY': ':1', 'LESSCLOSE': '/usr/bin/lesspipe %s %s', 'XDG_SESSION_CLASS': 'user', 'PYTHONPATH': '/home/vbharath/aesd_final_project/poky/bitbake/lib:/home/vbharath/aesd_final_project/poky/bitbake/lib:', 'TERM': 'xterm-256color', 'LESSOPEN': '| /usr/bin/lesspipe %s', 'GNOME_TERMINAL_SERVICE': ':1.110', 'DISPLAY': ':0', 'SHLVL': '2', 'QT_IM_MODULE': 'ibus', 'DBUS_STARTER_ADDRESS': 'unix:path=/run/user/1000/bus,guid=93d3290e7b812fe3c4b33f80680d88c5', 'XDG_RUNTIME_DIR': '/run/user/1000', 'XDG_DATA_DIRS': '/usr/share/ubuntu:/usr/local/share/:/usr/share/:/var/lib/snapd/desktop', 'GDMSESSION': 'ubuntu', 'DBUS_SESSION_BUS_ADDRESS': 'unix:path=/run/user/1000/bus,guid=93d3290e7b812fe3c4b33f80680d88c5', 'BUILDDIR': '/home/vbharath/aesd_final_project/build', 'OLDPWD': '/home/vbharath/aesd_final_project', '_': '/home/vbharath/aesd_final_project/poky/bitbake/bin/bitbake-layers'}, ['/home/vbharath/aesd_final_project/poky/bitbake/bin/bitbake-layers', 'add-layer', '../meta-openembedded/meta-networking']]
563793 22:43:06.263751 Command Completed
563793 22:43:06.264240 Running command ['parseConfiguration']
563793 22:43:06.265758 Command Completed
563793 22:43:06.266328 Running command ['dataStoreConnectorCmd', 0, 'getVar', ('BBMULTICONFIG',), {}]
563793 22:43:06.266622 Command Completed
563793 22:43:06.267053 Running command ['dataStoreConnectorCmd', 0, 'getVar', ('BBPATH',), {}]
563793 22:43:06.267243 Command Completed
563793 22:43:06.270792 Running command ['dataStoreConnectorCmd', 0, 'getVar', ('BBLAYERS',), {}]
563793 22:43:06.270939 Command Completed
563793 22:43:06.271146 Running command ['dataStoreConnectorVarHistCmd', 0, 'get_variable_items_files', ('BBFILE_COLLECTIONS',), {}]
563793 22:43:06.271303 Command Completed
563793 22:43:06.272678 Running command ['dataStoreConnectorCmd', 0, 'getVar', ('BBLAYERS',), {}]
563793 22:43:06.272806 Command Completed
563793 22:43:06.273038 Running command ['dataStoreConnectorVarHistCmd', 0, 'get_variable_items_files', ('BBFILE_COLLECTIONS',), {}]
563793 22:43:06.273177 Command Completed
563793 22:43:06.273931 Running command ['dataStoreConnectorCmd', 0, 'getVar', ('BBLAYERS',), {}]
563793 22:43:06.274021 Command Completed
563793 22:43:06.274156 Running command ['dataStoreConnectorVarHistCmd', 0, 'get_variable_items_files', ('BBFILE_COLLECTIONS',), {}]
563793 22:43:06.274273 Command Completed
563793 22:43:06.274852 Running command ['dataStoreConnectorCmd', 0, 'getVar', ('BBLAYERS',), {}]
563793 22:43:06.274942 Command Completed
563793 22:43:06.275070 Running command ['dataStoreConnectorVarHistCmd', 0, 'get_variable_items_files', ('BBFILE_COLLECTIONS',), {}]
563793 22:43:06.275174 Command Completed
563793 22:43:06.276801 Running command ['clientComplete']
563793 22:43:06.276892 Command Completed
563793 22:43:06.277283 Processing Client
563793 22:43:06.277316 Disconnecting Client
563793 22:43:06.277588 No timeout, exiting.
563793 22:43:06.428416 Exiting
563793 22:43:06.431563 Original lockfile contents: ['563793\n']
563793 22:43:06.431678 Exiting as we could obtain the lock
sys:1: ResourceWarning: unclosed file <_io.TextIOWrapper name='/home/vbharath/aesd_final_project/build/bitbake-cookerdaemon.log' mode='a+' encoding='UTF-8'>
563807 22:43:06.568603 --- Starting bitbake server pid 563807 at 2025-04-29 22:43:06.568591 ---
563807 22:43:06.569120 Started bitbake server pid 563807
563807 22:43:06.569238 Entering server connection loop
563807 22:43:06.570109 Accepting [<socket.socket fd=6, family=AddressFamily.AF_UNIX, type=SocketKind.SOCK_STREAM, proto=0, laddr=bitbake.sock>] ([])
563807 22:43:06.571036 Processing Client
563807 22:43:06.571063 Connecting Client
563807 22:43:06.571198 Running command ['setFeatures', [2, 1]]
563807 22:43:06.571279 Command Completed
563807 22:43:06.571795 Running command ['updateConfig', {'halt': True, 'force': False, 'invalidate_stamp': None, 'dry_run': False, 'dump_signatures': [], 'extra_assume_provided': [], 'profile': False, 'prefile': [], 'postfile': [], 'server_timeout': None, 'nosetscene': False, 'setsceneonly': False, 'skipsetscene': False, 'runall': None, 'runonly': None, 'writeeventlog': None, 'build_verbose_shell': False, 'build_verbose_stdout': False, 'default_loglevel': 20, 'debug_domains': {}}, {'SHELL': '/bin/bash', 'BB_ENV_PASSTHROUGH_ADDITIONS': 'ALL_PROXY BBPATH_EXTRA BB_LOGCONFIG BB_NO_NETWORK BB_NUMBER_THREADS BB_SETSCENE_ENFORCE BB_SRCREV_POLICY DISTRO FTPS_PROXY FTP_PROXY GIT_PROXY_COMMAND HTTPS_PROXY HTTP_PROXY MACHINE NO_PROXY PARALLEL_MAKE SCREENDIR SDKMACHINE SOCKS5_PASSWD SOCKS5_USER SSH_AGENT_PID SSH_AUTH_SOCK STAMPS_DIR TCLIBC TCMODE all_proxy ftp_proxy ftps_proxy http_proxy https_proxy no_proxy ', 'SSH_AUTH_SOCK': '/run/user/1000/keyring/ssh', 'PWD': '/home/vbharath/aesd_final_project/build', 'LOGNAME': 'vbharath', 'HOME': '/home/vbharath', 'BBPATH': '/home/vbharath/aesd_final_project/build', 'USER': 'vbharath', 'PATH': '/home/vbharath/aesd_final_project/poky/scripts:/home/vbharath/aesd_final_project/poky/bitbake/bin:/usr/local/sbin:/usr/local/bin:/usr/sbin:/usr/bin:/sbin:/bin:/usr/games:/usr/local/games:/snap/bin:/snap/bin', 'LC_ALL': 'en_US.UTF-8', 'SESSION_MANAGER': 'local/ubuntu:@/tmp/.ICE-unix/1868,unix/ubuntu:/tmp/.ICE-unix/1868', 'QT_ACCESSIBILITY': '1', 'COLORTERM': 'truecolor', 'XDG_CONFIG_DIRS': '/etc/xdg/xdg-ubuntu:/etc/xdg', 'SSH_AGENT_LAUNCHER': 'gnome-keyring', 'XDG_MENU_PREFIX': 'gnome-', 'GNOME_DESKTOP_SESSION_ID': 'this-is-deprecated', 'GNOME_SHELL_SESSION_MODE': 'ubuntu', 'XMODIFIERS': '@im=ibus', 'DESKTOP_SESSION': 'ubuntu', 'GTK_MODULES': 'gail:atk-bridge', 'DBUS_STARTER_BUS_TYPE': 'session', 'XDG_SESSION_DESKTOP': 'ubuntu', 'XDG_SESSION_TYPE': 'wayland', 'SYSTEMD_EXEC_PID': '1868', 'XAUTHORITY': '/run/user/1000/.mutter-Xwaylandauth.XP1D52', 'USERNAME': 'vbharath', 'IM_CONFIG_PHASE': '1', 'LANG': 'en_US.UTF-8', 'LS_COLORS': 'rs=0:di=01;34:ln=01;36:mh=00:pi=40;33:so=01;35:do=01;35:bd=40;33;01:cd=40;33;01:or=40;31;01:mi=00:su=37;41:sg=30;43:ca=30;41:tw=30;42:ow=34;42:st=37;44:ex=01;32:*.tar=01;31:*.tgz=01;31:*.arc=01;31:*.arj=01;31:*.taz=01;31:*.lha=01;31:*.lz4=01;31:*.lzh=01;31:*.lzma=01;31:*.tlz=01;31:*.txz=01;31:*.tzo=01;31:*.t7z=01;31:*.zip=01;31:*.z=01;31:*.dz=01;31:*.gz=01;31:*.lrz=01;31:*.lz=01;31:*.lzo=01;31:*.xz=01;31:*.zst=01;31:*.tzst=01;31:*.bz2=01;31:*.bz=01;31:*.tbz=01;31:*.tbz2=01;31:*.tz=01;31:*.deb=01;31:*.rpm=01;31:*.jar=01;31:*.war=01;31:*.ear=01;31:*.sar=01;31:*.rar=01;31:*.alz=01;31:*.ace=01;31:*.zoo=01;31:*.cpio=01;31:*.7z=01;31:*.rz=01;31:*.cab=01;31:*.wim=01;31:*.swm=01;31:*.dwm=01;31:*.esd=01;31:*.jpg=01;35:*.jpeg=01;35:*.mjpg=01;35:*.mjpeg=01;35:*.gif=01;35:*.bmp=01;35:*.pbm=01;35:*.pgm=01;35:*.ppm=01;35:*.tga=01;35:*.xbm=01;35:*.xpm=01;35:*.tif=01;35:*.tiff=01;35:*.png=01;35:*.svg=01;35:*.svgz=01;35:*.mng=01;35:*.pcx=01;35:*.mov=01;35:*.mpg=01;35:*.mpeg=01;35:*.m2v=01;35:*.mkv=01;35:*.webm=01;35:*.webp=01;35:*.ogm=01;35:*.mp4=01;35:*.m4v=01;35:*.mp4v=01;35:*.vob=01;35:*.qt=01;35:*.nuv=01;35:*.wmv=01;35:*.asf=01;35:*.rm=01;35:*.rmvb=01;35:*.flc=01;35:*.avi=01;35:*.fli=01;35:*.flv=01;35:*.gl=01;35:*.dl=01;35:*.xcf=01;35:*.xwd=01;35:*.yuv=01;35:*.cgm=01;35:*.emf=01;35:*.ogv=01;35:*.ogx=01;35:*.aac=00;36:*.au=00;36:*.flac=00;36:*.m4a=00;36:*.mid=00;36:*.midi=00;36:*.mka=00;36:*.mp3=00;36:*.mpc=00;36:*.ogg=00;36:*.ra=00;36:*.wav=00;36:*.oga=00;36:*.opus=00;36:*.spx=00;36:*.xspf=00;36:', 'XDG_CURRENT_DESKTOP': 'ubuntu:GNOME', 'VTE_VERSION': '6800', 'WAYLAND_DISPLAY': 'wayland-0', 'GNOME_TERMINAL_SCREEN': '/org/gnome/Terminal/screen/b9f111c6_1614_4566_a43d_02029e2771b3', 'GNOME_SETUP_DISPLAY': ':1', 'LESSCLOSE': '/usr/bin/lesspipe %s %s', 'XDG_SESSION_CLASS': 'user', 'PYTHONPATH': '/home/vbharath/aesd_final_project/poky/bitbake/lib:/home/vbharath/aesd_final_project/poky/bitbake/lib:', 'TERM': 'xterm-256color', 'LESSOPEN': '| /usr/bin/lesspipe %s', 'GNOME_TERMINAL_SERVICE': ':1.110', 'DISPLAY': ':0', 'SHLVL': '2', 'QT_IM_MODULE': 'ibus', 'DBUS_STARTER_ADDRESS': 'unix:path=/run/user/1000/bus,guid=93d3290e7b812fe3c4b33f80680d88c5', 'XDG_RUNTIME_DIR': '/run/user/1000', 'XDG_DATA_DIRS': '/usr/share/ubuntu:/usr/local/share/:/usr/share/:/var/lib/snapd/desktop', 'GDMSESSION': 'ubuntu', 'DBUS_SESSION_BUS_ADDRESS': 'unix:path=/run/user/1000/bus,guid=93d3290e7b812fe3c4b33f80680d88c5', 'BUILDDIR': '/home/vbharath/aesd_final_project/build', 'OLDPWD': '/home/vbharath/aesd_final_project', '_': '/home/vbharath/aesd_final_project/poky/bitbake/bin/bitbake-layers'}, ['/home/vbharath/aesd_final_project/poky/bitbake/bin/bitbake-layers', 'add-layer', '../meta-openembedded/meta-multimedia']]
563807 22:43:06.796422 Command Completed
563807 22:43:06.796751 Running command ['parseConfiguration']
563807 22:43:06.798216 Command Completed
563807 22:43:06.798446 Running command ['dataStoreConnectorCmd', 0, 'getVar', ('BBMULTICONFIG',), {}]
563807 22:43:06.798590 Command Completed
563807 22:43:06.799221 Running command ['dataStoreConnectorCmd', 0, 'getVar', ('BBPATH',), {}]
563807 22:43:06.799645 Command Completed
563807 22:43:06.802938 Running command ['dataStoreConnectorCmd', 0, 'getVar', ('BBLAYERS',), {}]
563807 22:43:06.803077 Command Completed
563807 22:43:06.803212 Running command ['dataStoreConnectorVarHistCmd', 0, 'get_variable_items_files', ('BBFILE_COLLECTIONS',), {}]
563807 22:43:06.803347 Command Completed
563807 22:43:06.804219 Running command ['dataStoreConnectorCmd', 0, 'getVar', ('BBLAYERS',), {}]
563807 22:43:06.804340 Command Completed
563807 22:43:06.804469 Running command ['dataStoreConnectorVarHistCmd', 0, 'get_variable_items_files', ('BBFILE_COLLECTIONS',), {}]
563807 22:43:06.804687 Command Completed
563807 22:43:06.805512 Running command ['dataStoreConnectorCmd', 0, 'getVar', ('BBLAYERS',), {}]
563807 22:43:06.805600 Command Completed
563807 22:43:06.805717 Running command ['dataStoreConnectorVarHistCmd', 0, 'get_variable_items_files', ('BBFILE_COLLECTIONS',), {}]
563807 22:43:06.805818 Command Completed
563807 22:43:06.806705 Running command ['dataStoreConnectorCmd', 0, 'getVar', ('BBLAYERS',), {}]
563807 22:43:06.806784 Command Completed
563807 22:43:06.806917 Running command ['dataStoreConnectorVarHistCmd', 0, 'get_variable_items_files', ('BBFILE_COLLECTIONS',), {}]
563807 22:43:06.807019 Command Completed
563807 22:43:06.808167 Running command ['clientComplete']
563807 22:43:06.808229 Command Completed
563807 22:43:06.808628 Processing Client
563807 22:43:06.808659 Disconnecting Client
563807 22:43:06.808742 No timeout, exiting.
563807 22:43:06.960882 Exiting
563807 22:43:06.969469 Original lockfile contents: ['563807\n']
563807 22:43:06.970359 Exiting as we could obtain the lock
sys:1: ResourceWarning: unclosed file <_io.TextIOWrapper name='/home/vbharath/aesd_final_project/build/bitbake-cookerdaemon.log' mode='a+' encoding='UTF-8'>
563821 22:43:07.115163 --- Starting bitbake server pid 563821 at 2025-04-29 22:43:07.115145 ---
563821 22:43:07.115761 Started bitbake server pid 563821
563821 22:43:07.115880 Entering server connection loop
563821 22:43:07.116212 Accepting [<socket.socket fd=6, family=AddressFamily.AF_UNIX, type=SocketKind.SOCK_STREAM, proto=0, laddr=bitbake.sock>] ([])
563821 22:43:07.117212 Processing Client
563821 22:43:07.117258 Connecting Client
563821 22:43:07.117407 Running command ['setFeatures', [2, 1]]
563821 22:43:07.117494 Command Completed
563821 22:43:07.118046 Running command ['updateConfig', {'halt': True, 'force': False, 'invalidate_stamp': None, 'dry_run': False, 'dump_signatures': [], 'extra_assume_provided': [], 'profile': False, 'prefile': [], 'postfile': [], 'server_timeout': None, 'nosetscene': False, 'setsceneonly': False, 'skipsetscene': False, 'runall': None, 'runonly': None, 'writeeventlog': None, 'build_verbose_shell': False, 'build_verbose_stdout': False, 'default_loglevel': 20, 'debug_domains': {}}, {'SHELL': '/bin/bash', 'BB_ENV_PASSTHROUGH_ADDITIONS': 'ALL_PROXY BBPATH_EXTRA BB_LOGCONFIG BB_NO_NETWORK BB_NUMBER_THREADS BB_SETSCENE_ENFORCE BB_SRCREV_POLICY DISTRO FTPS_PROXY FTP_PROXY GIT_PROXY_COMMAND HTTPS_PROXY HTTP_PROXY MACHINE NO_PROXY PARALLEL_MAKE SCREENDIR SDKMACHINE SOCKS5_PASSWD SOCKS5_USER SSH_AGENT_PID SSH_AUTH_SOCK STAMPS_DIR TCLIBC TCMODE all_proxy ftp_proxy ftps_proxy http_proxy https_proxy no_proxy ', 'SSH_AUTH_SOCK': '/run/user/1000/keyring/ssh', 'PWD': '/home/vbharath/aesd_final_project/build', 'LOGNAME': 'vbharath', 'HOME': '/home/vbharath', 'BBPATH': '/home/vbharath/aesd_final_project/build', 'USER': 'vbharath', 'PATH': '/home/vbharath/aesd_final_project/poky/scripts:/home/vbharath/aesd_final_project/poky/bitbake/bin:/usr/local/sbin:/usr/local/bin:/usr/sbin:/usr/bin:/sbin:/bin:/usr/games:/usr/local/games:/snap/bin:/snap/bin', 'LC_ALL': 'en_US.UTF-8', 'SESSION_MANAGER': 'local/ubuntu:@/tmp/.ICE-unix/1868,unix/ubuntu:/tmp/.ICE-unix/1868', 'QT_ACCESSIBILITY': '1', 'COLORTERM': 'truecolor', 'XDG_CONFIG_DIRS': '/etc/xdg/xdg-ubuntu:/etc/xdg', 'SSH_AGENT_LAUNCHER': 'gnome-keyring', 'XDG_MENU_PREFIX': 'gnome-', 'GNOME_DESKTOP_SESSION_ID': 'this-is-deprecated', 'GNOME_SHELL_SESSION_MODE': 'ubuntu', 'XMODIFIERS': '@im=ibus', 'DESKTOP_SESSION': 'ubuntu', 'GTK_MODULES': 'gail:atk-bridge', 'DBUS_STARTER_BUS_TYPE': 'session', 'XDG_SESSION_DESKTOP': 'ubuntu', 'XDG_SESSION_TYPE': 'wayland', 'SYSTEMD_EXEC_PID': '1868', 'XAUTHORITY': '/run/user/1000/.mutter-Xwaylandauth.XP1D52', 'USERNAME': 'vbharath', 'IM_CONFIG_PHASE': '1', 'LANG': 'en_US.UTF-8', 'LS_COLORS': 'rs=0:di=01;34:ln=01;36:mh=00:pi=40;33:so=01;35:do=01;35:bd=40;33;01:cd=40;33;01:or=40;31;01:mi=00:su=37;41:sg=30;43:ca=30;41:tw=30;42:ow=34;42:st=37;44:ex=01;32:*.tar=01;31:*.tgz=01;31:*.arc=01;31:*.arj=01;31:*.taz=01;31:*.lha=01;31:*.lz4=01;31:*.lzh=01;31:*.lzma=01;31:*.tlz=01;31:*.txz=01;31:*.tzo=01;31:*.t7z=01;31:*.zip=01;31:*.z=01;31:*.dz=01;31:*.gz=01;31:*.lrz=01;31:*.lz=01;31:*.lzo=01;31:*.xz=01;31:*.zst=01;31:*.tzst=01;31:*.bz2=01;31:*.bz=01;31:*.tbz=01;31:*.tbz2=01;31:*.tz=01;31:*.deb=01;31:*.rpm=01;31:*.jar=01;31:*.war=01;31:*.ear=01;31:*.sar=01;31:*.rar=01;31:*.alz=01;31:*.ace=01;31:*.zoo=01;31:*.cpio=01;31:*.7z=01;31:*.rz=01;31:*.cab=01;31:*.wim=01;31:*.swm=01;31:*.dwm=01;31:*.esd=01;31:*.jpg=01;35:*.jpeg=01;35:*.mjpg=01;35:*.mjpeg=01;35:*.gif=01;35:*.bmp=01;35:*.pbm=01;35:*.pgm=01;35:*.ppm=01;35:*.tga=01;35:*.xbm=01;35:*.xpm=01;35:*.tif=01;35:*.tiff=01;35:*.png=01;35:*.svg=01;35:*.svgz=01;35:*.mng=01;35:*.pcx=01;35:*.mov=01;35:*.mpg=01;35:*.mpeg=01;35:*.m2v=01;35:*.mkv=01;35:*.webm=01;35:*.webp=01;35:*.ogm=01;35:*.mp4=01;35:*.m4v=01;35:*.mp4v=01;35:*.vob=01;35:*.qt=01;35:*.nuv=01;35:*.wmv=01;35:*.asf=01;35:*.rm=01;35:*.rmvb=01;35:*.flc=01;35:*.avi=01;35:*.fli=01;35:*.flv=01;35:*.gl=01;35:*.dl=01;35:*.xcf=01;35:*.xwd=01;35:*.yuv=01;35:*.cgm=01;35:*.emf=01;35:*.ogv=01;35:*.ogx=01;35:*.aac=00;36:*.au=00;36:*.flac=00;36:*.m4a=00;36:*.mid=00;36:*.midi=00;36:*.mka=00;36:*.mp3=00;36:*.mpc=00;36:*.ogg=00;36:*.ra=00;36:*.wav=00;36:*.oga=00;36:*.opus=00;36:*.spx=00;36:*.xspf=00;36:', 'XDG_CURRENT_DESKTOP': 'ubuntu:GNOME', 'VTE_VERSION': '6800', 'WAYLAND_DISPLAY': 'wayland-0', 'GNOME_TERMINAL_SCREEN': '/org/gnome/Terminal/screen/b9f111c6_1614_4566_a43d_02029e2771b3', 'GNOME_SETUP_DISPLAY': ':1', 'LESSCLOSE': '/usr/bin/lesspipe %s %s', 'XDG_SESSION_CLASS': 'user', 'PYTHONPATH': '/home/vbharath/aesd_final_project/poky/bitbake/lib:/home/vbharath/aesd_final_project/poky/bitbake/lib:', 'TERM': 'xterm-256color', 'LESSOPEN': '| /usr/bin/lesspipe %s', 'GNOME_TERMINAL_SERVICE': ':1.110', 'DISPLAY': ':0', 'SHLVL': '2', 'QT_IM_MODULE': 'ibus', 'DBUS_STARTER_ADDRESS': 'unix:path=/run/user/1000/bus,guid=93d3290e7b812fe3c4b33f80680d88c5', 'XDG_RUNTIME_DIR': '/run/user/1000', 'XDG_DATA_DIRS': '/usr/share/ubuntu:/usr/local/share/:/usr/share/:/var/lib/snapd/desktop', 'GDMSESSION': 'ubuntu', 'DBUS_SESSION_BUS_ADDRESS': 'unix:path=/run/user/1000/bus,guid=93d3290e7b812fe3c4b33f80680d88c5', 'BUILDDIR': '/home/vbharath/aesd_final_project/build', 'OLDPWD': '/home/vbharath/aesd_final_project', '_': '/home/vbharath/aesd_final_project/poky/bitbake/bin/bitbake-layers'}, ['/home/vbharath/aesd_final_project/poky/bitbake/bin/bitbake-layers', 'add-layer', '../meta-tegra']]
563821 22:43:07.357846 Command Completed
563821 22:43:07.358259 Running command ['parseConfiguration']
563821 22:43:07.359742 Command Completed
563821 22:43:07.360235 Running command ['dataStoreConnectorCmd', 0, 'getVar', ('BBMULTICONFIG',), {}]
563821 22:43:07.360407 Command Completed
563821 22:43:07.360771 Running command ['dataStoreConnectorCmd', 0, 'getVar', ('BBPATH',), {}]
563821 22:43:07.360943 Command Completed
563821 22:43:07.365379 Running command ['dataStoreConnectorCmd', 0, 'getVar', ('BBLAYERS',), {}]
563821 22:43:07.365531 Command Completed
563821 22:43:07.365691 Running command ['dataStoreConnectorVarHistCmd', 0, 'get_variable_items_files', ('BBFILE_COLLECTIONS',), {}]
563821 22:43:07.365838 Command Completed
563821 22:43:07.366508 Running command ['dataStoreConnectorCmd', 0, 'getVar', ('BBLAYERS',), {}]
563821 22:43:07.366603 Command Completed
563821 22:43:07.366821 Running command ['dataStoreConnectorVarHistCmd', 0, 'get_variable_items_files', ('BBFILE_COLLECTIONS',), {}]
563821 22:43:07.366958 Command Completed
563821 22:43:07.367612 Running command ['dataStoreConnectorCmd', 0, 'getVar', ('BBLAYERS',), {}]
563821 22:43:07.367703 Command Completed
563821 22:43:07.367905 Running command ['dataStoreConnectorVarHistCmd', 0, 'get_variable_items_files', ('BBFILE_COLLECTIONS',), {}]
563821 22:43:07.368015 Command Completed
563821 22:43:07.368981 Running command ['dataStoreConnectorCmd', 0, 'getVar', ('BBLAYERS',), {}]
563821 22:43:07.369124 Command Completed
563821 22:43:07.369395 Running command ['dataStoreConnectorVarHistCmd', 0, 'get_variable_items_files', ('BBFILE_COLLECTIONS',), {}]
563821 22:43:07.369553 Command Completed
563821 22:43:07.371425 Running command ['clientComplete']
563821 22:43:07.371521 Command Completed
563821 22:43:07.372029 Processing Client
563821 22:43:07.372069 Disconnecting Client
563821 22:43:07.372172 No timeout, exiting.
563821 22:43:07.488839 Exiting
563821 22:43:07.491517 Original lockfile contents: ['563821\n']
563821 22:43:07.491901 Exiting as we could obtain the lock
sys:1: ResourceWarning: unclosed file <_io.TextIOWrapper name='/home/vbharath/aesd_final_project/build/bitbake-cookerdaemon.log' mode='a+' encoding='UTF-8'>
563834 22:43:07.656908 --- Starting bitbake server pid 563834 at 2025-04-29 22:43:07.656891 ---
563834 22:43:07.657427 Started bitbake server pid 563834
563834 22:43:07.657895 Entering server connection loop
563834 22:43:07.658059 Accepting [<socket.socket fd=6, family=AddressFamily.AF_UNIX, type=SocketKind.SOCK_STREAM, proto=0, laddr=bitbake.sock>] ([])
563834 22:43:07.658665 Processing Client
563834 22:43:07.658686 Connecting Client
563834 22:43:07.658894 Running command ['setFeatures', [2, 1]]
563834 22:43:07.658972 Command Completed
563834 22:43:07.659494 Running command ['updateConfig', {'halt': True, 'force': False, 'invalidate_stamp': None, 'dry_run': False, 'dump_signatures': [], 'extra_assume_provided': [], 'profile': False, 'prefile': [], 'postfile': [], 'server_timeout': None, 'nosetscene': False, 'setsceneonly': False, 'skipsetscene': False, 'runall': None, 'runonly': None, 'writeeventlog': None, 'build_verbose_shell': False, 'build_verbose_stdout': False, 'default_loglevel': 20, 'debug_domains': {}}, {'SHELL': '/bin/bash', 'BB_ENV_PASSTHROUGH_ADDITIONS': 'ALL_PROXY BBPATH_EXTRA BB_LOGCONFIG BB_NO_NETWORK BB_NUMBER_THREADS BB_SETSCENE_ENFORCE BB_SRCREV_POLICY DISTRO FTPS_PROXY FTP_PROXY GIT_PROXY_COMMAND HTTPS_PROXY HTTP_PROXY MACHINE NO_PROXY PARALLEL_MAKE SCREENDIR SDKMACHINE SOCKS5_PASSWD SOCKS5_USER SSH_AGENT_PID SSH_AUTH_SOCK STAMPS_DIR TCLIBC TCMODE all_proxy ftp_proxy ftps_proxy http_proxy https_proxy no_proxy ', 'SSH_AUTH_SOCK': '/run/user/1000/keyring/ssh', 'PWD': '/home/vbharath/aesd_final_project/build', 'LOGNAME': 'vbharath', 'HOME': '/home/vbharath', 'BBPATH': '/home/vbharath/aesd_final_project/build', 'USER': 'vbharath', 'PATH': '/home/vbharath/aesd_final_project/poky/scripts:/home/vbharath/aesd_final_project/poky/bitbake/bin:/usr/local/sbin:/usr/local/bin:/usr/sbin:/usr/bin:/sbin:/bin:/usr/games:/usr/local/games:/snap/bin:/snap/bin', 'LC_ALL': 'en_US.UTF-8', 'SESSION_MANAGER': 'local/ubuntu:@/tmp/.ICE-unix/1868,unix/ubuntu:/tmp/.ICE-unix/1868', 'QT_ACCESSIBILITY': '1', 'COLORTERM': 'truecolor', 'XDG_CONFIG_DIRS': '/etc/xdg/xdg-ubuntu:/etc/xdg', 'SSH_AGENT_LAUNCHER': 'gnome-keyring', 'XDG_MENU_PREFIX': 'gnome-', 'GNOME_DESKTOP_SESSION_ID': 'this-is-deprecated', 'GNOME_SHELL_SESSION_MODE': 'ubuntu', 'XMODIFIERS': '@im=ibus', 'DESKTOP_SESSION': 'ubuntu', 'GTK_MODULES': 'gail:atk-bridge', 'DBUS_STARTER_BUS_TYPE': 'session', 'XDG_SESSION_DESKTOP': 'ubuntu', 'XDG_SESSION_TYPE': 'wayland', 'SYSTEMD_EXEC_PID': '1868', 'XAUTHORITY': '/run/user/1000/.mutter-Xwaylandauth.XP1D52', 'USERNAME': 'vbharath', 'IM_CONFIG_PHASE': '1', 'LANG': 'en_US.UTF-8', 'LS_COLORS': 'rs=0:di=01;34:ln=01;36:mh=00:pi=40;33:so=01;35:do=01;35:bd=40;33;01:cd=40;33;01:or=40;31;01:mi=00:su=37;41:sg=30;43:ca=30;41:tw=30;42:ow=34;42:st=37;44:ex=01;32:*.tar=01;31:*.tgz=01;31:*.arc=01;31:*.arj=01;31:*.taz=01;31:*.lha=01;31:*.lz4=01;31:*.lzh=01;31:*.lzma=01;31:*.tlz=01;31:*.txz=01;31:*.tzo=01;31:*.t7z=01;31:*.zip=01;31:*.z=01;31:*.dz=01;31:*.gz=01;31:*.lrz=01;31:*.lz=01;31:*.lzo=01;31:*.xz=01;31:*.zst=01;31:*.tzst=01;31:*.bz2=01;31:*.bz=01;31:*.tbz=01;31:*.tbz2=01;31:*.tz=01;31:*.deb=01;31:*.rpm=01;31:*.jar=01;31:*.war=01;31:*.ear=01;31:*.sar=01;31:*.rar=01;31:*.alz=01;31:*.ace=01;31:*.zoo=01;31:*.cpio=01;31:*.7z=01;31:*.rz=01;31:*.cab=01;31:*.wim=01;31:*.swm=01;31:*.dwm=01;31:*.esd=01;31:*.jpg=01;35:*.jpeg=01;35:*.mjpg=01;35:*.mjpeg=01;35:*.gif=01;35:*.bmp=01;35:*.pbm=01;35:*.pgm=01;35:*.ppm=01;35:*.tga=01;35:*.xbm=01;35:*.xpm=01;35:*.tif=01;35:*.tiff=01;35:*.png=01;35:*.svg=01;35:*.svgz=01;35:*.mng=01;35:*.pcx=01;35:*.mov=01;35:*.mpg=01;35:*.mpeg=01;35:*.m2v=01;35:*.mkv=01;35:*.webm=01;35:*.webp=01;35:*.ogm=01;35:*.mp4=01;35:*.m4v=01;35:*.mp4v=01;35:*.vob=01;35:*.qt=01;35:*.nuv=01;35:*.wmv=01;35:*.asf=01;35:*.rm=01;35:*.rmvb=01;35:*.flc=01;35:*.avi=01;35:*.fli=01;35:*.flv=01;35:*.gl=01;35:*.dl=01;35:*.xcf=01;35:*.xwd=01;35:*.yuv=01;35:*.cgm=01;35:*.emf=01;35:*.ogv=01;35:*.ogx=01;35:*.aac=00;36:*.au=00;36:*.flac=00;36:*.m4a=00;36:*.mid=00;36:*.midi=00;36:*.mka=00;36:*.mp3=00;36:*.mpc=00;36:*.ogg=00;36:*.ra=00;36:*.wav=00;36:*.oga=00;36:*.opus=00;36:*.spx=00;36:*.xspf=00;36:', 'XDG_CURRENT_DESKTOP': 'ubuntu:GNOME', 'VTE_VERSION': '6800', 'WAYLAND_DISPLAY': 'wayland-0', 'GNOME_TERMINAL_SCREEN': '/org/gnome/Terminal/screen/b9f111c6_1614_4566_a43d_02029e2771b3', 'GNOME_SETUP_DISPLAY': ':1', 'LESSCLOSE': '/usr/bin/lesspipe %s %s', 'XDG_SESSION_CLASS': 'user', 'PYTHONPATH': '/home/vbharath/aesd_final_project/poky/bitbake/lib:/home/vbharath/aesd_final_project/poky/bitbake/lib:', 'TERM': 'xterm-256color', 'LESSOPEN': '| /usr/bin/lesspipe %s', 'GNOME_TERMINAL_SERVICE': ':1.110', 'DISPLAY': ':0', 'SHLVL': '2', 'QT_IM_MODULE': 'ibus', 'DBUS_STARTER_ADDRESS': 'unix:path=/run/user/1000/bus,guid=93d3290e7b812fe3c4b33f80680d88c5', 'XDG_RUNTIME_DIR': '/run/user/1000', 'XDG_DATA_DIRS': '/usr/share/ubuntu:/usr/local/share/:/usr/share/:/var/lib/snapd/desktop', 'GDMSESSION': 'ubuntu', 'DBUS_SESSION_BUS_ADDRESS': 'unix:path=/run/user/1000/bus,guid=93d3290e7b812fe3c4b33f80680d88c5', 'BUILDDIR': '/home/vbharath/aesd_final_project/build', 'OLDPWD': '/home/vbharath/aesd_final_project', '_': '/home/vbharath/aesd_final_project/poky/bitbake/bin/bitbake-layers'}, ['/home/vbharath/aesd_final_project/poky/bitbake/bin/bitbake-layers', 'add-layer', '../meta-openembedded/meta-filesystems']]
563834 22:43:07.891731 Command Completed
563834 22:43:07.892089 Running command ['parseConfiguration']
563834 22:43:07.893603 Command Completed
563834 22:43:07.893774 Running command ['dataStoreConnectorCmd', 0, 'getVar', ('BBMULTICONFIG',), {}]
563834 22:43:07.893918 Command Completed
563834 22:43:07.894093 Running command ['dataStoreConnectorCmd', 0, 'getVar', ('BBPATH',), {}]
563834 22:43:07.894217 Command Completed
563834 22:43:07.897851 Running command ['dataStoreConnectorCmd', 0, 'getVar', ('BBLAYERS',), {}]
563834 22:43:07.898002 Command Completed
563834 22:43:07.898230 Running command ['dataStoreConnectorVarHistCmd', 0, 'get_variable_items_files', ('BBFILE_COLLECTIONS',), {}]
563834 22:43:07.898446 Command Completed
563834 22:43:07.899552 Running command ['dataStoreConnectorCmd', 0, 'getVar', ('BBLAYERS',), {}]
563834 22:43:07.899650 Command Completed
563834 22:43:07.899867 Running command ['dataStoreConnectorVarHistCmd', 0, 'get_variable_items_files', ('BBFILE_COLLECTIONS',), {}]
563834 22:43:07.899977 Command Completed
563834 22:43:07.900646 Running command ['dataStoreConnectorCmd', 0, 'getVar', ('BBLAYERS',), {}]
563834 22:43:07.900727 Command Completed
563834 22:43:07.900897 Running command ['dataStoreConnectorVarHistCmd', 0, 'get_variable_items_files', ('BBFILE_COLLECTIONS',), {}]
563834 22:43:07.901001 Command Completed
563834 22:43:07.901541 Running command ['dataStoreConnectorCmd', 0, 'getVar', ('BBLAYERS',), {}]
563834 22:43:07.901625 Command Completed
563834 22:43:07.901745 Running command ['dataStoreConnectorVarHistCmd', 0, 'get_variable_items_files', ('BBFILE_COLLECTIONS',), {}]
563834 22:43:07.901904 Command Completed
563834 22:43:07.902986 Running command ['clientComplete']
563834 22:43:07.903052 Command Completed
563834 22:43:07.903397 Processing Client
563834 22:43:07.903428 Disconnecting Client
563834 22:43:07.903582 No timeout, exiting.
563834 22:43:08.057337 Exiting
563834 22:43:08.059721 Original lockfile contents: ['563834\n']
563834 22:43:08.059828 Exiting as we could obtain the lock
sys:1: ResourceWarning: unclosed file <_io.TextIOWrapper name='/home/vbharath/aesd_final_project/build/bitbake-cookerdaemon.log' mode='a+' encoding='UTF-8'>
563848 22:43:08.199277 --- Starting bitbake server pid 563848 at 2025-04-29 22:43:08.199259 ---
563848 22:43:08.199943 Started bitbake server pid 563848
563848 22:43:08.200062 Entering server connection loop
563848 22:43:08.200595 Accepting [<socket.socket fd=6, family=AddressFamily.AF_UNIX, type=SocketKind.SOCK_STREAM, proto=0, laddr=bitbake.sock>] ([])
563848 22:43:08.201478 Processing Client
563848 22:43:08.201502 Connecting Client
563848 22:43:08.201640 Running command ['setFeatures', [2, 1]]
563848 22:43:08.201721 Command Completed
563848 22:43:08.202367 Running command ['updateConfig', {'halt': True, 'force': False, 'invalidate_stamp': None, 'dry_run': False, 'dump_signatures': [], 'extra_assume_provided': [], 'profile': False, 'prefile': [], 'postfile': [], 'server_timeout': None, 'nosetscene': False, 'setsceneonly': False, 'skipsetscene': False, 'runall': None, 'runonly': None, 'writeeventlog': None, 'build_verbose_shell': False, 'build_verbose_stdout': False, 'default_loglevel': 20, 'debug_domains': {}}, {'SHELL': '/bin/bash', 'BB_ENV_PASSTHROUGH_ADDITIONS': 'ALL_PROXY BBPATH_EXTRA BB_LOGCONFIG BB_NO_NETWORK BB_NUMBER_THREADS BB_SETSCENE_ENFORCE BB_SRCREV_POLICY DISTRO FTPS_PROXY FTP_PROXY GIT_PROXY_COMMAND HTTPS_PROXY HTTP_PROXY MACHINE NO_PROXY PARALLEL_MAKE SCREENDIR SDKMACHINE SOCKS5_PASSWD SOCKS5_USER SSH_AGENT_PID SSH_AUTH_SOCK STAMPS_DIR TCLIBC TCMODE all_proxy ftp_proxy ftps_proxy http_proxy https_proxy no_proxy ', 'SSH_AUTH_SOCK': '/run/user/1000/keyring/ssh', 'PWD': '/home/vbharath/aesd_final_project/build', 'LOGNAME': 'vbharath', 'HOME': '/home/vbharath', 'BBPATH': '/home/vbharath/aesd_final_project/build', 'USER': 'vbharath', 'PATH': '/home/vbharath/aesd_final_project/poky/scripts:/home/vbharath/aesd_final_project/poky/bitbake/bin:/usr/local/sbin:/usr/local/bin:/usr/sbin:/usr/bin:/sbin:/bin:/usr/games:/usr/local/games:/snap/bin:/snap/bin', 'LC_ALL': 'en_US.UTF-8', 'SESSION_MANAGER': 'local/ubuntu:@/tmp/.ICE-unix/1868,unix/ubuntu:/tmp/.ICE-unix/1868', 'QT_ACCESSIBILITY': '1', 'COLORTERM': 'truecolor', 'XDG_CONFIG_DIRS': '/etc/xdg/xdg-ubuntu:/etc/xdg', 'SSH_AGENT_LAUNCHER': 'gnome-keyring', 'XDG_MENU_PREFIX': 'gnome-', 'GNOME_DESKTOP_SESSION_ID': 'this-is-deprecated', 'GNOME_SHELL_SESSION_MODE': 'ubuntu', 'XMODIFIERS': '@im=ibus', 'DESKTOP_SESSION': 'ubuntu', 'GTK_MODULES': 'gail:atk-bridge', 'DBUS_STARTER_BUS_TYPE': 'session', 'XDG_SESSION_DESKTOP': 'ubuntu', 'XDG_SESSION_TYPE': 'wayland', 'SYSTEMD_EXEC_PID': '1868', 'XAUTHORITY': '/run/user/1000/.mutter-Xwaylandauth.XP1D52', 'USERNAME': 'vbharath', 'IM_CONFIG_PHASE': '1', 'LANG': 'en_US.UTF-8', 'LS_COLORS': 'rs=0:di=01;34:ln=01;36:mh=00:pi=40;33:so=01;35:do=01;35:bd=40;33;01:cd=40;33;01:or=40;31;01:mi=00:su=37;41:sg=30;43:ca=30;41:tw=30;42:ow=34;42:st=37;44:ex=01;32:*.tar=01;31:*.tgz=01;31:*.arc=01;31:*.arj=01;31:*.taz=01;31:*.lha=01;31:*.lz4=01;31:*.lzh=01;31:*.lzma=01;31:*.tlz=01;31:*.txz=01;31:*.tzo=01;31:*.t7z=01;31:*.zip=01;31:*.z=01;31:*.dz=01;31:*.gz=01;31:*.lrz=01;31:*.lz=01;31:*.lzo=01;31:*.xz=01;31:*.zst=01;31:*.tzst=01;31:*.bz2=01;31:*.bz=01;31:*.tbz=01;31:*.tbz2=01;31:*.tz=01;31:*.deb=01;31:*.rpm=01;31:*.jar=01;31:*.war=01;31:*.ear=01;31:*.sar=01;31:*.rar=01;31:*.alz=01;31:*.ace=01;31:*.zoo=01;31:*.cpio=01;31:*.7z=01;31:*.rz=01;31:*.cab=01;31:*.wim=01;31:*.swm=01;31:*.dwm=01;31:*.esd=01;31:*.jpg=01;35:*.jpeg=01;35:*.mjpg=01;35:*.mjpeg=01;35:*.gif=01;35:*.bmp=01;35:*.pbm=01;35:*.pgm=01;35:*.ppm=01;35:*.tga=01;35:*.xbm=01;35:*.xpm=01;35:*.tif=01;35:*.tiff=01;35:*.png=01;35:*.svg=01;35:*.svgz=01;35:*.mng=01;35:*.pcx=01;35:*.mov=01;35:*.mpg=01;35:*.mpeg=01;35:*.m2v=01;35:*.mkv=01;35:*.webm=01;35:*.webp=01;35:*.ogm=01;35:*.mp4=01;35:*.m4v=01;35:*.mp4v=01;35:*.vob=01;35:*.qt=01;35:*.nuv=01;35:*.wmv=01;35:*.asf=01;35:*.rm=01;35:*.rmvb=01;35:*.flc=01;35:*.avi=01;35:*.fli=01;35:*.flv=01;35:*.gl=01;35:*.dl=01;35:*.xcf=01;35:*.xwd=01;35:*.yuv=01;35:*.cgm=01;35:*.emf=01;35:*.ogv=01;35:*.ogx=01;35:*.aac=00;36:*.au=00;36:*.flac=00;36:*.m4a=00;36:*.mid=00;36:*.midi=00;36:*.mka=00;36:*.mp3=00;36:*.mpc=00;36:*.ogg=00;36:*.ra=00;36:*.wav=00;36:*.oga=00;36:*.opus=00;36:*.spx=00;36:*.xspf=00;36:', 'XDG_CURRENT_DESKTOP': 'ubuntu:GNOME', 'VTE_VERSION': '6800', 'WAYLAND_DISPLAY': 'wayland-0', 'GNOME_TERMINAL_SCREEN': '/org/gnome/Terminal/screen/b9f111c6_1614_4566_a43d_02029e2771b3', 'GNOME_SETUP_DISPLAY': ':1', 'LESSCLOSE': '/usr/bin/lesspipe %s %s', 'XDG_SESSION_CLASS': 'user', 'PYTHONPATH': '/home/vbharath/aesd_final_project/poky/bitbake/lib:/home/vbharath/aesd_final_project/poky/bitbake/lib:', 'TERM': 'xterm-256color', 'LESSOPEN': '| /usr/bin/lesspipe %s', 'GNOME_TERMINAL_SERVICE': ':1.110', 'DISPLAY': ':0', 'SHLVL': '2', 'QT_IM_MODULE': 'ibus', 'DBUS_STARTER_ADDRESS': 'unix:path=/run/user/1000/bus,guid=93d3290e7b812fe3c4b33f80680d88c5', 'XDG_RUNTIME_DIR': '/run/user/1000', 'XDG_DATA_DIRS': '/usr/share/ubuntu:/usr/local/share/:/usr/share/:/var/lib/snapd/desktop', 'GDMSESSION': 'ubuntu', 'DBUS_SESSION_BUS_ADDRESS': 'unix:path=/run/user/1000/bus,guid=93d3290e7b812fe3c4b33f80680d88c5', 'BUILDDIR': '/home/vbharath/aesd_final_project/build', 'OLDPWD': '/home/vbharath/aesd_final_project', '_': '/home/vbharath/aesd_final_project/poky/bitbake/bin/bitbake-layers'}, ['/home/vbharath/aesd_final_project/poky/bitbake/bin/bitbake-layers', 'add-layer', '../meta-virtualization']]
563848 22:43:08.445986 Command Completed
563848 22:43:08.446443 Running command ['parseConfiguration']
563848 22:43:08.448149 Command Completed
563848 22:43:08.448779 Running command ['dataStoreConnectorCmd', 0, 'getVar', ('BBMULTICONFIG',), {}]
563848 22:43:08.448962 Command Completed
563848 22:43:08.449278 Running command ['dataStoreConnectorCmd', 0, 'getVar', ('BBPATH',), {}]
563848 22:43:08.449454 Command Completed
563848 22:43:08.453229 Running command ['dataStoreConnectorCmd', 0, 'getVar', ('BBLAYERS',), {}]
563848 22:43:08.453368 Command Completed
563848 22:43:08.453566 Running command ['dataStoreConnectorVarHistCmd', 0, 'get_variable_items_files', ('BBFILE_COLLECTIONS',), {}]
563848 22:43:08.453818 Command Completed
563848 22:43:08.454856 Running command ['dataStoreConnectorCmd', 0, 'getVar', ('BBLAYERS',), {}]
563848 22:43:08.454987 Command Completed
563848 22:43:08.455110 Running command ['dataStoreConnectorVarHistCmd', 0, 'get_variable_items_files', ('BBFILE_COLLECTIONS',), {}]
563848 22:43:08.455233 Command Completed
563848 22:43:08.456432 Running command ['dataStoreConnectorCmd', 0, 'getVar', ('BBLAYERS',), {}]
563848 22:43:08.456870 Command Completed
563848 22:43:08.456999 Running command ['dataStoreConnectorVarHistCmd', 0, 'get_variable_items_files', ('BBFILE_COLLECTIONS',), {}]
563848 22:43:08.457113 Command Completed
563848 22:43:08.458015 Running command ['dataStoreConnectorCmd', 0, 'getVar', ('BBLAYERS',), {}]
563848 22:43:08.458152 Command Completed
563848 22:43:08.458275 Running command ['dataStoreConnectorVarHistCmd', 0, 'get_variable_items_files', ('BBFILE_COLLECTIONS',), {}]
563848 22:43:08.458396 Command Completed
563848 22:43:08.459738 Running command ['clientComplete']
563848 22:43:08.459817 Command Completed
563848 22:43:08.460189 Processing Client
563848 22:43:08.460223 Disconnecting Client
563848 22:43:08.460320 No timeout, exiting.
563848 22:43:08.597736 Exiting
563848 22:43:08.600722 Original lockfile contents: ['563848\n']
563848 22:43:08.601019 Exiting as we could obtain the lock
sys:1: ResourceWarning: unclosed file <_io.TextIOWrapper name='/home/vbharath/aesd_final_project/build/bitbake-cookerdaemon.log' mode='a+' encoding='UTF-8'>
563861 22:43:08.740048 --- Starting bitbake server pid 563861 at 2025-04-29 22:43:08.740031 ---
563861 22:43:08.740707 Started bitbake server pid 563861
563861 22:43:08.740817 Entering server connection loop
563861 22:43:08.741008 Accepting [<socket.socket fd=6, family=AddressFamily.AF_UNIX, type=SocketKind.SOCK_STREAM, proto=0, laddr=bitbake.sock>] ([])
563861 22:43:08.741700 Processing Client
563861 22:43:08.741732 Connecting Client
563861 22:43:08.741865 Running command ['setFeatures', [2, 1]]
563861 22:43:08.741938 Command Completed
563861 22:43:08.742423 Running command ['updateConfig', {'halt': True, 'force': False, 'invalidate_stamp': None, 'dry_run': False, 'dump_signatures': [], 'extra_assume_provided': [], 'profile': False, 'prefile': [], 'postfile': [], 'server_timeout': None, 'nosetscene': False, 'setsceneonly': False, 'skipsetscene': False, 'runall': None, 'runonly': None, 'writeeventlog': None, 'build_verbose_shell': False, 'build_verbose_stdout': False, 'default_loglevel': 20, 'debug_domains': {}}, {'SHELL': '/bin/bash', 'BB_ENV_PASSTHROUGH_ADDITIONS': 'ALL_PROXY BBPATH_EXTRA BB_LOGCONFIG BB_NO_NETWORK BB_NUMBER_THREADS BB_SETSCENE_ENFORCE BB_SRCREV_POLICY DISTRO FTPS_PROXY FTP_PROXY GIT_PROXY_COMMAND HTTPS_PROXY HTTP_PROXY MACHINE NO_PROXY PARALLEL_MAKE SCREENDIR SDKMACHINE SOCKS5_PASSWD SOCKS5_USER SSH_AGENT_PID SSH_AUTH_SOCK STAMPS_DIR TCLIBC TCMODE all_proxy ftp_proxy ftps_proxy http_proxy https_proxy no_proxy ', 'SSH_AUTH_SOCK': '/run/user/1000/keyring/ssh', 'PWD': '/home/vbharath/aesd_final_project/build', 'LOGNAME': 'vbharath', 'HOME': '/home/vbharath', 'BBPATH': '/home/vbharath/aesd_final_project/build', 'USER': 'vbharath', 'PATH': '/home/vbharath/aesd_final_project/poky/scripts:/home/vbharath/aesd_final_project/poky/bitbake/bin:/usr/local/sbin:/usr/local/bin:/usr/sbin:/usr/bin:/sbin:/bin:/usr/games:/usr/local/games:/snap/bin:/snap/bin', 'LC_ALL': 'en_US.UTF-8', 'SESSION_MANAGER': 'local/ubuntu:@/tmp/.ICE-unix/1868,unix/ubuntu:/tmp/.ICE-unix/1868', 'QT_ACCESSIBILITY': '1', 'COLORTERM': 'truecolor', 'XDG_CONFIG_DIRS': '/etc/xdg/xdg-ubuntu:/etc/xdg', 'SSH_AGENT_LAUNCHER': 'gnome-keyring', 'XDG_MENU_PREFIX': 'gnome-', 'GNOME_DESKTOP_SESSION_ID': 'this-is-deprecated', 'GNOME_SHELL_SESSION_MODE': 'ubuntu', 'XMODIFIERS': '@im=ibus', 'DESKTOP_SESSION': 'ubuntu', 'GTK_MODULES': 'gail:atk-bridge', 'DBUS_STARTER_BUS_TYPE': 'session', 'XDG_SESSION_DESKTOP': 'ubuntu', 'XDG_SESSION_TYPE': 'wayland', 'SYSTEMD_EXEC_PID': '1868', 'XAUTHORITY': '/run/user/1000/.mutter-Xwaylandauth.XP1D52', 'USERNAME': 'vbharath', 'IM_CONFIG_PHASE': '1', 'LANG': 'en_US.UTF-8', 'LS_COLORS': 'rs=0:di=01;34:ln=01;36:mh=00:pi=40;33:so=01;35:do=01;35:bd=40;33;01:cd=40;33;01:or=40;31;01:mi=00:su=37;41:sg=30;43:ca=30;41:tw=30;42:ow=34;42:st=37;44:ex=01;32:*.tar=01;31:*.tgz=01;31:*.arc=01;31:*.arj=01;31:*.taz=01;31:*.lha=01;31:*.lz4=01;31:*.lzh=01;31:*.lzma=01;31:*.tlz=01;31:*.txz=01;31:*.tzo=01;31:*.t7z=01;31:*.zip=01;31:*.z=01;31:*.dz=01;31:*.gz=01;31:*.lrz=01;31:*.lz=01;31:*.lzo=01;31:*.xz=01;31:*.zst=01;31:*.tzst=01;31:*.bz2=01;31:*.bz=01;31:*.tbz=01;31:*.tbz2=01;31:*.tz=01;31:*.deb=01;31:*.rpm=01;31:*.jar=01;31:*.war=01;31:*.ear=01;31:*.sar=01;31:*.rar=01;31:*.alz=01;31:*.ace=01;31:*.zoo=01;31:*.cpio=01;31:*.7z=01;31:*.rz=01;31:*.cab=01;31:*.wim=01;31:*.swm=01;31:*.dwm=01;31:*.esd=01;31:*.jpg=01;35:*.jpeg=01;35:*.mjpg=01;35:*.mjpeg=01;35:*.gif=01;35:*.bmp=01;35:*.pbm=01;35:*.pgm=01;35:*.ppm=01;35:*.tga=01;35:*.xbm=01;35:*.xpm=01;35:*.tif=01;35:*.tiff=01;35:*.png=01;35:*.svg=01;35:*.svgz=01;35:*.mng=01;35:*.pcx=01;35:*.mov=01;35:*.mpg=01;35:*.mpeg=01;35:*.m2v=01;35:*.mkv=01;35:*.webm=01;35:*.webp=01;35:*.ogm=01;35:*.mp4=01;35:*.m4v=01;35:*.mp4v=01;35:*.vob=01;35:*.qt=01;35:*.nuv=01;35:*.wmv=01;35:*.asf=01;35:*.rm=01;35:*.rmvb=01;35:*.flc=01;35:*.avi=01;35:*.fli=01;35:*.flv=01;35:*.gl=01;35:*.dl=01;35:*.xcf=01;35:*.xwd=01;35:*.yuv=01;35:*.cgm=01;35:*.emf=01;35:*.ogv=01;35:*.ogx=01;35:*.aac=00;36:*.au=00;36:*.flac=00;36:*.m4a=00;36:*.mid=00;36:*.midi=00;36:*.mka=00;36:*.mp3=00;36:*.mpc=00;36:*.ogg=00;36:*.ra=00;36:*.wav=00;36:*.oga=00;36:*.opus=00;36:*.spx=00;36:*.xspf=00;36:', 'XDG_CURRENT_DESKTOP': 'ubuntu:GNOME', 'VTE_VERSION': '6800', 'WAYLAND_DISPLAY': 'wayland-0', 'GNOME_TERMINAL_SCREEN': '/org/gnome/Terminal/screen/b9f111c6_1614_4566_a43d_02029e2771b3', 'GNOME_SETUP_DISPLAY': ':1', 'LESSCLOSE': '/usr/bin/lesspipe %s %s', 'XDG_SESSION_CLASS': 'user', 'PYTHONPATH': '/home/vbharath/aesd_final_project/poky/bitbake/lib:/home/vbharath/aesd_final_project/poky/bitbake/lib:', 'TERM': 'xterm-256color', 'LESSOPEN': '| /usr/bin/lesspipe %s', 'GNOME_TERMINAL_SERVICE': ':1.110', 'DISPLAY': ':0', 'SHLVL': '2', 'QT_IM_MODULE': 'ibus', 'DBUS_STARTER_ADDRESS': 'unix:path=/run/user/1000/bus,guid=93d3290e7b812fe3c4b33f80680d88c5', 'XDG_RUNTIME_DIR': '/run/user/1000', 'XDG_DATA_DIRS': '/usr/share/ubuntu:/usr/local/share/:/usr/share/:/var/lib/snapd/desktop', 'GDMSESSION': 'ubuntu', 'DBUS_SESSION_BUS_ADDRESS': 'unix:path=/run/user/1000/bus,guid=93d3290e7b812fe3c4b33f80680d88c5', 'BUILDDIR': '/home/vbharath/aesd_final_project/build', 'OLDPWD': '/home/vbharath/aesd_final_project', '_': '/home/vbharath/aesd_final_project/poky/bitbake/bin/bitbake-layers'}, ['/home/vbharath/aesd_final_project/poky/bitbake/bin/bitbake-layers', 'add-layer', '../meta-custom']]
563861 22:43:08.975905 Command Completed
563861 22:43:08.976294 Running command ['parseConfiguration']
563861 22:43:08.977757 Command Completed
563861 22:43:08.978010 Running command ['dataStoreConnectorCmd', 0, 'getVar', ('BBMULTICONFIG',), {}]
563861 22:43:08.978178 Command Completed
563861 22:43:08.978353 Running command ['dataStoreConnectorCmd', 0, 'getVar', ('BBPATH',), {}]
563861 22:43:08.978541 Command Completed
563861 22:43:08.982260 Running command ['dataStoreConnectorCmd', 0, 'getVar', ('BBLAYERS',), {}]
563861 22:43:08.982418 Command Completed
563861 22:43:08.982697 Running command ['dataStoreConnectorVarHistCmd', 0, 'get_variable_items_files', ('BBFILE_COLLECTIONS',), {}]
563861 22:43:08.982845 Command Completed
563861 22:43:08.983691 Running command ['dataStoreConnectorCmd', 0, 'getVar', ('BBLAYERS',), {}]
563861 22:43:08.983828 Command Completed
563861 22:43:08.983965 Running command ['dataStoreConnectorVarHistCmd', 0, 'get_variable_items_files', ('BBFILE_COLLECTIONS',), {}]
563861 22:43:08.984080 Command Completed
563861 22:43:08.985212 Running command ['dataStoreConnectorCmd', 0, 'getVar', ('BBLAYERS',), {}]
563861 22:43:08.985379 Command Completed
563861 22:43:08.985513 Running command ['dataStoreConnectorVarHistCmd', 0, 'get_variable_items_files', ('BBFILE_COLLECTIONS',), {}]
563861 22:43:08.985727 Command Completed
563861 22:43:08.986274 Running command ['dataStoreConnectorCmd', 0, 'getVar', ('BBLAYERS',), {}]
563861 22:43:08.986393 Command Completed
563861 22:43:08.986457 Running command ['dataStoreConnectorVarHistCmd', 0, 'get_variable_items_files', ('BBFILE_COLLECTIONS',), {}]
563861 22:43:08.986586 Command Completed
563861 22:43:08.988056 Running command ['clientComplete']
563861 22:43:08.988142 Command Completed
563861 22:43:08.988520 Processing Client
563861 22:43:08.988551 Disconnecting Client
563861 22:43:08.988627 No timeout, exiting.
563861 22:43:09.127109 Exiting
563861 22:43:09.129716 Original lockfile contents: ['563861\n']
563861 22:43:09.130264 Exiting as we could obtain the lock
sys:1: ResourceWarning: unclosed file <_io.TextIOWrapper name='/home/vbharath/aesd_final_project/build/bitbake-cookerdaemon.log' mode='a+' encoding='UTF-8'>
563874 22:43:09.278474 --- Starting bitbake server pid 563874 at 2025-04-29 22:43:09.278461 ---
563874 22:43:09.279006 Started bitbake server pid 563874
563874 22:43:09.279199 Entering server connection loop
563874 22:43:09.279416 Accepting [<socket.socket fd=6, family=AddressFamily.AF_UNIX, type=SocketKind.SOCK_STREAM, proto=0, laddr=bitbake.sock>] ([])
563874 22:43:09.280494 Processing Client
563874 22:43:09.280515 Connecting Client
563874 22:43:09.280725 Running command ['setFeatures', [2, 1]]
563874 22:43:09.280807 Command Completed
563874 22:43:09.281301 Running command ['updateConfig', {'halt': True, 'force': False, 'invalidate_stamp': None, 'dry_run': False, 'dump_signatures': [], 'extra_assume_provided': [], 'profile': False, 'prefile': [], 'postfile': [], 'server_timeout': None, 'nosetscene': False, 'setsceneonly': False, 'skipsetscene': False, 'runall': None, 'runonly': None, 'writeeventlog': None, 'build_verbose_shell': False, 'build_verbose_stdout': False, 'default_loglevel': 20, 'debug_domains': {}}, {'SHELL': '/bin/bash', 'BB_ENV_PASSTHROUGH_ADDITIONS': 'ALL_PROXY BBPATH_EXTRA BB_LOGCONFIG BB_NO_NETWORK BB_NUMBER_THREADS BB_SETSCENE_ENFORCE BB_SRCREV_POLICY DISTRO FTPS_PROXY FTP_PROXY GIT_PROXY_COMMAND HTTPS_PROXY HTTP_PROXY MACHINE NO_PROXY PARALLEL_MAKE SCREENDIR SDKMACHINE SOCKS5_PASSWD SOCKS5_USER SSH_AGENT_PID SSH_AUTH_SOCK STAMPS_DIR TCLIBC TCMODE all_proxy ftp_proxy ftps_proxy http_proxy https_proxy no_proxy ', 'SSH_AUTH_SOCK': '/run/user/1000/keyring/ssh', 'PWD': '/home/vbharath/aesd_final_project/build', 'LOGNAME': 'vbharath', 'HOME': '/home/vbharath', 'BBPATH': '/home/vbharath/aesd_final_project/build', 'USER': 'vbharath', 'PATH': '/home/vbharath/aesd_final_project/poky/scripts:/home/vbharath/aesd_final_project/poky/bitbake/bin:/usr/local/sbin:/usr/local/bin:/usr/sbin:/usr/bin:/sbin:/bin:/usr/games:/usr/local/games:/snap/bin:/snap/bin', 'LC_ALL': 'en_US.UTF-8', 'SESSION_MANAGER': 'local/ubuntu:@/tmp/.ICE-unix/1868,unix/ubuntu:/tmp/.ICE-unix/1868', 'QT_ACCESSIBILITY': '1', 'COLORTERM': 'truecolor', 'XDG_CONFIG_DIRS': '/etc/xdg/xdg-ubuntu:/etc/xdg', 'SSH_AGENT_LAUNCHER': 'gnome-keyring', 'XDG_MENU_PREFIX': 'gnome-', 'GNOME_DESKTOP_SESSION_ID': 'this-is-deprecated', 'GNOME_SHELL_SESSION_MODE': 'ubuntu', 'XMODIFIERS': '@im=ibus', 'DESKTOP_SESSION': 'ubuntu', 'GTK_MODULES': 'gail:atk-bridge', 'DBUS_STARTER_BUS_TYPE': 'session', 'XDG_SESSION_DESKTOP': 'ubuntu', 'XDG_SESSION_TYPE': 'wayland', 'SYSTEMD_EXEC_PID': '1868', 'XAUTHORITY': '/run/user/1000/.mutter-Xwaylandauth.XP1D52', 'USERNAME': 'vbharath', 'IM_CONFIG_PHASE': '1', 'LANG': 'en_US.UTF-8', 'LS_COLORS': 'rs=0:di=01;34:ln=01;36:mh=00:pi=40;33:so=01;35:do=01;35:bd=40;33;01:cd=40;33;01:or=40;31;01:mi=00:su=37;41:sg=30;43:ca=30;41:tw=30;42:ow=34;42:st=37;44:ex=01;32:*.tar=01;31:*.tgz=01;31:*.arc=01;31:*.arj=01;31:*.taz=01;31:*.lha=01;31:*.lz4=01;31:*.lzh=01;31:*.lzma=01;31:*.tlz=01;31:*.txz=01;31:*.tzo=01;31:*.t7z=01;31:*.zip=01;31:*.z=01;31:*.dz=01;31:*.gz=01;31:*.lrz=01;31:*.lz=01;31:*.lzo=01;31:*.xz=01;31:*.zst=01;31:*.tzst=01;31:*.bz2=01;31:*.bz=01;31:*.tbz=01;31:*.tbz2=01;31:*.tz=01;31:*.deb=01;31:*.rpm=01;31:*.jar=01;31:*.war=01;31:*.ear=01;31:*.sar=01;31:*.rar=01;31:*.alz=01;31:*.ace=01;31:*.zoo=01;31:*.cpio=01;31:*.7z=01;31:*.rz=01;31:*.cab=01;31:*.wim=01;31:*.swm=01;31:*.dwm=01;31:*.esd=01;31:*.jpg=01;35:*.jpeg=01;35:*.mjpg=01;35:*.mjpeg=01;35:*.gif=01;35:*.bmp=01;35:*.pbm=01;35:*.pgm=01;35:*.ppm=01;35:*.tga=01;35:*.xbm=01;35:*.xpm=01;35:*.tif=01;35:*.tiff=01;35:*.png=01;35:*.svg=01;35:*.svgz=01;35:*.mng=01;35:*.pcx=01;35:*.mov=01;35:*.mpg=01;35:*.mpeg=01;35:*.m2v=01;35:*.mkv=01;35:*.webm=01;35:*.webp=01;35:*.ogm=01;35:*.mp4=01;35:*.m4v=01;35:*.mp4v=01;35:*.vob=01;35:*.qt=01;35:*.nuv=01;35:*.wmv=01;35:*.asf=01;35:*.rm=01;35:*.rmvb=01;35:*.flc=01;35:*.avi=01;35:*.fli=01;35:*.flv=01;35:*.gl=01;35:*.dl=01;35:*.xcf=01;35:*.xwd=01;35:*.yuv=01;35:*.cgm=01;35:*.emf=01;35:*.ogv=01;35:*.ogx=01;35:*.aac=00;36:*.au=00;36:*.flac=00;36:*.m4a=00;36:*.mid=00;36:*.midi=00;36:*.mka=00;36:*.mp3=00;36:*.mpc=00;36:*.ogg=00;36:*.ra=00;36:*.wav=00;36:*.oga=00;36:*.opus=00;36:*.spx=00;36:*.xspf=00;36:', 'XDG_CURRENT_DESKTOP': 'ubuntu:GNOME', 'VTE_VERSION': '6800', 'WAYLAND_DISPLAY': 'wayland-0', 'GNOME_TERMINAL_SCREEN': '/org/gnome/Terminal/screen/b9f111c6_1614_4566_a43d_02029e2771b3', 'GNOME_SETUP_DISPLAY': ':1', 'LESSCLOSE': '/usr/bin/lesspipe %s %s', 'XDG_SESSION_CLASS': 'user', 'PYTHONPATH': '/home/vbharath/aesd_final_project/poky/bitbake/lib:/home/vbharath/aesd_final_project/poky/bitbake/lib:', 'TERM': 'xterm-256color', 'LESSOPEN': '| /usr/bin/lesspipe %s', 'GNOME_TERMINAL_SERVICE': ':1.110', 'DISPLAY': ':0', 'SHLVL': '2', 'QT_IM_MODULE': 'ibus', 'DBUS_STARTER_ADDRESS': 'unix:path=/run/user/1000/bus,guid=93d3290e7b812fe3c4b33f80680d88c5', 'XDG_RUNTIME_DIR': '/run/user/1000', 'XDG_DATA_DIRS': '/usr/share/ubuntu:/usr/local/share/:/usr/share/:/var/lib/snapd/desktop', 'GDMSESSION': 'ubuntu', 'DBUS_SESSION_BUS_ADDRESS': 'unix:path=/run/user/1000/bus,guid=93d3290e7b812fe3c4b33f80680d88c5', 'BUILDDIR': '/home/vbharath/aesd_final_project/build', 'OLDPWD': '/home/vbharath/aesd_final_project', '_': '/home/vbharath/aesd_final_project/poky/bitbake/bin/bitbake'}, ['/home/vbharath/aesd_final_project/poky/bitbake/bin/bitbake', 'core-image-sato-dev']]
563874 22:43:09.510150 Command Completed
563874 22:43:09.510920 Running command ['getVariable', 'BBINCLUDELOGS']
563874 22:43:09.511077 Command Completed
563874 22:43:09.511398 Running command ['getVariable', 'BBINCLUDELOGS_LINES']
563874 22:43:09.511492 Command Completed
563874 22:43:09.511714 Running command ['getSetVariable', 'BB_CONSOLELOG']
563874 22:43:09.511873 Command Completed
563874 22:43:09.512008 Running command ['getSetVariable', 'BB_LOGCONFIG']
563874 22:43:09.512103 Command Completed
563874 22:43:09.513302 Running command ['getUIHandlerNum']
563874 22:43:09.513398 Command Completed
563874 22:43:09.513544 Running command ['setEventMask', 1, 20, {'BitBake.RunQueue.HashEquiv': 19, 'BitBake.SigGen.HashEquiv': 19}, ['bb.runqueue.runQueueExitWait', 'bb.event.LogExecTTY', 'logging.LogRecord', 'bb.build.TaskFailed', 'bb.build.TaskBase', 'bb.event.ParseStarted', 'bb.event.ParseProgress', 'bb.event.ParseCompleted', 'bb.event.CacheLoadStarted', 'bb.event.CacheLoadProgress', 'bb.event.CacheLoadCompleted', 'bb.command.CommandFailed', 'bb.command.CommandExit', 'bb.command.CommandCompleted', 'bb.cooker.CookerExit', 'bb.event.MultipleProviders', 'bb.event.NoProvider', 'bb.runqueue.sceneQueueTaskStarted', 'bb.runqueue.runQueueTaskStarted', 'bb.runqueue.runQueueTaskFailed', 'bb.runqueue.sceneQueueTaskFailed', 'bb.event.BuildBase', 'bb.build.TaskStarted', 'bb.build.TaskSucceeded', 'bb.build.TaskFailedSilent', 'bb.build.TaskProgress', 'bb.event.ProcessStarted', 'bb.event.ProcessProgress', 'bb.event.ProcessFinished']]
563874 22:43:09.513710 Command Completed
563874 22:43:09.513820 Running command ['getVariable', 'BB_DEFAULT_TASK']
563874 22:43:09.513907 Command Completed
563874 22:43:09.514004 Running command ['setConfig', 'cmd', 'build']
563874 22:43:09.514087 Command Completed
563874 22:43:09.514193 Running command ['buildTargets', ['core-image-sato-dev'], 'build']
563874 22:43:09.514249 Command Completed
563874 22:43:22.460597 Running command ['stateShutdown']
563874 22:43:22.460879 Command Completed
563874 22:43:25.047513 Running command ['stateForceShutdown']
563874 22:43:25.047791 Command Completed
563874 22:43:25.048299 Processing Client
563874 22:43:25.048347 Disconnecting Client
563874 22:43:25.048467 No timeout, exiting.
563874 22:43:25.151686 Exiting
563874 22:43:25.163030 Original lockfile contents: ['563874\n']
563874 22:43:25.163579 Exiting as we could obtain the lock
sys:1: ResourceWarning: unclosed file <_io.TextIOWrapper name='/home/vbharath/aesd_final_project/build/bitbake-cookerdaemon.log' mode='a+' encoding='UTF-8'>
566659 22:51:29.427663 --- Starting bitbake server pid 566659 at 2025-04-29 22:51:29.427650 ---
566659 22:51:29.428210 Started bitbake server pid 566659
566659 22:51:29.428424 Entering server connection loop
566659 22:51:29.428886 Accepting [<socket.socket fd=6, family=AddressFamily.AF_UNIX, type=SocketKind.SOCK_STREAM, proto=0, laddr=bitbake.sock>] ([])
566659 22:51:29.429744 Processing Client
566659 22:51:29.429781 Connecting Client
566659 22:51:29.429925 Running command ['setFeatures', [2, 1]]
566659 22:51:29.430011 Command Completed
566659 22:51:29.430642 Running command ['updateConfig', {'halt': True, 'force': False, 'invalidate_stamp': None, 'dry_run': False, 'dump_signatures': [], 'extra_assume_provided': [], 'profile': False, 'prefile': [], 'postfile': [], 'server_timeout': None, 'nosetscene': False, 'setsceneonly': False, 'skipsetscene': False, 'runall': None, 'runonly': None, 'writeeventlog': None, 'build_verbose_shell': False, 'build_verbose_stdout': False, 'default_loglevel': 20, 'debug_domains': {}}, {'SHELL': '/bin/bash', 'BB_ENV_PASSTHROUGH_ADDITIONS': 'ALL_PROXY BBPATH_EXTRA BB_LOGCONFIG BB_NO_NETWORK BB_NUMBER_THREADS BB_SETSCENE_ENFORCE BB_SRCREV_POLICY DISTRO FTPS_PROXY FTP_PROXY GIT_PROXY_COMMAND HTTPS_PROXY HTTP_PROXY MACHINE NO_PROXY PARALLEL_MAKE SCREENDIR SDKMACHINE SOCKS5_PASSWD SOCKS5_USER SSH_AGENT_PID SSH_AUTH_SOCK STAMPS_DIR TCLIBC TCMODE all_proxy ftp_proxy ftps_proxy http_proxy https_proxy no_proxy ', 'SSH_AUTH_SOCK': '/run/user/1000/keyring/ssh', 'PWD': '/home/vbharath/aesd_final_project/build', 'LOGNAME': 'vbharath', 'HOME': '/home/vbharath', 'BBPATH': '/home/vbharath/aesd_final_project/build', 'USER': 'vbharath', 'PATH': '/home/vbharath/aesd_final_project/poky/scripts:/home/vbharath/aesd_final_project/poky/bitbake/bin:/usr/local/sbin:/usr/local/bin:/usr/sbin:/usr/bin:/sbin:/bin:/usr/games:/usr/local/games:/snap/bin:/snap/bin', 'LC_ALL': 'en_US.UTF-8', 'SESSION_MANAGER': 'local/ubuntu:@/tmp/.ICE-unix/1868,unix/ubuntu:/tmp/.ICE-unix/1868', 'QT_ACCESSIBILITY': '1', 'COLORTERM': 'truecolor', 'XDG_CONFIG_DIRS': '/etc/xdg/xdg-ubuntu:/etc/xdg', 'SSH_AGENT_LAUNCHER': 'gnome-keyring', 'XDG_MENU_PREFIX': 'gnome-', 'GNOME_DESKTOP_SESSION_ID': 'this-is-deprecated', 'GNOME_SHELL_SESSION_MODE': 'ubuntu', 'XMODIFIERS': '@im=ibus', 'DESKTOP_SESSION': 'ubuntu', 'GTK_MODULES': 'gail:atk-bridge', 'DBUS_STARTER_BUS_TYPE': 'session', 'XDG_SESSION_DESKTOP': 'ubuntu', 'XDG_SESSION_TYPE': 'wayland', 'SYSTEMD_EXEC_PID': '1868', 'XAUTHORITY': '/run/user/1000/.mutter-Xwaylandauth.XP1D52', 'USERNAME': 'vbharath', 'IM_CONFIG_PHASE': '1', 'LANG': 'en_US.UTF-8', 'LS_COLORS': 'rs=0:di=01;34:ln=01;36:mh=00:pi=40;33:so=01;35:do=01;35:bd=40;33;01:cd=40;33;01:or=40;31;01:mi=00:su=37;41:sg=30;43:ca=30;41:tw=30;42:ow=34;42:st=37;44:ex=01;32:*.tar=01;31:*.tgz=01;31:*.arc=01;31:*.arj=01;31:*.taz=01;31:*.lha=01;31:*.lz4=01;31:*.lzh=01;31:*.lzma=01;31:*.tlz=01;31:*.txz=01;31:*.tzo=01;31:*.t7z=01;31:*.zip=01;31:*.z=01;31:*.dz=01;31:*.gz=01;31:*.lrz=01;31:*.lz=01;31:*.lzo=01;31:*.xz=01;31:*.zst=01;31:*.tzst=01;31:*.bz2=01;31:*.bz=01;31:*.tbz=01;31:*.tbz2=01;31:*.tz=01;31:*.deb=01;31:*.rpm=01;31:*.jar=01;31:*.war=01;31:*.ear=01;31:*.sar=01;31:*.rar=01;31:*.alz=01;31:*.ace=01;31:*.zoo=01;31:*.cpio=01;31:*.7z=01;31:*.rz=01;31:*.cab=01;31:*.wim=01;31:*.swm=01;31:*.dwm=01;31:*.esd=01;31:*.jpg=01;35:*.jpeg=01;35:*.mjpg=01;35:*.mjpeg=01;35:*.gif=01;35:*.bmp=01;35:*.pbm=01;35:*.pgm=01;35:*.ppm=01;35:*.tga=01;35:*.xbm=01;35:*.xpm=01;35:*.tif=01;35:*.tiff=01;35:*.png=01;35:*.svg=01;35:*.svgz=01;35:*.mng=01;35:*.pcx=01;35:*.mov=01;35:*.mpg=01;35:*.mpeg=01;35:*.m2v=01;35:*.mkv=01;35:*.webm=01;35:*.webp=01;35:*.ogm=01;35:*.mp4=01;35:*.m4v=01;35:*.mp4v=01;35:*.vob=01;35:*.qt=01;35:*.nuv=01;35:*.wmv=01;35:*.asf=01;35:*.rm=01;35:*.rmvb=01;35:*.flc=01;35:*.avi=01;35:*.fli=01;35:*.flv=01;35:*.gl=01;35:*.dl=01;35:*.xcf=01;35:*.xwd=01;35:*.yuv=01;35:*.cgm=01;35:*.emf=01;35:*.ogv=01;35:*.ogx=01;35:*.aac=00;36:*.au=00;36:*.flac=00;36:*.m4a=00;36:*.mid=00;36:*.midi=00;36:*.mka=00;36:*.mp3=00;36:*.mpc=00;36:*.ogg=00;36:*.ra=00;36:*.wav=00;36:*.oga=00;36:*.opus=00;36:*.spx=00;36:*.xspf=00;36:', 'XDG_CURRENT_DESKTOP': 'ubuntu:GNOME', 'VTE_VERSION': '6800', 'WAYLAND_DISPLAY': 'wayland-0', 'GNOME_TERMINAL_SCREEN': '/org/gnome/Terminal/screen/fec4f84a_2b85_4b68_a60a_fa401d33d62f', 'GNOME_SETUP_DISPLAY': ':1', 'LESSCLOSE': '/usr/bin/lesspipe %s %s', 'XDG_SESSION_CLASS': 'user', 'PYTHONPATH': '/home/vbharath/aesd_final_project/poky/bitbake/lib:', 'TERM': 'xterm-256color', 'BRANCH': 'kirkstone', 'LESSOPEN': '| /usr/bin/lesspipe %s', 'GNOME_TERMINAL_SERVICE': ':1.110', 'DISPLAY': ':0', 'SHLVL': '1', 'QT_IM_MODULE': 'ibus', 'DBUS_STARTER_ADDRESS': 'unix:path=/run/user/1000/bus,guid=93d3290e7b812fe3c4b33f80680d88c5', 'XDG_RUNTIME_DIR': '/run/user/1000', 'XDG_DATA_DIRS': '/usr/share/ubuntu:/usr/local/share/:/usr/share/:/var/lib/snapd/desktop', 'GDMSESSION': 'ubuntu', 'DBUS_SESSION_BUS_ADDRESS': 'unix:path=/run/user/1000/bus,guid=93d3290e7b812fe3c4b33f80680d88c5', 'BUILDDIR': '/home/vbharath/aesd_final_project/build', 'OLDPWD': '/home/vbharath/aesd_final_project', '_': '/home/vbharath/aesd_final_project/poky/bitbake/bin/bitbake'}, ['/home/vbharath/aesd_final_project/poky/bitbake/bin/bitbake', 'qt-hello-world']]
566659 22:51:29.678108 Command Completed
566659 22:51:29.678515 Running command ['getVariable', 'BBINCLUDELOGS']
566659 22:51:29.678674 Command Completed
566659 22:51:29.678888 Running command ['getVariable', 'BBINCLUDELOGS_LINES']
566659 22:51:29.679005 Command Completed
566659 22:51:29.679280 Running command ['getSetVariable', 'BB_CONSOLELOG']
566659 22:51:29.679451 Command Completed
566659 22:51:29.679837 Running command ['getSetVariable', 'BB_LOGCONFIG']
566659 22:51:29.679949 Command Completed
566659 22:51:29.681362 Running command ['getUIHandlerNum']
566659 22:51:29.681501 Command Completed
566659 22:51:29.681701 Running command ['setEventMask', 1, 20, {'BitBake.SigGen.HashEquiv': 19, 'BitBake.RunQueue.HashEquiv': 19}, ['bb.runqueue.runQueueExitWait', 'bb.event.LogExecTTY', 'logging.LogRecord', 'bb.build.TaskFailed', 'bb.build.TaskBase', 'bb.event.ParseStarted', 'bb.event.ParseProgress', 'bb.event.ParseCompleted', 'bb.event.CacheLoadStarted', 'bb.event.CacheLoadProgress', 'bb.event.CacheLoadCompleted', 'bb.command.CommandFailed', 'bb.command.CommandExit', 'bb.command.CommandCompleted', 'bb.cooker.CookerExit', 'bb.event.MultipleProviders', 'bb.event.NoProvider', 'bb.runqueue.sceneQueueTaskStarted', 'bb.runqueue.runQueueTaskStarted', 'bb.runqueue.runQueueTaskFailed', 'bb.runqueue.sceneQueueTaskFailed', 'bb.event.BuildBase', 'bb.build.TaskStarted', 'bb.build.TaskSucceeded', 'bb.build.TaskFailedSilent', 'bb.build.TaskProgress', 'bb.event.ProcessStarted', 'bb.event.ProcessProgress', 'bb.event.ProcessFinished']]
566659 22:51:29.681810 Command Completed
566659 22:51:29.681916 Running command ['getVariable', 'BB_DEFAULT_TASK']
566659 22:51:29.682011 Command Completed
566659 22:51:29.682061 Running command ['setConfig', 'cmd', 'build']
566659 22:51:29.682134 Command Completed
566659 22:51:29.682238 Running command ['buildTargets', ['qt-hello-world'], 'build']
566659 22:51:29.682296 Command Completed
Server refused shutdown.  Remaining client fds: 1
Client pids: 567108 
Server will shut down after all clients exit.
Server refused shutdown.  Remaining client fds: 1
Client pids: 586743 
Server will shut down after all clients exit.
Server refused shutdown.  Remaining client fds: 1
Client pids: 634807 
Server will shut down after all clients exit.
Server refused shutdown.  Remaining client fds: 1
Client pids: 637071 
Server will shut down after all clients exit.
Server refused shutdown.  Remaining client fds: 1
Client pids: 639843 
Server will shut down after all clients exit.
Server refused shutdown.  Remaining client fds: 1
Client pids: 638762 
Server will shut down after all clients exit.
Server refused shutdown.  Remaining client fds: 1
Client pids: 643484 
Server will shut down after all clients exit.
Server refused shutdown.  Remaining client fds: 1
Client pids: 643810 
Server will shut down after all clients exit.
Server refused shutdown.  Remaining client fds: 1
Client pids: 647130 
Server will shut down after all clients exit.
Server refused shutdown.  Remaining client fds: 1
Client pids: 636814 
Server will shut down after all clients exit.
Server refused shutdown.  Remaining client fds: 1
Client pids: 667090 
Server will shut down after all clients exit.
Server refused shutdown.  Remaining client fds: 1
Client pids: 665542 
Server will shut down after all clients exit.
Server refused shutdown.  Remaining client fds: 1
Client pids: 665633 
Server will shut down after all clients exit.
Server refused shutdown.  Remaining client fds: 1
Client pids: 668734 
Server will shut down after all clients exit.
Server refused shutdown.  Remaining client fds: 1
Client pids: 666126 
Server will shut down after all clients exit.
Server refused shutdown.  Remaining client fds: 1
Client pids: 673592 
Server will shut down after all clients exit.
Server refused shutdown.  Remaining client fds: 1
Client pids: 669425 
Server will shut down after all clients exit.
Server refused shutdown.  Remaining client fds: 1
Client pids: 649772 
Server will shut down after all clients exit.
Server refused shutdown.  Remaining client fds: 1
Client pids: 677795 
Server will shut down after all clients exit.
Server refused shutdown.  Remaining client fds: 1
Client pids: 678933 
Server will shut down after all clients exit.
Server refused shutdown.  Remaining client fds: 1
Client pids: 680099 
Server will shut down after all clients exit.
Server refused shutdown.  Remaining client fds: 1
Client pids: 680067 
Server will shut down after all clients exit.
Server refused shutdown.  Remaining client fds: 1
Client pids: 677888 
Server will shut down after all clients exit.
Server refused shutdown.  Remaining client fds: 1
Client pids: 702154 
Server will shut down after all clients exit.
Server refused shutdown.  Remaining client fds: 1
Client pids: 708427 
Server will shut down after all clients exit.
Server refused shutdown.  Remaining client fds: 1
Client pids: 685128 
Server will shut down after all clients exit.
Server refused shutdown.  Remaining client fds: 1
Client pids: 706337 
Server will shut down after all clients exit.
Server refused shutdown.  Remaining client fds: 1
Client pids: 713154 
Server will shut down after all clients exit.
Server refused shutdown.  Remaining client fds: 1
Client pids: 710588 
Server will shut down after all clients exit.
Server refused shutdown.  Remaining client fds: 1
Client pids: 716284 
Server will shut down after all clients exit.
Server refused shutdown.  Remaining client fds: 1
Client pids: 715339 
Server will shut down after all clients exit.
Server refused shutdown.  Remaining client fds: 1
Client pids: 713213 
Server will shut down after all clients exit.
Server refused shutdown.  Remaining client fds: 1
Client pids: 720789 
Server will shut down after all clients exit.
Server refused shutdown.  Remaining client fds: 1
Client pids: 717559 
Server will shut down after all clients exit.
Server refused shutdown.  Remaining client fds: 1
Client pids: 717654 
Server will shut down after all clients exit.
Server refused shutdown.  Remaining client fds: 1
Client pids: 722213 
Server will shut down after all clients exit.
Server refused shutdown.  Remaining client fds: 1
Client pids: 722334 
Server will shut down after all clients exit.
Server refused shutdown.  Remaining client fds: 1
Client pids: 725896 
Server will shut down after all clients exit.
Server refused shutdown.  Remaining client fds: 1
Client pids: 725689 
Server will shut down after all clients exit.
Server refused shutdown.  Remaining client fds: 1
Client pids: 728899 
Server will shut down after all clients exit.
Server refused shutdown.  Remaining client fds: 1
Client pids: 729287 
Server will shut down after all clients exit.
Server refused shutdown.  Remaining client fds: 1
Client pids: 732967 
Server will shut down after all clients exit.
Server refused shutdown.  Remaining client fds: 1
Client pids: 732562 
Server will shut down after all clients exit.
Server refused shutdown.  Remaining client fds: 1
Client pids: 734644 
Server will shut down after all clients exit.
Server refused shutdown.  Remaining client fds: 1
Client pids: 743584 
Server will shut down after all clients exit.
Server refused shutdown.  Remaining client fds: 1
Client pids: 747490 
Server will shut down after all clients exit.
Server refused shutdown.  Remaining client fds: 1
Client pids: 750554 
Server will shut down after all clients exit.
Server refused shutdown.  Remaining client fds: 1
Client pids: 751361 
Server will shut down after all clients exit.
Server refused shutdown.  Remaining client fds: 1
Client pids: 749840 
Server will shut down after all clients exit.
Server refused shutdown.  Remaining client fds: 1
Client pids: 749227 
Server will shut down after all clients exit.
Server refused shutdown.  Remaining client fds: 1
Client pids: 746951 
Server will shut down after all clients exit.
Server refused shutdown.  Remaining client fds: 1
Client pids: 746788 
Server will shut down after all clients exit.
Server refused shutdown.  Remaining client fds: 1
Client pids: 754984 
Server will shut down after all clients exit.
Server refused shutdown.  Remaining client fds: 1
Client pids: 736127 
Server will shut down after all clients exit.
Server refused shutdown.  Remaining client fds: 1
Client pids: 755579 
Server will shut down after all clients exit.
Server refused shutdown.  Remaining client fds: 1
Client pids: 757667 
Server will shut down after all clients exit.
Server refused shutdown.  Remaining client fds: 1
Client pids: 753878 
Server will shut down after all clients exit.
Server refused shutdown.  Remaining client fds: 1
Client pids: 767690 
Server will shut down after all clients exit.
Server refused shutdown.  Remaining client fds: 1
Client pids: 755351 
Server will shut down after all clients exit.
Server refused shutdown.  Remaining client fds: 1
Client pids: 778181 
Server will shut down after all clients exit.
Server refused shutdown.  Remaining client fds: 1
Client pids: 782791 
Server will shut down after all clients exit.
Server refused shutdown.  Remaining client fds: 1
Client pids: 786117 
Server will shut down after all clients exit.
Server refused shutdown.  Remaining client fds: 1
Client pids: 765226 
Server will shut down after all clients exit.
Server refused shutdown.  Remaining client fds: 1
Client pids: 784840 
Server will shut down after all clients exit.
Server refused shutdown.  Remaining client fds: 1
Client pids: 791293 
Server will shut down after all clients exit.
Server refused shutdown.  Remaining client fds: 1
Client pids: 796503 
Server will shut down after all clients exit.
Server refused shutdown.  Remaining client fds: 1
Client pids: 790414 
Server will shut down after all clients exit.
Server refused shutdown.  Remaining client fds: 1
Client pids: 799069 
Server will shut down after all clients exit.
Server refused shutdown.  Remaining client fds: 1
Client pids: 800653 
Server will shut down after all clients exit.
Server refused shutdown.  Remaining client fds: 1
Client pids: 795529 
Server will shut down after all clients exit.
Server refused shutdown.  Remaining client fds: 1
Client pids: 804455 
Server will shut down after all clients exit.
Server refused shutdown.  Remaining client fds: 1
Client pids: 812476 
Server will shut down after all clients exit.
Server refused shutdown.  Remaining client fds: 1
Client pids: 822709 
Server will shut down after all clients exit.
Server refused shutdown.  Remaining client fds: 1
Client pids: 831947 
Server will shut down after all clients exit.
Server refused shutdown.  Remaining client fds: 1
Client pids: 823974 
Server will shut down after all clients exit.
Server refused shutdown.  Remaining client fds: 1
Client pids: 834282 
Server will shut down after all clients exit.
Server refused shutdown.  Remaining client fds: 1
Client pids: 842771 
Server will shut down after all clients exit.
Server refused shutdown.  Remaining client fds: 1
Client pids: 761621 
Server will shut down after all clients exit.
Server refused shutdown.  Remaining client fds: 1
Client pids: 809129 
Server will shut down after all clients exit.
Server refused shutdown.  Remaining client fds: 1
Client pids: 812696 
Server will shut down after all clients exit.
Server refused shutdown.  Remaining client fds: 1
Client pids: 844439 
Server will shut down after all clients exit.
Server refused shutdown.  Remaining client fds: 1
Client pids: 844615 
Server will shut down after all clients exit.
Server refused shutdown.  Remaining client fds: 1
Client pids: 840439 
Server will shut down after all clients exit.
Server refused shutdown.  Remaining client fds: 1
Client pids: 853161 
Server will shut down after all clients exit.
Server refused shutdown.  Remaining client fds: 1
Client pids: 871262 
Server will shut down after all clients exit.
Server refused shutdown.  Remaining client fds: 1
Client pids: 861788 
Server will shut down after all clients exit.
Server refused shutdown.  Remaining client fds: 1
Client pids: 875384 
Server will shut down after all clients exit.
Server refused shutdown.  Remaining client fds: 1
Client pids: 876527 
Server will shut down after all clients exit.
Server refused shutdown.  Remaining client fds: 1
Client pids: 876698 
Server will shut down after all clients exit.
Server refused shutdown.  Remaining client fds: 1
Client pids: 764276 
Server will shut down after all clients exit.
Server refused shutdown.  Remaining client fds: 1
Client pids: 878049 
Server will shut down after all clients exit.
Server refused shutdown.  Remaining client fds: 1
Client pids: 859798 
Server will shut down after all clients exit.
Server refused shutdown.  Remaining client fds: 1
Client pids: 877738 
Server will shut down after all clients exit.
Server refused shutdown.  Remaining client fds: 1
Client pids: 887937 
Server will shut down after all clients exit.
Server refused shutdown.  Remaining client fds: 1
Client pids: 877834 
Server will shut down after all clients exit.
Server refused shutdown.  Remaining client fds: 1
Client pids: 889655 
Server will shut down after all clients exit.
Server refused shutdown.  Remaining client fds: 1
Client pids: 901416 
Server will shut down after all clients exit.
Server refused shutdown.  Remaining client fds: 1
Client pids: 908569 
Server will shut down after all clients exit.
Server refused shutdown.  Remaining client fds: 1
Client pids: 913655 
Server will shut down after all clients exit.
Server refused shutdown.  Remaining client fds: 1
Client pids: 916321 
Server will shut down after all clients exit.
Server refused shutdown.  Remaining client fds: 1
Client pids: 887471 
Server will shut down after all clients exit.
Server refused shutdown.  Remaining client fds: 1
Client pids: 919249 
Server will shut down after all clients exit.
Server refused shutdown.  Remaining client fds: 1
Client pids: 925289 
Server will shut down after all clients exit.
Server refused shutdown.  Remaining client fds: 1
Client pids: 923534 
Server will shut down after all clients exit.
Server refused shutdown.  Remaining client fds: 1
Client pids: 933061 
Server will shut down after all clients exit.
Server refused shutdown.  Remaining client fds: 1
Client pids: 923358 
Server will shut down after all clients exit.
Server refused shutdown.  Remaining client fds: 1
Client pids: 941577 
Server will shut down after all clients exit.
Server refused shutdown.  Remaining client fds: 1
Client pids: 935890 
Server will shut down after all clients exit.
Server refused shutdown.  Remaining client fds: 1
Client pids: 963226 
Server will shut down after all clients exit.
Server refused shutdown.  Remaining client fds: 1
Client pids: 966760 
Server will shut down after all clients exit.
Server refused shutdown.  Remaining client fds: 1
Client pids: 973375 
Server will shut down after all clients exit.
Server refused shutdown.  Remaining client fds: 1
Client pids: 975481 
Server will shut down after all clients exit.
Server refused shutdown.  Remaining client fds: 1
Client pids: 881234 
Server will shut down after all clients exit.
Server refused shutdown.  Remaining client fds: 1
Client pids: 988545 
Server will shut down after all clients exit.
Server refused shutdown.  Remaining client fds: 1
Client pids: 978250 
Server will shut down after all clients exit.
Server refused shutdown.  Remaining client fds: 1
Client pids: 988250 
Server will shut down after all clients exit.
Server refused shutdown.  Remaining client fds: 1
Client pids: 978771 
Server will shut down after all clients exit.
Server refused shutdown.  Remaining client fds: 1
Client pids: 988173 
Server will shut down after all clients exit.
Server refused shutdown.  Remaining client fds: 1
Client pids: 998498 
Server will shut down after all clients exit.
Server refused shutdown.  Remaining client fds: 1
Client pids: 996727 
Server will shut down after all clients exit.
Server refused shutdown.  Remaining client fds: 1
Client pids: 997153 
Server will shut down after all clients exit.
Server refused shutdown.  Remaining client fds: 1
Client pids: 989826 
Server will shut down after all clients exit.
Server refused shutdown.  Remaining client fds: 1
Client pids: 1000913
Server will shut down after all clients exit.
Server refused shutdown.  Remaining client fds: 1
Client pids: 1001354
Server will shut down after all clients exit.
Server refused shutdown.  Remaining client fds: 1
Client pids: 1003644
Server will shut down after all clients exit.
Server refused shutdown.  Remaining client fds: 1
Client pids: 1008992
Server will shut down after all clients exit.
Server refused shutdown.  Remaining client fds: 1
Client pids: 1011038
Server will shut down after all clients exit.
Server refused shutdown.  Remaining client fds: 1
Client pids: 999793 
Server will shut down after all clients exit.
Server refused shutdown.  Remaining client fds: 1
Client pids: 1013351
Server will shut down after all clients exit.
Server refused shutdown.  Remaining client fds: 1
Client pids: 1011643
Server will shut down after all clients exit.
Server refused shutdown.  Remaining client fds: 1
Client pids: 1011885
Server will shut down after all clients exit.
Server refused shutdown.  Remaining client fds: 1
Client pids: 1017021
Server will shut down after all clients exit.
Server refused shutdown.  Remaining client fds: 1
Client pids: 1017882
Server will shut down after all clients exit.
Server refused shutdown.  Remaining client fds: 1
Client pids: 1004959
Server will shut down after all clients exit.
Server refused shutdown.  Remaining client fds: 1
Client pids: 1009422
Server will shut down after all clients exit.
Server refused shutdown.  Remaining client fds: 1
Client pids: 1019826
Server will shut down after all clients exit.
Server refused shutdown.  Remaining client fds: 1
Client pids: 1020337
Server will shut down after all clients exit.
Server refused shutdown.  Remaining client fds: 1
Client pids: 1018630
Server will shut down after all clients exit.
Server refused shutdown.  Remaining client fds: 1
Client pids: 1017618
Server will shut down after all clients exit.
Server refused shutdown.  Remaining client fds: 1
Client pids: 1021178
Server will shut down after all clients exit.
Server refused shutdown.  Remaining client fds: 1
Client pids: 1025178
Server will shut down after all clients exit.
Server refused shutdown.  Remaining client fds: 1
Client pids: 1023947
Server will shut down after all clients exit.
Server refused shutdown.  Remaining client fds: 1
Client pids: 1024009
Server will shut down after all clients exit.
Server refused shutdown.  Remaining client fds: 1
Client pids: 1023361
Server will shut down after all clients exit.
Server refused shutdown.  Remaining client fds: 1
Client pids: 1029922
Server will shut down after all clients exit.
Server refused shutdown.  Remaining client fds: 1
Client pids: 1031241
Server will shut down after all clients exit.
Server refused shutdown.  Remaining client fds: 1
Client pids: 1067171
Server will shut down after all clients exit.
Server refused shutdown.  Remaining client fds: 1
Client pids: 1069602
Server will shut down after all clients exit.
Server refused shutdown.  Remaining client fds: 1
Client pids: 1077541
Server will shut down after all clients exit.
Server refused shutdown.  Remaining client fds: 1
Client pids: 1028632
Server will shut down after all clients exit.
Server refused shutdown.  Remaining client fds: 1
Client pids: 1059892
Server will shut down after all clients exit.
Server refused shutdown.  Remaining client fds: 1
Client pids: 1084752
Server will shut down after all clients exit.
Server refused shutdown.  Remaining client fds: 1
Client pids: 1098101
Server will shut down after all clients exit.
Server refused shutdown.  Remaining client fds: 1
Client pids: 1099441
Server will shut down after all clients exit.
Server refused shutdown.  Remaining client fds: 1
Client pids: 1100321
Server will shut down after all clients exit.
Server refused shutdown.  Remaining client fds: 1
Client pids: 1101026
Server will shut down after all clients exit.
Server refused shutdown.  Remaining client fds: 1
Client pids: 1102369
Server will shut down after all clients exit.
Server refused shutdown.  Remaining client fds: 1
Client pids: 1101825
Server will shut down after all clients exit.
Server refused shutdown.  Remaining client fds: 1
Client pids: 914675 
Server will shut down after all clients exit.
Server refused shutdown.  Remaining client fds: 1
Client pids: 1143325
Server will shut down after all clients exit.
Server refused shutdown.  Remaining client fds: 1
Client pids: 1145540
Server will shut down after all clients exit.
Server refused shutdown.  Remaining client fds: 1
Client pids: 1159158
Server will shut down after all clients exit.
Server refused shutdown.  Remaining client fds: 1
Client pids: 1165221
Server will shut down after all clients exit.
Server refused shutdown.  Remaining client fds: 1
Client pids: 1136757
Server will shut down after all clients exit.
Server refused shutdown.  Remaining client fds: 1
Client pids: 1185714
Server will shut down after all clients exit.
Server refused shutdown.  Remaining client fds: 1
Client pids: 1186347
Server will shut down after all clients exit.
Server refused shutdown.  Remaining client fds: 1
Client pids: 1186200
Server will shut down after all clients exit.
Server refused shutdown.  Remaining client fds: 1
Client pids: 1187314
Server will shut down after all clients exit.
Server refused shutdown.  Remaining client fds: 1
Client pids: 1214358
Server will shut down after all clients exit.
Server refused shutdown.  Remaining client fds: 1
Client pids: 1222515
Server will shut down after all clients exit.
Server refused shutdown.  Remaining client fds: 1
Client pids: 1220037
Server will shut down after all clients exit.
Server refused shutdown.  Remaining client fds: 1
Client pids: 1225174
Server will shut down after all clients exit.
Server refused shutdown.  Remaining client fds: 1
Client pids: 1231304
Server will shut down after all clients exit.
Server refused shutdown.  Remaining client fds: 1
Client pids: 1197142
Server will shut down after all clients exit.
Server refused shutdown.  Remaining client fds: 1
Client pids: 1190121
Server will shut down after all clients exit.
Server refused shutdown.  Remaining client fds: 1
Client pids: 1232693
Server will shut down after all clients exit.
Server refused shutdown.  Remaining client fds: 1
Client pids: 1232683
Server will shut down after all clients exit.
Server refused shutdown.  Remaining client fds: 1
Client pids: 1235370
Server will shut down after all clients exit.
Server refused shutdown.  Remaining client fds: 1
Client pids: 1234877
Server will shut down after all clients exit.
Server refused shutdown.  Remaining client fds: 1
Client pids: 1234852
Server will shut down after all clients exit.
Server refused shutdown.  Remaining client fds: 1
Client pids: 1234860
Server will shut down after all clients exit.
Server refused shutdown.  Remaining client fds: 1
Client pids: 1242077
Server will shut down after all clients exit.
Server refused shutdown.  Remaining client fds: 1
Client pids: 1238851
Server will shut down after all clients exit.
Server refused shutdown.  Remaining client fds: 1
Client pids: 1245385
Server will shut down after all clients exit.
Server refused shutdown.  Remaining client fds: 1
Client pids: 1242649
Server will shut down after all clients exit.
Server refused shutdown.  Remaining client fds: 1
Client pids: 1245534
Server will shut down after all clients exit.
Server refused shutdown.  Remaining client fds: 1
Client pids: 1248955
Server will shut down after all clients exit.
Server refused shutdown.  Remaining client fds: 1
Client pids: 1253678
Server will shut down after all clients exit.
Server refused shutdown.  Remaining client fds: 1
Client pids: 1253918
Server will shut down after all clients exit.
Server refused shutdown.  Remaining client fds: 1
Client pids: 1257866
Server will shut down after all clients exit.
Server refused shutdown.  Remaining client fds: 1
Client pids: 1254252
Server will shut down after all clients exit.
Server refused shutdown.  Remaining client fds: 1
Client pids: 1249660
Server will shut down after all clients exit.
Server refused shutdown.  Remaining client fds: 1
Client pids: 1267306
Server will shut down after all clients exit.
Server refused shutdown.  Remaining client fds: 1
Client pids: 1267311
Server will shut down after all clients exit.
Server refused shutdown.  Remaining client fds: 1
Client pids: 1279801
Server will shut down after all clients exit.
Server refused shutdown.  Remaining client fds: 1
Client pids: 1281878
Server will shut down after all clients exit.
Server refused shutdown.  Remaining client fds: 1
Client pids: 1288811
Server will shut down after all clients exit.
Server refused shutdown.  Remaining client fds: 1
Client pids: 1288894
Server will shut down after all clients exit.
Server refused shutdown.  Remaining client fds: 1
Client pids: 1289478
Server will shut down after all clients exit.
Server refused shutdown.  Remaining client fds: 1
Client pids: 1288858
Server will shut down after all clients exit.
Server refused shutdown.  Remaining client fds: 1
Client pids: 1297447
Server will shut down after all clients exit.
Server refused shutdown.  Remaining client fds: 1
Client pids: 1297747
Server will shut down after all clients exit.
Server refused shutdown.  Remaining client fds: 1
Client pids: 1302468
Server will shut down after all clients exit.
Server refused shutdown.  Remaining client fds: 1
Client pids: 1302484
Server will shut down after all clients exit.
Server refused shutdown.  Remaining client fds: 1
Client pids: 1316964
Server will shut down after all clients exit.
Server refused shutdown.  Remaining client fds: 1
Client pids: 1320918
Server will shut down after all clients exit.
Server refused shutdown.  Remaining client fds: 1
Client pids: 1323747
Server will shut down after all clients exit.
Server refused shutdown.  Remaining client fds: 1
Client pids: 1327613
Server will shut down after all clients exit.
Server refused shutdown.  Remaining client fds: 1
Client pids: 1329264
Server will shut down after all clients exit.
Server refused shutdown.  Remaining client fds: 1
Client pids: 1332777
Server will shut down after all clients exit.
Server refused shutdown.  Remaining client fds: 1
Client pids: 1333708
Server will shut down after all clients exit.
Server refused shutdown.  Remaining client fds: 1
Client pids: 1333326
Server will shut down after all clients exit.
Server refused shutdown.  Remaining client fds: 1
Client pids: 1334316
Server will shut down after all clients exit.
Server refused shutdown.  Remaining client fds: 2
Client pids: 1334572
Server will shut down after all clients exit.
Server refused shutdown.  Remaining client fds: 1
Client pids: 1334572
Server will shut down after all clients exit.
566659 00:24:38.456425 Processing Client
566659 00:24:38.456539 Disconnecting Client
566659 00:24:38.457425 No timeout, exiting.
566659 00:24:38.566851 Exiting
566659 00:24:38.576249 Original lockfile contents: ['566659\n']
566659 00:24:38.576980 Exiting as we could obtain the lock
sys:1: ResourceWarning: unclosed file <_io.TextIOWrapper name='/home/vbharath/aesd_final_project/build/bitbake-cookerdaemon.log' mode='a+' encoding='UTF-8'>
